path	variant	line	kind	name
Grass/ABI/Win64/Convention.lean	113f938007b7	62	inductive	Volatility
Grass/ABI/Win64/Convention.lean	113f938007b7	79	def	volatility
Grass/ABI/Win64/Convention.lean	113f938007b7	116	def	volatileRegisters
Grass/ABI/Win64/Convention.lean	113f938007b7	119	def	nonvolatileRegisters
Grass/ABI/Win64/Convention.lean	113f938007b7	123	theorem	volatility_total
Grass/ABI/Win64/Convention.lean	113f938007b7	128	theorem	volatile_not_nonvolatile
Grass/ABI/Win64/Convention.lean	113f938007b7	135	theorem	classification_covers_all
Grass/ABI/Win64/Convention.lean	113f938007b7	140	theorem	rsi_rdi_nonvolatile
Grass/ABI/Win64/Convention.lean	113f938007b7	157	def	argumentRegister
Grass/ABI/Win64/Convention.lean	113f938007b7	166	def	argumentRegisters
Grass/ABI/Win64/Convention.lean	113f938007b7	169	def	registerArgumentCount
Grass/ABI/Win64/Convention.lean	113f938007b7	171	theorem	argumentRegister_beyond
Grass/ABI/Win64/Convention.lean	113f938007b7	182	theorem	argumentRegisters_volatile
Grass/ABI/Win64/Convention.lean	113f938007b7	187	theorem	argumentRegister_injective
Grass/ABI/Win64/Convention.lean	113f938007b7	209	def	shadowSpaceBytes
Grass/ABI/Win64/Convention.lean	113f938007b7	212	theorem	shadowSpace_matches_argumentRegisters
Grass/ABI/Win64/Convention.lean	113f938007b7	216	def	stackAlignment
Grass/ABI/Win64/Convention.lean	113f938007b7	226	def	entryMisalignment
Grass/ABI/Win64/Convention.lean	113f938007b7	228	theorem	entryMisalignment_lt_alignment
Grass/ABI/Win64/Convention.lean	113f938007b7	237	def	rspAfterPrologue
Grass/ABI/Win64/Convention.lean	113f938007b7	242	def	AlignedForCall
Grass/ABI/Win64/Convention.lean	113f938007b7	255	theorem	odd_pushes_align
Grass/ABI/Win64/Convention.lean	113f938007b7	260	theorem	even_pushes_misalign
Grass/ABI/Win64/Convention.lean	113f938007b7	268	structure	CallFrameLayout
Grass/ABI/Win64/Convention.lean	113f938007b7	277	def	Admissible
Grass/ABI/Win64/Convention.lean	113f938007b7	284	def	alignUp
Grass/ABI/Win64/Convention.lean	113f938007b7	288	def	stackArgumentBytes
Grass/ABI/Win64/Convention.lean	113f938007b7	292	def	localOffset
Grass/ABI/Win64/Convention.lean	113f938007b7	296	def	usedCallAllocationBytes
Grass/ABI/Win64/Convention.lean	113f938007b7	301	def	callAllocationBytes
Grass/ABI/Win64/Convention.lean	113f938007b7	307	def	totalFrameBytes
Grass/ABI/Win64/Convention.lean	113f938007b7	312	def	savedRegisterOffset
Grass/ABI/Win64/Convention.lean	113f938007b7	315	theorem	stackArguments_end_before_local
Grass/ABI/Win64/Convention.lean	113f938007b7	320	theorem	localOffset_aligned
Grass/ABI/Win64/Convention.lean	113f938007b7	344	theorem	allocation_contains_local
Grass/ABI/Win64/Convention.lean	113f938007b7	349	theorem	callAllocation_aligned
Grass/ABI/Win64/Convention.lean	113f938007b7	355	theorem	savedRegisterOffset_at_or_above_allocation
Grass/ABI/Win64/Convention.lean	113f938007b7	362	theorem	savedRegisterSlot_fits
Grass/ABI/Win64/Convention.lean	113f938007b7	370	theorem	savedRegisterSlots_ordered
Grass/ABI/Win64/Convention.lean	113f938007b7	377	theorem	savedRegisterSlots_disjoint
Grass/ABI/Win64/Convention.lean	113f938007b7	389	def	spike1SavedRegisters
Grass/ABI/Win64/Convention.lean	113f938007b7	392	def	spike1FrameLayout
Grass/ABI/Win64/Convention.lean	113f938007b7	398	theorem	spike1FrameLayout_admissible
Grass/ABI/Win64/Convention.lean	113f938007b7	402	def	spike1CallAllocationBytes
Grass/ABI/Win64/Convention.lean	113f938007b7	404	theorem	spike1_stackArgumentBytes
Grass/ABI/Win64/Convention.lean	113f938007b7	405	theorem	spike1_localOffset
Grass/ABI/Win64/Convention.lean	113f938007b7	406	theorem	spike1_callAllocationBytes
Grass/ABI/Win64/Convention.lean	113f938007b7	407	theorem	spike1_totalFrameBytes
Grass/ABI/Win64/Convention.lean	113f938007b7	409	theorem	spike1_savedRegisterOffsets
Grass/ABI/Win64/Convention.lean	113f938007b7	415	theorem	spike1_prologue_aligned
Grass/ABI/Win64/Convention.lean	113f938007b7	422	theorem	spike1_prologue_aligned_without_shadow
Grass/ABI/Win64/Unwind.lean	5cd62e2f8a62	90	def	regNibble
Grass/ABI/Win64/Unwind.lean	5cd62e2f8a62	98	inductive	UnwindOp
Grass/ABI/Win64/Unwind.lean	5cd62e2f8a62	123	def	opcode
Grass/ABI/Win64/Unwind.lean	5cd62e2f8a62	137	def	slots
Grass/ABI/Win64/Unwind.lean	5cd62e2f8a62	144	theorem	slots_pos
Grass/ABI/Win64/Unwind.lean	5cd62e2f8a62	148	def	stackDelta
Grass/ABI/Win64/Unwind.lean	5cd62e2f8a62	184	def	opInfo
Grass/ABI/Win64/Unwind.lean	5cd62e2f8a62	197	def	SmallAllocEncodable
Grass/ABI/Win64/Unwind.lean	5cd62e2f8a62	204	def	LargeAllocEncodable
Grass/ABI/Win64/Unwind.lean	5cd62e2f8a62	226	def	Encodable
Grass/ABI/Win64/Unwind.lean	5cd62e2f8a62	244	theorem	push_volatile_not_encodable
Grass/ABI/Win64/Unwind.lean	5cd62e2f8a62	258	theorem	push_rsp_not_encodable
Grass/ABI/Win64/Unwind.lean	5cd62e2f8a62	263	theorem	unaligned_alloc_not_encodable
Grass/ABI/Win64/Unwind.lean	5cd62e2f8a62	282	structure	Prologue
Grass/ABI/Win64/Unwind.lean	5cd62e2f8a62	290	def	Encodable
Grass/ABI/Win64/Unwind.lean	5cd62e2f8a62	296	def	stackDelta
Grass/ABI/Win64/Unwind.lean	5cd62e2f8a62	299	def	slots
Grass/ABI/Win64/Unwind.lean	5cd62e2f8a62	307	def	codes
Grass/ABI/Win64/Unwind.lean	5cd62e2f8a62	309	theorem	codes_length
Grass/ABI/Win64/Unwind.lean	5cd62e2f8a62	313	theorem	codes_slots
Grass/ABI/Win64/Unwind.lean	5cd62e2f8a62	329	theorem	codes_stackDelta
Grass/ABI/Win64/Unwind.lean	5cd62e2f8a62	351	def	countOfCodes
Grass/ABI/Win64/Unwind.lean	5cd62e2f8a62	355	def	arraySlots
Grass/ABI/Win64/Unwind.lean	5cd62e2f8a62	357	theorem	arraySlots_even
Grass/ABI/Win64/Unwind.lean	5cd62e2f8a62	361	theorem	arraySlots_ge_countOfCodes
Grass/ABI/Win64/Unwind.lean	5cd62e2f8a62	368	theorem	arraySlots_le_countOfCodes_succ
Grass/ABI/Win64/Unwind.lean	5cd62e2f8a62	374	def	establishesFramePointer
Grass/ABI/Win64/Unwind.lean	5cd62e2f8a62	400	def	frameSpecIs
Grass/ABI/Win64/Unwind.lean	5cd62e2f8a62	410	theorem	frameSpecIs_iff
Grass/ABI/Win64/Unwind.lean	5cd62e2f8a62	432	theorem	regNibble_ne_zero
Grass/ABI/Win64/Unwind.lean	5cd62e2f8a62	447	def	spike1Prologue
Grass/ABI/Win64/Unwind.lean	5cd62e2f8a62	453	theorem	spike1Prologue_encodable
Grass/ABI/Win64/Unwind.lean	5cd62e2f8a62	457	theorem	spike1Prologue_stackDelta_eq_totalFrameBytes
Grass/ABI/Win64/Unwind.lean	5cd62e2f8a62	461	theorem	spike1Prologue_stackDelta
Grass/ABI/Win64/Unwind.lean	5cd62e2f8a62	466	theorem	spike1Prologue_countOfCodes
Grass/ABI/Win64/Unwind.lean	5cd62e2f8a62	469	theorem	spike1Prologue_no_framePointer
Grass/ABI/Win64/Unwind.lean	5cd62e2f8a62	481	theorem	spike1Prologue_agrees_with_frame
Grass/ABI/Win64/UnwindBytes.lean	e927c51971b9	81	def	ascends
Grass/ABI/Win64/UnwindBytes.lean	e927c51971b9	87	def	Ascends
Grass/ABI/Win64/UnwindBytes.lean	e927c51971b9	93	theorem	ascends_nil
Grass/ABI/Win64/UnwindBytes.lean	e927c51971b9	95	theorem	ascends_singleton
Grass/ABI/Win64/UnwindBytes.lean	e927c51971b9	100	theorem	Ascends.tail
Grass/ABI/Win64/UnwindBytes.lean	e927c51971b9	118	structure	PlacedOp
Grass/ABI/Win64/UnwindBytes.lean	e927c51971b9	134	def	toBytes
Grass/ABI/Win64/UnwindBytes.lean	e927c51971b9	148	theorem	length_toBytes
Grass/ABI/Win64/UnwindBytes.lean	e927c51971b9	156	theorem	toBytes_head
Grass/ABI/Win64/UnwindBytes.lean	e927c51971b9	173	structure	Layout
Grass/ABI/Win64/UnwindBytes.lean	e927c51971b9	183	def	prologue
Grass/ABI/Win64/UnwindBytes.lean	e927c51971b9	186	def	offsets
Grass/ABI/Win64/UnwindBytes.lean	e927c51971b9	224	def	WellFormed
Grass/ABI/Win64/UnwindBytes.lean	e927c51971b9	238	theorem	zero_codeOffset_not_wellFormed
Grass/ABI/Win64/UnwindBytes.lean	e927c51971b9	248	def	codeBytes
Grass/ABI/Win64/UnwindBytes.lean	e927c51971b9	260	def	padding
Grass/ABI/Win64/UnwindBytes.lean	e927c51971b9	264	theorem	length_flatten_toBytes
Grass/ABI/Win64/UnwindBytes.lean	e927c51971b9	275	theorem	length_codeBytes
Grass/ABI/Win64/UnwindBytes.lean	e927c51971b9	292	theorem	length_codeBytes_append_padding
Grass/ABI/Win64/UnwindBytes.lean	e927c51971b9	307	theorem	length_codeBytes_append_padding_ge
Grass/ABI/Win64/UnwindBytes.lean	e927c51971b9	315	theorem	codeBytes_padding_aligned
Grass/ABI/Win64/UnwindBytes.lean	e927c51971b9	338	inductive	UnwindTail
Grass/ABI/Win64/UnwindBytes.lean	e927c51971b9	356	def	flags
Grass/ABI/Win64/UnwindBytes.lean	e927c51971b9	364	def	handlerRva
Grass/ABI/Win64/UnwindBytes.lean	e927c51971b9	372	def	toBytes
Grass/ABI/Win64/UnwindBytes.lean	e927c51971b9	386	theorem	handler_flag_iff_handler
Grass/ABI/Win64/UnwindBytes.lean	e927c51971b9	397	theorem	chained_has_no_handler
Grass/ABI/Win64/UnwindBytes.lean	e927c51971b9	404	theorem	length_toBytes_aligned
Grass/ABI/Win64/UnwindBytes.lean	e927c51971b9	418	theorem	default_eq_noHandler
Grass/ABI/Win64/UnwindBytes.lean	e927c51971b9	433	structure	FrameSpec
Grass/ABI/Win64/UnwindBytes.lean	e927c51971b9	441	def	FrameSpec.declared
Grass/ABI/Win64/UnwindBytes.lean	e927c51971b9	479	structure	UnwindInfo
Grass/ABI/Win64/UnwindBytes.lean	e927c51971b9	514	def	mk?
Grass/ABI/Win64/UnwindBytes.lean	e927c51971b9	532	theorem	mk?_isSome_iff
Grass/ABI/Win64/UnwindBytes.lean	e927c51971b9	564	theorem	mk?_eq_some
Grass/ABI/Win64/UnwindBytes.lean	e927c51971b9	591	def	version
Grass/ABI/Win64/UnwindBytes.lean	e927c51971b9	600	def	toBytes
Grass/ABI/Win64/UnwindBytes.lean	e927c51971b9	608	theorem	length_toBytes
Grass/ABI/Win64/UnwindBytes.lean	e927c51971b9	623	theorem	length_toBytes_aligned
Grass/ABI/Win64/UnwindBytes.lean	e927c51971b9	644	theorem	framePointer_not_rax
Grass/ABI/Win64/UnwindBytes.lean	e927c51971b9	662	theorem	frameOffset_agrees
Grass/ABI/Win64/UnwindBytes.lean	e927c51971b9	668	theorem	version_eq_one
Grass/ABI/Win64/UnwindBytes.lean	e927c51971b9	671	theorem	version_byte
Grass/ABI/Win64/UnwindBytes.lean	e927c51971b9	678	theorem	flags_byte
Grass/ABI/Win64/UnwindBytes.lean	e927c51971b9	686	theorem	frameRegister_byte
Grass/ABI/Win64/UnwindBytes.lean	e927c51971b9	693	theorem	frameOffset_byte
Grass/ABI/Win64/UnwindBytes.lean	e927c51971b9	704	structure	RuntimeFunction
Grass/ABI/Win64/UnwindBytes.lean	e927c51971b9	716	def	toBytes
Grass/ABI/Win64/UnwindBytes.lean	e927c51971b9	719	theorem	length_toBytes
Grass/ABI/Win64/UnwindBytes.lean	e927c51971b9	723	def	Nonempty
Grass/ABI/Win64/UnwindBytes.lean	e927c51971b9	742	def	PointsOutside
Grass/ABI/Win64/UnwindBytes.lean	e927c51971b9	757	structure	PdataSection
Grass/ABI/Win64/UnwindBytes.lean	e927c51971b9	780	def	separated
Grass/ABI/Win64/UnwindBytes.lean	e927c51971b9	786	def	Separated
Grass/ABI/Win64/UnwindBytes.lean	e927c51971b9	798	def	WellFormed
Grass/ABI/Win64/UnwindBytes.lean	e927c51971b9	807	theorem	bad_unwindInfo_refused
Grass/ABI/Win64/UnwindBytes.lean	e927c51971b9	814	theorem	ascends_of_separated
Grass/ABI/Win64/UnwindBytes.lean	e927c51971b9	840	theorem	WellFormed.ascends
Grass/ABI/Win64/UnwindBytes.lean	e927c51971b9	845	def	toBytes
Grass/ABI/Win64/UnwindBytes.lean	e927c51971b9	849	theorem	length_toBytes
Grass/ABI/Win64/UnwindBytes.lean	e927c51971b9	861	theorem	WellFormed.tail
Grass/ABI/Win64/UnwindBytes.lean	e927c51971b9	881	theorem	enclosing_not_wellFormed
Grass/ABI/Win64/UnwindBytes.lean	e927c51971b9	889	theorem	adjacent_wellFormed
Grass/ABI/Win64/UnwindBytes.lean	e927c51971b9	897	theorem	descending_not_wellFormed
Grass/ABI/Win64/UnwindBytes.lean	e927c51971b9	919	structure	SearchablePdata
Grass/ABI/Win64/UnwindBytes.lean	e927c51971b9	928	def	mk?
Grass/ABI/Win64/UnwindBytes.lean	e927c51971b9	932	theorem	mk?_isSome_iff
Grass/ABI/Win64/UnwindBytes.lean	e927c51971b9	940	def	toBytes
Grass/ABI/Win64/UnwindBytes.lean	e927c51971b9	943	theorem	length_toBytes
Grass/ABI/Win64/UnwindBytes.lean	e927c51971b9	949	theorem	enclosing_refused
Grass/ABI/Win64/UnwindBytes.lean	e927c51971b9	971	def	spike1Layout
Grass/ABI/Win64/UnwindBytes.lean	e927c51971b9	980	theorem	spike1Layout_wellFormed
Grass/ABI/Win64/UnwindBytes.lean	e927c51971b9	983	theorem	spike1Layout_prologue
Grass/ABI/Win64/UnwindBytes.lean	e927c51971b9	986	theorem	spike1Layout_padding
Grass/ABI/Win64/UnwindBytes.lean	e927c51971b9	989	def	spike1UnwindInfo
Grass/ABI/Win64/UnwindBytes.lean	e927c51971b9	1007	def	framePointerLayout
Grass/ABI/Win64/UnwindBytes.lean	e927c51971b9	1012	theorem	framePointerLayout_accepted
Grass/ABI/Win64/UnwindBytes.lean	e927c51971b9	1025	theorem	bogus_frameOffset_refused
Grass/ABI/Win64/UnwindBytes.lean	e927c51971b9	1031	theorem	bogus_frameRegister_refused
Grass/ABI/Win64/UnwindBytes.lean	e927c51971b9	1048	theorem	spike1UnwindInfo_toBytes
Grass/ABI/Win64/UnwindBytes.lean	e927c51971b9	1058	theorem	spike1UnwindInfo_length
Grass/Assembly/ByteLayout.lean	139b153159bc	9	def	offset
Grass/Assembly/ByteLayout.lean	139b153159bc	11	theorem	offset_zero
Grass/Assembly/ByteLayout.lean	139b153159bc	14	theorem	offset_succ
Grass/Assembly/ByteLayout.lean	139b153159bc	20	theorem	offset_end
Grass/Assembly/ByteLayout.lean	139b153159bc	23	theorem	offset_le_total
Grass/Assembly/ByteLayout.lean	139b153159bc	29	theorem	item_end_le_total
Grass/Assembly/ByteLayout.lean	139b153159bc	34	theorem	offset_lt_total
Grass/Assembly/ByteLayout.lean	139b153159bc	39	theorem	offset_prepend
Grass/Assembly/ByteLayout.lean	139b153159bc	55	def	sizes
Grass/Assembly/ByteLayout.lean	139b153159bc	57	def	emitted
Grass/Assembly/ByteLayout.lean	139b153159bc	60	theorem	emitted_length
Grass/Assembly/ByteLayout.lean	139b153159bc	67	theorem	emitted_prefix_length
Grass/Assembly/ByteLayout.lean	139b153159bc	72	theorem	instruction_size_pos
Grass/Assembly/CodeWriteFrame.lean	85da6f61727b	13	theorem	push_allocation
Grass/Assembly/CodeWriteFrame.lean	85da6f61727b	29	theorem	push_cell
Grass/Assembly/CodeWriteFrame.lean	85da6f61727b	51	theorem	call_allocation
Grass/Assembly/CodeWriteFrame.lean	85da6f61727b	68	theorem	call_cell
Grass/Assembly/FrameAddressing.lean	f4b24597695c	25	def	effectiveAddress
Grass/Assembly/FrameAddressing.lean	f4b24597695c	29	theorem	signExtend_displacement
Grass/Assembly/FrameAddressing.lean	f4b24597695c	44	theorem	address_correspondence
Grass/Assembly/FrameAddressing.lean	f4b24597695c	99	theorem	addressAt?_eq_effectiveAddress
Grass/Assembly/FrameAllocation.lean	b021ab0d220e	11	structure	Resolved
Grass/Assembly/FrameAllocation.lean	b021ab0d220e	17	def	resolve?
Grass/Assembly/FrameAllocation.lean	b021ab0d220e	38	def	Resolved.encoding
Grass/Assembly/FrameAllocation.lean	b021ab0d220e	41	theorem	resolve?_layout
Grass/Assembly/FrameAllocation.lean	b021ab0d220e	50	theorem	immediate_exact
Grass/Assembly/FrameAllocation.lean	b021ab0d220e	54	theorem	operand_agrees_with_alignment
Grass/Assembly/FrameAllocation.lean	b021ab0d220e	59	theorem	encoding_decodes
Grass/Assembly/FrameAllocationExecution.lean	1c09897ad390	14	theorem	allocation_encoding_of_observation
Grass/Assembly/FrameAllocationExecution.lean	1c09897ad390	23	theorem	prologue_encoding_of_observation
Grass/Assembly/FrameAllocationExecution.lean	1c09897ad390	33	theorem	rsp_allocation_exact
Grass/Assembly/FrameAllocationExecution.lean	1c09897ad390	41	theorem	fetched_allocation_bytes
Grass/Assembly/FrameAllocationExecution.lean	1c09897ad390	50	theorem	rsp_allocation_natural
Grass/Assembly/FrameAllocationExecution.lean	1c09897ad390	66	theorem	source_prologue_allocation
Grass/Assembly/FrameArgument.lean	5ea661b43a89	15	structure	Result
Grass/Assembly/FrameArgument.lean	5ea661b43a89	41	def	Result.displacement
Grass/Assembly/FrameArgument.lean	5ea661b43a89	44	def	Result.range
Grass/Assembly/FrameArgument.lean	5ea661b43a89	47	def	resolve?
Grass/Assembly/FrameArgument.lean	5ea661b43a89	90	theorem	Result.index_bounded
Grass/Assembly/FrameArgument.lean	5ea661b43a89	93	theorem	resolve?_source
Grass/Assembly/FrameArgument.lean	5ea661b43a89	112	theorem	Result.signed_immediate
Grass/Assembly/FrameArgument.lean	5ea661b43a89	123	theorem	Result.signed_displacement
Grass/Assembly/FrameArgument.lean	5ea661b43a89	135	theorem	Result.stack_contains
Grass/Assembly/FrameArgument.lean	5ea661b43a89	146	theorem	Result.frame_contains
Grass/Assembly/FrameArgument.lean	5ea661b43a89	151	theorem	Result.disjoint_local
Grass/Assembly/FrameArgument.lean	5ea661b43a89	157	theorem	Result.encoding_decodes
Grass/Assembly/FrameArgumentAddressing.lean	a4275b359206	21	def	effectiveAddress
Grass/Assembly/FrameArgumentAddressing.lean	a4275b359206	25	theorem	signExtend_displacement
Grass/Assembly/FrameArgumentAddressing.lean	a4275b359206	35	theorem	signExtend_immediate
Grass/Assembly/FrameArgumentAddressing.lean	a4275b359206	51	theorem	address_correspondence
Grass/Assembly/FrameArgumentAddressing.lean	a4275b359206	107	theorem	addressAt?_eq_effectiveAddress
Grass/Assembly/FrameLea.lean	45e7da9aea90	13	structure	Result
Grass/Assembly/FrameLea.lean	45e7da9aea90	28	def	resolve?
Grass/Assembly/FrameLea.lean	45e7da9aea90	46	theorem	resolve?_source
Grass/Assembly/FrameLea.lean	45e7da9aea90	58	theorem	Result.range_in_frame
Grass/Assembly/FrameLea.lean	45e7da9aea90	65	theorem	Result.local_width
Grass/Assembly/FrameLea.lean	45e7da9aea90	68	theorem	Result.signed_displacement
Grass/Assembly/FrameLea.lean	45e7da9aea90	73	theorem	Result.encoding_decodes
Grass/Assembly/FrameLoad.lean	0de402ae7141	11	structure	Result
Grass/Assembly/FrameLoad.lean	0de402ae7141	26	def	resolve?
Grass/Assembly/FrameLoad.lean	0de402ae7141	43	theorem	resolve?_source
Grass/Assembly/FrameLoad.lean	0de402ae7141	55	theorem	Result.range_in_frame
Grass/Assembly/FrameLoad.lean	0de402ae7141	61	theorem	Result.load_width
Grass/Assembly/FrameLoad.lean	0de402ae7141	64	theorem	Result.encoding_decodes
Grass/Assembly/FrameMemoryExecution.lean	3409dbbd8e2d	20	inductive	StoreInstruction
Grass/Assembly/FrameMemoryExecution.lean	3409dbbd8e2d	28	def	isa
Grass/Assembly/FrameMemoryExecution.lean	3409dbbd8e2d	35	def	output
Grass/Assembly/FrameMemoryExecution.lean	3409dbbd8e2d	40	def	payload
Grass/Assembly/FrameMemoryExecution.lean	3409dbbd8e2d	45	def	encoding
Grass/Assembly/FrameMemoryExecution.lean	3409dbbd8e2d	50	theorem	output_encoding
Grass/Assembly/FrameMemoryExecution.lean	3409dbbd8e2d	57	def	encoded
Grass/Assembly/FrameMemoryExecution.lean	3409dbbd8e2d	70	theorem	isa_payload
Grass/Assembly/FrameMemoryExecution.lean	3409dbbd8e2d	74	def	range
Grass/Assembly/FrameMemoryExecution.lean	3409dbbd8e2d	79	def	rspRootOffset
Grass/Assembly/FrameMemoryExecution.lean	3409dbbd8e2d	84	def	displacement
Grass/Assembly/FrameMemoryExecution.lean	3409dbbd8e2d	89	theorem	payload_width
Grass/Assembly/FrameMemoryExecution.lean	3409dbbd8e2d	95	theorem	range_start
Grass/Assembly/FrameMemoryExecution.lean	3409dbbd8e2d	100	theorem	isa_width
Grass/Assembly/FrameMemoryExecution.lean	3409dbbd8e2d	104	theorem	isa_displacement
Grass/Assembly/FrameMemoryExecution.lean	3409dbbd8e2d	109	theorem	signed_displacement
Grass/Assembly/FrameMemoryExecution.lean	3409dbbd8e2d	126	structure	StoreNormal
Grass/Assembly/FrameMemoryExecution.lean	3409dbbd8e2d	149	theorem	selected_encoding
Grass/Assembly/FrameMemoryExecution.lean	3409dbbd8e2d	156	theorem	address_exact
Grass/Assembly/FrameMemoryExecution.lean	3409dbbd8e2d	168	def	execution
Grass/Assembly/FrameMemoryExecution.lean	3409dbbd8e2d	189	theorem	written_exact
Grass/Assembly/FrameMemoryExecution.lean	3409dbbd8e2d	198	theorem	memory_written
Grass/Assembly/FrameMemoryExecution.lean	3409dbbd8e2d	213	theorem	stored_cell
Grass/Assembly/FrameMemoryExecution.lean	3409dbbd8e2d	226	def	result
Grass/Assembly/FrameMemoryExecution.lean	3409dbbd8e2d	231	theorem	gpr_frame
Grass/Assembly/FrameMemoryExecution.lean	3409dbbd8e2d	240	structure	LoadNormal
Grass/Assembly/FrameMemoryExecution.lean	3409dbbd8e2d	260	theorem	rsp_toNat
Grass/Assembly/FrameMemoryExecution.lean	3409dbbd8e2d	277	def	isa
Grass/Assembly/FrameMemoryExecution.lean	3409dbbd8e2d	283	def	encoded
Grass/Assembly/FrameMemoryExecution.lean	3409dbbd8e2d	289	theorem	selected_encoding
Grass/Assembly/FrameMemoryExecution.lean	3409dbbd8e2d	296	def	read
Grass/Assembly/FrameMemoryExecution.lean	3409dbbd8e2d	308	theorem	address_exact
Grass/Assembly/FrameMemoryExecution.lean	3409dbbd8e2d	321	def	execution
Grass/Assembly/FrameMemoryExecution.lean	3409dbbd8e2d	340	def	result
Grass/Assembly/FrameMemoryExecution.lean	3409dbbd8e2d	345	theorem	loaded_value
Grass/Assembly/FrameMemoryExecution.lean	3409dbbd8e2d	351	theorem	clears_high
Grass/Assembly/FrameMemoryExecution.lean	3409dbbd8e2d	357	theorem	memory_frame
Grass/Assembly/FrameMemorySource.lean	378dbd4cdf9b	15	theorem	getElem?_bound
Grass/Assembly/FrameMemorySource.lean	378dbd4cdf9b	19	theorem	storeInput_eq_of_resolve?
Grass/Assembly/FrameMemorySource.lean	378dbd4cdf9b	32	def	Result.outputAtOrigin
Grass/Assembly/FrameMemorySource.lean	378dbd4cdf9b	41	theorem	Result.outputAtOrigin_member
Grass/Assembly/FrameMemorySource.lean	378dbd4cdf9b	52	theorem	Result.outputAtOrigin_index
Grass/Assembly/FrameMemorySource.lean	378dbd4cdf9b	66	theorem	Result.outputAtOrigin_origin
Grass/Assembly/FrameMemorySource.lean	378dbd4cdf9b	77	theorem	Result.output_of_originAt
Grass/Assembly/FrameMemorySource.lean	378dbd4cdf9b	88	theorem	Output.encoding_eq_of_origin_encoded
Grass/Assembly/FrameMemorySource.lean	378dbd4cdf9b	134	structure	StoreSelection
Grass/Assembly/FrameMemorySource.lean	378dbd4cdf9b	163	def	Result.storeSelectionOfSourceAt
Grass/Assembly/FrameMemorySource.lean	378dbd4cdf9b	201	theorem	Result.storeSelectionOfSourceAt_store
Grass/Assembly/FrameMemorySource.lean	378dbd4cdf9b	211	theorem	Result.storeSelection_of_sourceAt
Grass/Assembly/FrameMemorySource.lean	378dbd4cdf9b	221	def	Result.storeSelectionOfInitializerAt
Grass/Assembly/FrameMemorySource.lean	378dbd4cdf9b	251	theorem	Result.storeSelectionOfInitializerAt_store
Grass/Assembly/FrameMemorySource.lean	378dbd4cdf9b	259	theorem	Result.storeSelection_of_initializer
Grass/Assembly/FrameMemorySource.lean	378dbd4cdf9b	268	structure	LoadSelection
Grass/Assembly/FrameMemorySource.lean	378dbd4cdf9b	282	def	Result.loadSelectionOfSourceAt
Grass/Assembly/FrameMemorySource.lean	378dbd4cdf9b	305	theorem	Result.loadSelectionOfSourceAt_result
Grass/Assembly/FrameMemorySource.lean	378dbd4cdf9b	314	theorem	Result.loadSelection_of_sourceAt
Grass/Assembly/FrameMemorySource.lean	378dbd4cdf9b	323	structure	ArgumentSelection
Grass/Assembly/FrameMemorySource.lean	378dbd4cdf9b	337	def	Result.argumentSelectionOfSourceAt
Grass/Assembly/FrameMemorySource.lean	378dbd4cdf9b	362	theorem	Result.argumentSelectionOfSourceAt_result
Grass/Assembly/FrameMemorySource.lean	378dbd4cdf9b	372	theorem	Result.argumentSelection_of_sourceAt
Grass/Assembly/FrameStore.lean	060630e12e7c	10	def	resolve?
Grass/Assembly/FrameStore.lean	060630e12e7c	21	theorem	resolve?_source
Grass/Assembly/FrameStore.lean	060630e12e7c	43	theorem	resolve?_range_in_frame
Grass/Assembly/FrameStore.lean	060630e12e7c	50	theorem	resolve?_encoding_decodes
Grass/Assembly/LoadedCodeRoot.lean	4120faa01efe	16	theorem	code_stack_distinct
Grass/Assembly/LoadedCodeRoot.lean	4120faa01efe	39	theorem	source_fallthrough_bound
Grass/Assembly/LoadedCodeRoot.lean	4120faa01efe	61	theorem	codeRegion_address
Grass/Assembly/LoadedCodeRoot.lean	4120faa01efe	84	theorem	codeRegion_contains
Grass/Assembly/LoadedCodeRoot.lean	4120faa01efe	108	theorem	region_eq_of_contains
Grass/Assembly/LoadedCodeRoot.lean	4120faa01efe	173	theorem	codeRoot?_isSome
Grass/Assembly/LoadedCodeRoot.lean	4120faa01efe	192	theorem	codeRoot?_region
Grass/Assembly/LoadedCodeRoot.lean	4120faa01efe	205	theorem	codeRoot?_provenance_root
Grass/Assembly/LoadedFetchObservation.lean	b110a5b4babc	17	theorem	observed_source
Grass/Assembly/LoadedStaticArgument.lean	0dbfb498476a	18	structure	Prepared
Grass/Assembly/LoadedStaticArgument.lean	0dbfb498476a	64	def	prepare?
Grass/Assembly/LoadedStaticArgument.lean	0dbfb498476a	156	theorem	Prepared.bytes_eq_remaining
Grass/Assembly/LoadedStaticArgument.lean	0dbfb498476a	166	theorem	Prepared.cells
Grass/Assembly/LocalAddress.lean	3b60d3345c34	13	structure	Result
Grass/Assembly/LocalAddress.lean	3b60d3345c34	24	def	resolve?
Grass/Assembly/LocalAddress.lean	3b60d3345c34	37	def	Result.displacement
Grass/Assembly/LocalAddress.lean	3b60d3345c34	38	def	Result.operand
Grass/Assembly/LocalAddress.lean	3b60d3345c34	40	def	Result.range
Grass/Assembly/LocalAddress.lean	3b60d3345c34	43	theorem	resolve?_exact
Grass/Assembly/LocalAddress.lean	3b60d3345c34	59	theorem	Result.signed_displacement
Grass/Assembly/LocalAddress.lean	3b60d3345c34	72	theorem	Result.range_in_frame
Grass/Assembly/PrologueExecution.lean	ccbd0d723a5a	13	inductive	PushRun
Grass/Assembly/PrologueExecution.lean	ccbd0d723a5a	24	def	count
Grass/Assembly/PrologueExecution.lean	ccbd0d723a5a	30	theorem	count_exact
Grass/Assembly/PrologueExecution.lean	ccbd0d723a5a	38	theorem	stack_fits
Grass/Assembly/PrologueExecution.lean	ccbd0d723a5a	50	theorem	rsp_toNat
Grass/Assembly/PrologueExecution.lean	ccbd0d723a5a	63	theorem	gpr_frame
Grass/Assembly/PrologueExecution.lean	ccbd0d723a5a	73	theorem	events_append
Grass/Assembly/PrologueExecution.lean	ccbd0d723a5a	91	structure	Result
Grass/Assembly/PrologueExecution.lean	ccbd0d723a5a	104	theorem	Result.totalFrame_fits
Grass/Assembly/PrologueExecution.lean	ccbd0d723a5a	115	theorem	Result.rsp_totalFrameBytes
Grass/Assembly/PrologueExecution.lean	ccbd0d723a5a	130	theorem	Result.gpr_frame
Grass/Assembly/PrologueExecution.lean	ccbd0d723a5a	138	theorem	Result.rflags_exact
Grass/Assembly/PrologueExecution.lean	ccbd0d723a5a	146	theorem	Result.events_append
Grass/Assembly/PrologueFactory.lean	5a3f0d708ef6	15	inductive	Reason
Grass/Assembly/PrologueFactory.lean	5a3f0d708ef6	23	structure	Failure
Grass/Assembly/PrologueFactory.lean	5a3f0d708ef6	27	def	fetchFailureReached
Grass/Assembly/PrologueFactory.lean	5a3f0d708ef6	32	def	pushFailureReached
Grass/Assembly/PrologueFactory.lean	5a3f0d708ef6	39	def	computationFailureReached
Grass/Assembly/PrologueFactory.lean	5a3f0d708ef6	44	structure	PushSuccess
Grass/Assembly/PrologueFactory.lean	5a3f0d708ef6	48	def	runPushes
Grass/Assembly/PrologueFactory.lean	5a3f0d708ef6	70	def	execute
Grass/Assembly/RipRelative.lean	97a1f5e19495	12	inductive	Kind
Grass/Assembly/RipRelative.lean	97a1f5e19495	17	def	encode?
Grass/Assembly/RipRelative.lean	97a1f5e19495	22	theorem	encode?_decodes
Grass/Assembly/RipRelative.lean	97a1f5e19495	29	structure	Result
Grass/Assembly/RipRelative.lean	97a1f5e19495	43	def	resolve?
Grass/Assembly/RipRelative.lean	97a1f5e19495	58	theorem	resolve?_exact
Grass/Assembly/RipRelative.lean	97a1f5e19495	69	theorem	Result.target_equation
Grass/Assembly/RipRelative.lean	97a1f5e19495	75	theorem	Result.encoding_decodes
Grass/Assembly/SavedPrefix.lean	4a241ff1d859	18	def	pushedRegister?
Grass/Assembly/SavedPrefix.lean	4a241ff1d859	23	def	splitPushes
Grass/Assembly/SavedPrefix.lean	4a241ff1d859	32	def	IsPushOf
Grass/Assembly/SavedPrefix.lean	4a241ff1d859	39	def	localTakenTargets
Grass/Assembly/SavedPrefix.lean	4a241ff1d859	44	structure	Result
Grass/Assembly/SavedPrefix.lean	4a241ff1d859	60	def	extract?
Grass/Assembly/SavedPrefix.lean	4a241ff1d859	81	theorem	extract?_program
Grass/Assembly/SavedPrefix.lean	4a241ff1d859	96	theorem	Result.prefix_length
Grass/Assembly/SavedPrefix.lean	4a241ff1d859	99	theorem	Result.code_partition
Grass/Assembly/SavedPrefix.lean	4a241ff1d859	102	theorem	Result.prefix_member_is_push
Grass/Assembly/SavedPrefix.lean	4a241ff1d859	106	theorem	Result.register_nonvolatile
Grass/Assembly/SignedRel32.lean	0c7c5cc10502	11	def	lowerBound
Grass/Assembly/SignedRel32.lean	0c7c5cc10502	12	def	upperBound
Grass/Assembly/SignedRel32.lean	0c7c5cc10502	15	def	displacement
Grass/Assembly/SignedRel32.lean	0c7c5cc10502	18	theorem	displacement_translate
Grass/Assembly/SignedRel32.lean	0c7c5cc10502	25	structure	Resolved
Grass/Assembly/SignedRel32.lean	0c7c5cc10502	34	def	resolve?
Grass/Assembly/SignedRel32.lean	0c7c5cc10502	50	theorem	resolve?_bits_translate
Grass/Assembly/SignedRel32.lean	0c7c5cc10502	57	theorem	resolve?_inputs
Grass/Assembly/SignedRel32.lean	0c7c5cc10502	71	theorem	bits_no_truncation
Grass/Assembly/SignedRel32.lean	0c7c5cc10502	78	theorem	target_equation
Grass/Assembly/SignedRel32.lean	0c7c5cc10502	87	theorem	target_equation_of_resolve?
Grass/Assembly/SourceBytes.lean	5f9effb0fa89	11	theorem	emitted_append
Grass/Assembly/SourceBytes.lean	5f9effb0fa89	16	theorem	emitted_drop_offset
Grass/Assembly/SourceBytes.lean	5f9effb0fa89	30	def	Result.bytes
Grass/Assembly/SourceBytes.lean	5f9effb0fa89	34	theorem	Result.bytes_length
Grass/Assembly/SourceBytes.lean	5f9effb0fa89	40	theorem	Result.bytes_at_instruction
Grass/Assembly/SourceBytes.lean	5f9effb0fa89	49	theorem	Result.output_index_at
Grass/Assembly/SourceBytes.lean	5f9effb0fa89	60	theorem	Result.decode_at_instruction
Grass/Assembly/SourceFetch.lean	874bfd0c05c0	23	structure	SourceSite
Grass/Assembly/SourceFetch.lean	874bfd0c05c0	55	theorem	encoding_exact
Grass/Assembly/SourceFetch.lean	874bfd0c05c0	65	theorem	rip_exact
Grass/Assembly/SourceFetch.lean	874bfd0c05c0	99	theorem	completed_event
Grass/Assembly/SourceFetchPolicy.lean	ab1bdce0b0eb	16	theorem	policy_available
Grass/Assembly/SourceFetchPolicy.lean	ab1bdce0b0eb	33	theorem	policy_code_root
Grass/Assembly/SourceFetchPolicy.lean	ab1bdce0b0eb	48	theorem	fetched_code_root
Grass/Assembly/SourceFetchPolicy.lean	ab1bdce0b0eb	68	theorem	fetched_code_base
Grass/Assembly/SourceFetchPolicy.lean	ab1bdce0b0eb	90	theorem	fetched_source_start
Grass/Assembly/SourceFetchPolicy.lean	ab1bdce0b0eb	118	theorem	fetched_source_width
Grass/Assembly/SourceFetched.lean	18979549ab2f	15	theorem	instruction_bytes
Grass/Assembly/SourceFetched.lean	18979549ab2f	33	theorem	instruction_end
Grass/Assembly/SourceFetched.lean	18979549ab2f	46	theorem	instruction_byte
Grass/Assembly/SourceFetched.lean	18979549ab2f	60	theorem	encoding_of_source_observation
Grass/Assembly/SourceFetched.lean	18979549ab2f	75	theorem	encoding_of_code_section_observation
Grass/Assembly/SourceFrame.lean	e069e8816d54	13	def	callFits
Grass/Assembly/SourceFrame.lean	e069e8816d54	19	structure	Result
Grass/Assembly/SourceFrame.lean	e069e8816d54	34	def	derive?
Grass/Assembly/SourceFrame.lean	e069e8816d54	54	def	Result.slots
Grass/Assembly/SourceFrame.lean	e069e8816d54	57	def	Result.layout
Grass/Assembly/SourceFrame.lean	e069e8816d54	60	theorem	derive?_body
Grass/Assembly/SourceFrame.lean	e069e8816d54	72	theorem	Result.layout_arguments
Grass/Assembly/SourceFrame.lean	e069e8816d54	75	theorem	Result.layout_saved
Grass/Assembly/SourceFrame.lean	e069e8816d54	78	theorem	Result.layout_locals
Grass/Assembly/SourceFrame.lean	e069e8816d54	82	theorem	Result.saved_program
Grass/Assembly/SourceFrame.lean	e069e8816d54	85	theorem	Result.layout_admissible
Grass/Assembly/SourceFrame.lean	e069e8816d54	89	theorem	Result.call_arity_bounded
Grass/Assembly/SourceFrameHeader.lean	66ec282963c6	8	structure	Local
Grass/Assembly/SourceFrameHeader.lean	66ec282963c6	13	structure	Header
Grass/Assembly/SourceFrameHeader.lean	66ec282963c6	20	inductive	Token
Grass/Assembly/SourceFrameHeader.lean	66ec282963c6	26	def	asciiLetter
Grass/Assembly/SourceFrameHeader.lean	66ec282963c6	29	def	identFirst
Grass/Assembly/SourceFrameHeader.lean	66ec282963c6	30	def	identRest
Grass/Assembly/SourceFrameHeader.lean	66ec282963c6	31	def	whitespace
Grass/Assembly/SourceFrameHeader.lean	66ec282963c6	34	def	decimalValue?
Grass/Assembly/SourceFrameHeader.lean	66ec282963c6	41	def	lexAux
Grass/Assembly/SourceFrameHeader.lean	66ec282963c6	63	def	lex
Grass/Assembly/SourceFrameHeader.lean	66ec282963c6	66	def	parseLocals
Grass/Assembly/SourceFrameHeader.lean	66ec282963c6	74	def	parseTokens?
Grass/Assembly/SourceFrameHeader.lean	66ec282963c6	84	def	parseChars?
Grass/Assembly/SourceFrameHeader.lean	66ec282963c6	87	def	parse?
Grass/Assembly/SourceImage.lean	1e503ff6cf4f	9	structure	CodeSection
Grass/Assembly/SourceImage.lean	1e503ff6cf4f	17	def	bindCode?
Grass/Assembly/SourceImage.lean	1e503ff6cf4f	29	theorem	CodeSection.instruction_bound
Grass/Assembly/SourceImage.lean	1e503ff6cf4f	39	theorem	CodeSection.instruction_rva
Grass/Assembly/SourceImage.lean	1e503ff6cf4f	51	theorem	CodeSection.decode_at_instruction
Grass/Assembly/SourceImage.lean	1e503ff6cf4f	64	theorem	CodeSection.entry_rva
Grass/Assembly/SourceImportBindings.lean	2cb31d96f56d	13	def	libraryCandidates
Grass/Assembly/SourceImportBindings.lean	2cb31d96f56d	18	structure	LibraryBinding
Grass/Assembly/SourceImportBindings.lean	2cb31d96f56d	25	def	resolveLibrary?
Grass/Assembly/SourceImportBindings.lean	2cb31d96f56d	30	theorem	resolveLibrary?_name
Grass/Assembly/SourceImportBindings.lean	2cb31d96f56d	39	theorem	LibraryBinding.name_bytes
Grass/Assembly/SourceImportBindings.lean	2cb31d96f56d	47	theorem	LibraryBinding.requested_member
Grass/Assembly/SourceImportBindings.lean	2cb31d96f56d	56	def	symbolCandidates
Grass/Assembly/SourceImportBindings.lean	2cb31d96f56d	61	structure	Binding
Grass/Assembly/SourceImportBindings.lean	2cb31d96f56d	72	def	Binding.sourceImport
Grass/Assembly/SourceImportBindings.lean	2cb31d96f56d	76	def	resolveOne?
Grass/Assembly/SourceImportBindings.lean	2cb31d96f56d	89	theorem	resolveOne?_source
Grass/Assembly/SourceImportBindings.lean	2cb31d96f56d	100	def	resolveNames?
Grass/Assembly/SourceImportBindings.lean	2cb31d96f56d	106	structure	Result
Grass/Assembly/SourceImportBindings.lean	2cb31d96f56d	114	def	resolve?
Grass/Assembly/SourceImportBindings.lean	2cb31d96f56d	123	theorem	resolve?_inputs
Grass/Assembly/SourceImportBindings.lean	2cb31d96f56d	138	theorem	resolveNames?_names
Grass/Assembly/SourceImportBindings.lean	2cb31d96f56d	155	theorem	Result.input_order
Grass/Assembly/SourceImportBindings.lean	2cb31d96f56d	159	theorem	Binding.source_name
Grass/Assembly/SourceImportBindings.lean	2cb31d96f56d	162	theorem	Binding.source_iat_rva
Grass/Assembly/SourceImportBindings.lean	2cb31d96f56d	165	theorem	Binding.native_name
Grass/Assembly/SourceImportBindings.lean	2cb31d96f56d	169	theorem	Binding.symbol_name_bytes
Grass/Assembly/SourceImportBindings.lean	2cb31d96f56d	178	theorem	Binding.symbol_member
Grass/Assembly/SourceImportBindings.lean	2cb31d96f56d	187	def	Result.sourceImports
Grass/Assembly/SourceImportBindings.lean	2cb31d96f56d	190	theorem	Result.source_import_names
Grass/Assembly/SourceImportBindings.lean	2cb31d96f56d	195	theorem	Result.source_import_names_unique
Grass/Assembly/SourceImportRequests.lean	4468412d5b3e	12	def	importName?
Grass/Assembly/SourceImportRequests.lean	4468412d5b3e	18	def	rawImportNames
Grass/Assembly/SourceImportRequests.lean	4468412d5b3e	24	def	sourceImportNames
Grass/Assembly/SourceImportRequests.lean	4468412d5b3e	27	theorem	sourceImportNames_mem_iff
Grass/Assembly/SourceImportRequests.lean	4468412d5b3e	45	structure	Entry
Grass/Assembly/SourceImportRequests.lean	4468412d5b3e	53	def	resolveName?
Grass/Assembly/SourceImportRequests.lean	4468412d5b3e	58	theorem	resolveName?_source
Grass/Assembly/SourceImportRequests.lean	4468412d5b3e	65	theorem	Entry.source_to_native
Grass/Assembly/SourceImportRequests.lean	4468412d5b3e	70	def	resolveNames?
Grass/Assembly/SourceImportRequests.lean	4468412d5b3e	74	theorem	resolveNames?_names
Grass/Assembly/SourceImportRequests.lean	4468412d5b3e	89	structure	Result
Grass/Assembly/SourceImportRequests.lean	4468412d5b3e	103	def	resolve?
Grass/Assembly/SourceImportRequests.lean	4468412d5b3e	114	theorem	resolve?_inputs
Grass/Assembly/SourceImportRequests.lean	4468412d5b3e	125	theorem	Result.entry_order
Grass/Assembly/SourceImportRequests.lean	4468412d5b3e	129	theorem	Result.source_name_covered
Grass/Assembly/SourceImportRequests.lean	4468412d5b3e	139	theorem	Result.entry_has_source
Grass/Assembly/SourceImportRequests.lean	4468412d5b3e	151	theorem	Result.library_name
Grass/Assembly/SourceImportRequests.lean	4468412d5b3e	155	theorem	Result.library_symbols
Grass/Assembly/SourceInitialization.lean	c027a80eec05	17	def	inputOf
Grass/Assembly/SourceInitialization.lean	c027a80eec05	20	structure	Entry
Grass/Assembly/SourceInitialization.lean	c027a80eec05	25	def	resolveEntries?
Grass/Assembly/SourceInitialization.lean	c027a80eec05	34	structure	Result
Grass/Assembly/SourceInitialization.lean	c027a80eec05	42	def	resolve?
Grass/Assembly/SourceInitialization.lean	c027a80eec05	48	theorem	resolve?_source
Grass/Assembly/SourceInitialization.lean	c027a80eec05	56	theorem	resolveEntries?_declarations
Grass/Assembly/SourceInitialization.lean	c027a80eec05	74	theorem	Result.declaration_order
Grass/Assembly/SourceInitialization.lean	c027a80eec05	78	theorem	Result.count
Grass/Assembly/SourceInitialization.lean	c027a80eec05	83	theorem	resolveEntries?_member
Grass/Assembly/SourceInitialization.lean	c027a80eec05	107	theorem	Result.entry_exact
Grass/Assembly/SourceInitialization.lean	c027a80eec05	114	theorem	Result.entry_width
Grass/Assembly/SourceInitialization.lean	c027a80eec05	119	theorem	Result.entry_range_in_frame
Grass/Assembly/SourceInitialization.lean	c027a80eec05	124	theorem	Result.entry_writeBytes
Grass/Assembly/SourceInitialization.lean	c027a80eec05	129	theorem	Result.entry_encoding_decodes
Grass/Assembly/SourceInput.lean	56136a9eeb60	4	inductive	ParsedLine
Grass/Assembly/SourceInput.lean	56136a9eeb60	9	structure	SourceLine
Grass/Assembly/SourceInput.lean	56136a9eeb60	14	structure	Body
Grass/Assembly/SourceInput.lean	56136a9eeb60	21	inductive	Error
Grass/Assembly/SourceInput.lean	56136a9eeb60	23	inductive	TokenKind
Grass/Assembly/SourceInput.lean	56136a9eeb60	26	structure	Token
Grass/Assembly/SourceInput.lean	56136a9eeb60	32	def	wordChar
Grass/Assembly/SourceInput.lean	56136a9eeb60	33	def	lexAux
Grass/Assembly/SourceInput.lean	56136a9eeb60	70	def	tokens
Grass/Assembly/SourceInput.lean	56136a9eeb60	74	def	tokensChars
Grass/Assembly/SourceInput.lean	56136a9eeb60	77	def	bodyEnd?
Grass/Assembly/SourceInput.lean	56136a9eeb60	83	def	assemblyStart?
Grass/Assembly/SourceInput.lean	56136a9eeb60	96	def	candidates
Grass/Assembly/SourceInput.lean	56136a9eeb60	105	def	helloSourceCount
Grass/Assembly/SourceInput.lean	56136a9eeb60	111	def	space
Grass/Assembly/SourceInput.lean	56136a9eeb60	112	def	trimLeft
Grass/Assembly/SourceInput.lean	56136a9eeb60	113	def	trimRight
Grass/Assembly/SourceInput.lean	56136a9eeb60	114	def	decimal?
Grass/Assembly/SourceInput.lean	56136a9eeb60	117	def	parseLineChars
Grass/Assembly/SourceInput.lean	56136a9eeb60	132	def	containsPair
Grass/Assembly/SourceInput.lean	56136a9eeb60	136	def	splitLines
Grass/Assembly/SourceInput.lean	56136a9eeb60	144	def	sourceLines
Grass/Assembly/SourceInput.lean	56136a9eeb60	155	def	extractHelloSourceChars
Grass/Assembly/SourceInput.lean	56136a9eeb60	169	def	extractHelloSource
Grass/Assembly/SourceInput.lean	56136a9eeb60	172	def	symbolicStores
Grass/Assembly/SourceInput.lean	56136a9eeb60	176	def	uint32StackSlots
Grass/Assembly/SourceLinkedImage.lean	52e208f8dfac	17	structure	Sections
Grass/Assembly/SourceLinkedImage.lean	52e208f8dfac	23	def	pdataIndex
Grass/Assembly/SourceLinkedImage.lean	52e208f8dfac	24	def	xdataIndex
Grass/Assembly/SourceLinkedImage.lean	52e208f8dfac	26	def	placeholderFunction
Grass/Assembly/SourceLinkedImage.lean	52e208f8dfac	30	def	placeholderTable
Grass/Assembly/SourceLinkedImage.lean	52e208f8dfac	31	def	tableSize
Grass/Assembly/SourceLinkedImage.lean	52e208f8dfac	33	def	codeExtent
Grass/Assembly/SourceLinkedImage.lean	52e208f8dfac	34	def	tableExtent
Grass/Assembly/SourceLinkedImage.lean	52e208f8dfac	35	def	unwindExtent
Grass/Assembly/SourceLinkedImage.lean	52e208f8dfac	38	def	runtimeBinding
Grass/Assembly/SourceLinkedImage.lean	52e208f8dfac	42	def	exceptionDescription
Grass/Assembly/SourceLinkedImage.lean	52e208f8dfac	46	def	description
Grass/Assembly/SourceLinkedImage.lean	52e208f8dfac	59	structure	BoundSymbols
Grass/Assembly/SourceLinkedImage.lean	52e208f8dfac	66	def	BoundSymbols.symbols
Grass/Assembly/SourceLinkedImage.lean	52e208f8dfac	74	theorem	prepareImage_requested
Grass/Assembly/SourceLinkedImage.lean	52e208f8dfac	94	structure	Result
Grass/Assembly/SourceLinkedImage.lean	52e208f8dfac	120	inductive	BuildError
Grass/Assembly/SourceLinkedImage.lean	52e208f8dfac	141	def	requireSome
Grass/Assembly/SourceLinkedImage.lean	52e208f8dfac	145	def	prepare
Grass/Assembly/SourceLinkedImage.lean	52e208f8dfac	151	def	bindSymbols
Grass/Assembly/SourceLinkedImage.lean	52e208f8dfac	163	def	bindSymbols?
Grass/Assembly/SourceLinkedImage.lean	52e208f8dfac	168	def	buildExcept
Grass/Assembly/SourceLinkedImage.lean	52e208f8dfac	228	def	build?
Grass/Assembly/SourceLinkedImage.lean	52e208f8dfac	234	theorem	build?_eq_toOption
Grass/Assembly/SourceLinkedImage.lean	52e208f8dfac	241	theorem	Result.full_code_extent
Grass/Assembly/SourceLinkedImage.lean	52e208f8dfac	252	theorem	Result.table_payload_length
Grass/Assembly/SourceLinkedImage.lean	52e208f8dfac	263	theorem	Result.final_exception_evidence
Grass/Assembly/SourceLinkedImage.lean	52e208f8dfac	273	theorem	Result.unwind_source_prefix
Grass/Assembly/SourceLoadedImage.lean	d1cf8b193039	13	theorem	getElem?_zip_of_eq_some
Grass/Assembly/SourceLoadedImage.lean	d1cf8b193039	30	theorem	entry_rip_exact
Grass/Assembly/SourceLoadedImage.lean	d1cf8b193039	41	theorem	patchContents_get?_outside
Grass/Assembly/SourceLoadedImage.lean	d1cf8b193039	55	theorem	code_byte_initialized
Grass/Assembly/SourceLoadedImage.lean	d1cf8b193039	73	structure	CodeRegion
Grass/Assembly/SourceLoadedImage.lean	d1cf8b193039	92	def	codeRegion
Grass/Assembly/SourceLoadedImage.lean	d1cf8b193039	137	theorem	selected_code_byte_initialized
Grass/Assembly/SourcePrologue.lean	63dda87e8e36	15	def	allocationOp?
Grass/Assembly/SourcePrologue.lean	63dda87e8e36	20	def	instructions
Grass/Assembly/SourcePrologue.lean	63dda87e8e36	24	def	operations
Grass/Assembly/SourcePrologue.lean	63dda87e8e36	27	def	placed
Grass/Assembly/SourcePrologue.lean	63dda87e8e36	31	def	metadata
Grass/Assembly/SourcePrologue.lean	63dda87e8e36	34	def	expectedOffsets
Grass/Assembly/SourcePrologue.lean	63dda87e8e36	38	structure	Result
Grass/Assembly/SourcePrologue.lean	63dda87e8e36	62	def	generate?
Grass/Assembly/SourcePrologue.lean	63dda87e8e36	88	theorem	generate?_frame
Grass/Assembly/SourcePrologue.lean	63dda87e8e36	103	theorem	Result.generated_shape
Grass/Assembly/SourcePrologue.lean	63dda87e8e36	107	theorem	Result.code_offsets_from_instruction_ends
Grass/Assembly/SourcePrologue.lean	63dda87e8e36	113	theorem	Result.code_offset_naturals
Grass/Assembly/SourcePrologue.lean	63dda87e8e36	118	theorem	Result.stored_prologue_size
Grass/Assembly/SourcePrologue.lean	63dda87e8e36	122	theorem	Result.every_instruction_decodes
Grass/Assembly/SourcePrologue.lean	63dda87e8e36	133	theorem	Result.emitted_length
Grass/Assembly/SourceResolve.lean	c96a2b345d2d	12	structure	StaticSymbol
Grass/Assembly/SourceResolve.lean	c96a2b345d2d	17	structure	ImportSymbol
Grass/Assembly/SourceResolve.lean	c96a2b345d2d	21	structure	Symbols
Grass/Assembly/SourceResolve.lean	c96a2b345d2d	29	def	Symbols.checked
Grass/Assembly/SourceResolve.lean	c96a2b345d2d	34	def	Symbols.mk?
Grass/Assembly/SourceResolve.lean	c96a2b345d2d	39	def	static?
Grass/Assembly/SourceResolve.lean	c96a2b345d2d	40	def	import?
Grass/Assembly/SourceResolve.lean	c96a2b345d2d	41	def	sourceOffset
Grass/Assembly/SourceResolve.lean	c96a2b345d2d	44	inductive	Detail
Grass/Assembly/SourceResolve.lean	c96a2b345d2d	51	def	Detail.Valid
Grass/Assembly/SourceResolve.lean	c96a2b345d2d	76	structure	Output
Grass/Assembly/SourceResolve.lean	c96a2b345d2d	92	structure	Candidate
Grass/Assembly/SourceResolve.lean	c96a2b345d2d	98	def	resolveAt?
Grass/Assembly/SourceResolve.lean	c96a2b345d2d	160	def	resolveIndices?
Grass/Assembly/SourceResolve.lean	c96a2b345d2d	169	structure	Result
Grass/Assembly/SourceResolve.lean	c96a2b345d2d	180	def	resolve?
Grass/Assembly/SourceResolve.lean	c96a2b345d2d	194	theorem	resolve?_inputs
Grass/Assembly/SourceResolve.lean	c96a2b345d2d	206	def	Result.encodings
Grass/Assembly/SourceResolve.lean	c96a2b345d2d	208	theorem	Output.origin_exact
Grass/Assembly/SourceResolve.lean	c96a2b345d2d	212	theorem	Output.source_position
Grass/Assembly/SourceResolve.lean	c96a2b345d2d	216	theorem	Result.output_indices
Grass/Assembly/SourceResolve.lean	c96a2b345d2d	219	theorem	Result.output_count
Grass/Assembly/SourceResolve.lean	c96a2b345d2d	222	theorem	Result.encoding_sizes
Grass/Assembly/SourceRuntimeFunction.lean	6b056ea6817f	12	def	abiRecord
Grass/Assembly/SourceRuntimeFunction.lean	6b056ea6817f	18	theorem	bytes_exact
Grass/Assembly/SourceRuntimeFunction.lean	6b056ea6817f	28	theorem	fields_lossless
Grass/Assembly/SourceSplice.lean	47fb76c9b282	11	def	sourceFinalIndex
Grass/Assembly/SourceSplice.lean	47fb76c9b282	14	def	spliceIndex
Grass/Assembly/SourceSplice.lean	47fb76c9b282	17	inductive	FinalTemplate
Grass/Assembly/SourceSplice.lean	47fb76c9b282	25	def	FinalTemplate.size
Grass/Assembly/SourceSplice.lean	47fb76c9b282	30	def	translate
Grass/Assembly/SourceSplice.lean	47fb76c9b282	37	theorem	translate_size
Grass/Assembly/SourceSplice.lean	47fb76c9b282	41	theorem	FinalTemplate.size_pos
Grass/Assembly/SourceSplice.lean	47fb76c9b282	49	inductive	FinalOutput
Grass/Assembly/SourceSplice.lean	47fb76c9b282	54	def	FinalOutput.template
Grass/Assembly/SourceSplice.lean	47fb76c9b282	60	def	FinalOutput.source?
Grass/Assembly/SourceSplice.lean	47fb76c9b282	65	def	spliceOutputs
Grass/Assembly/SourceSplice.lean	47fb76c9b282	73	theorem	sourceMapAll
Grass/Assembly/SourceSplice.lean	47fb76c9b282	80	theorem	spliceOutputs_source_order
Grass/Assembly/SourceSplice.lean	47fb76c9b282	104	theorem	spliceOutputs_source_at
Grass/Assembly/SourceSplice.lean	47fb76c9b282	130	theorem	spliceOutputs_inserted_at
Grass/Assembly/SourceSplice.lean	47fb76c9b282	146	theorem	spliceOutputs_length
Grass/Assembly/SourceSplice.lean	47fb76c9b282	161	def	finalOutputs
Grass/Assembly/SourceSplice.lean	47fb76c9b282	170	def	sourceEncoding?
Grass/Assembly/SourceSplice.lean	47fb76c9b282	174	structure	Result
Grass/Assembly/SourceSplice.lean	47fb76c9b282	198	def	derive?
Grass/Assembly/SourceSplice.lean	47fb76c9b282	226	def	Result.finalTemplates
Grass/Assembly/SourceSplice.lean	47fb76c9b282	231	def	Result.finalSizes
Grass/Assembly/SourceSplice.lean	47fb76c9b282	234	def	Result.entryOffset
Grass/Assembly/SourceSplice.lean	47fb76c9b282	236	def	Result.unwindEndOffset
Grass/Assembly/SourceSplice.lean	47fb76c9b282	239	def	Result.initializerStartOffset
Grass/Assembly/SourceSplice.lean	47fb76c9b282	242	def	Result.bodyStartOffset
Grass/Assembly/SourceSplice.lean	47fb76c9b282	246	def	Result.sourcePosition
Grass/Assembly/SourceSplice.lean	47fb76c9b282	251	theorem	Result.entry_offset
Grass/Assembly/SourceSplice.lean	47fb76c9b282	254	theorem	Result.initializers_follow_unwind
Grass/Assembly/SourceSplice.lean	47fb76c9b282	257	theorem	Result.boundary_is_body_start
Grass/Assembly/SourceSplice.lean	47fb76c9b282	262	theorem	Result.source_order
Grass/Assembly/SourceSplice.lean	47fb76c9b282	273	theorem	Result.source_instruction_count
Grass/Assembly/SourceSplice.lean	47fb76c9b282	278	theorem	Result.final_instruction_count
Grass/Assembly/SourceSplice.lean	47fb76c9b282	296	theorem	Result.saved_count_le_source
Grass/Assembly/SourceSplice.lean	47fb76c9b282	304	theorem	Result.source_output_at_final_index
Grass/Assembly/SourceSplice.lean	47fb76c9b282	331	theorem	Result.branch_template_at_final_index
Grass/Assembly/SourceSplice.lean	47fb76c9b282	347	theorem	Result.allocation_at_boundary
Grass/Assembly/SourceSplice.lean	47fb76c9b282	358	theorem	Result.initializer_at
Grass/Assembly/SourceSplice.lean	47fb76c9b282	377	theorem	Result.every_final_size_positive
Grass/Assembly/SourceSplice.lean	47fb76c9b282	383	theorem	Result.source_final_index_in_bounds
Grass/Assembly/SourceSplice.lean	47fb76c9b282	394	theorem	Result.source_position_in_final_bytes
Grass/Assembly/SourceSplice.lean	47fb76c9b282	407	theorem	sourceFinalIndex_body
Grass/Assembly/SourceSplice.lean	47fb76c9b282	413	theorem	Result.branch_target_after_insertions
Grass/Assembly/SourceSpliceDecode.lean	462a9289800b	9	theorem	spliceOutputs_member
Grass/Assembly/SourceSpliceDecode.lean	462a9289800b	33	theorem	final_output_provenance
Grass/Assembly/SourceSpliceDecode.lean	462a9289800b	48	theorem	source_encoded_decodes
Grass/Assembly/SourceSpliceDecode.lean	462a9289800b	82	theorem	prologue_allocation_decodes
Grass/Assembly/SourceSpliceDecode.lean	462a9289800b	88	theorem	initializer_decodes
Grass/Assembly/SourceSpliceDecode.lean	462a9289800b	95	theorem	final_encoded_decodes
Grass/Assembly/SourceSpliceDecode.lean	462a9289800b	123	theorem	source_final_output_decodes
Grass/Assembly/SourceSpliceDecode.lean	462a9289800b	140	theorem	allocation_final_output_decodes
Grass/Assembly/SourceSpliceDecode.lean	462a9289800b	148	theorem	initializer_final_output_decodes
Grass/Assembly/SourceStaticBindings.lean	a0bc4b776083	7	structure	Binding
Grass/Assembly/SourceStaticBindings.lean	a0bc4b776083	13	def	Binding.sourceSymbol
Grass/Assembly/SourceStaticBindings.lean	a0bc4b776083	18	def	resolveOne?
Grass/Assembly/SourceStaticBindings.lean	a0bc4b776083	24	structure	Result
Grass/Assembly/SourceStaticBindings.lean	a0bc4b776083	29	def	resolve?
Grass/Assembly/SourceStaticBindings.lean	a0bc4b776083	38	def	Result.sourceSymbols
Grass/Assembly/SourceStaticBindings.lean	a0bc4b776083	43	theorem	Result.sourceNames
Grass/Assembly/SourceStaticBindings.lean	a0bc4b776083	51	theorem	Result.uniqueNames
Grass/Assembly/SourceStaticBindings.lean	a0bc4b776083	58	theorem	Binding.payload_exact
Grass/Assembly/SourceStaticBindings.lean	a0bc4b776083	66	theorem	Binding.address_exact
Grass/Assembly/SourceStore.lean	86140f267873	19	def	slotEnv
Grass/Assembly/SourceStore.lean	86140f267873	24	def	frameForSlots
Grass/Assembly/SourceStore.lean	86140f267873	29	theorem	frameForSlots_localBytes
Grass/Assembly/SourceStore.lean	86140f267873	33	def	resolveLine?
Grass/Assembly/SourceStore.lean	86140f267873	46	theorem	resolveLine?_source
Grass/Assembly/SourceStore.lean	86140f267873	73	theorem	resolveLine?_writeBytes
Grass/Assembly/SourceStore.lean	86140f267873	81	theorem	resolveLine?_range_in_frame
Grass/Assembly/SourceStore.lean	86140f267873	88	theorem	resolveLine?_encoding_decodes
Grass/Assembly/SourceTemplates.lean	3c994550a4cf	26	inductive	BranchSourceKind
Grass/Assembly/SourceTemplates.lean	3c994550a4cf	30	def	BranchSourceKind.mnemonic
Grass/Assembly/SourceTemplates.lean	3c994550a4cf	33	def	BranchSourceKind.encodingKind
Grass/Assembly/SourceTemplates.lean	3c994550a4cf	36	def	BranchSourceKind.flow
Grass/Assembly/SourceTemplates.lean	3c994550a4cf	42	inductive	Template
Grass/Assembly/SourceTemplates.lean	3c994550a4cf	50	def	Template.size
Grass/Assembly/SourceTemplates.lean	3c994550a4cf	55	inductive	Output
Grass/Assembly/SourceTemplates.lean	3c994550a4cf	89	def	Output.origin
Grass/Assembly/SourceTemplates.lean	3c994550a4cf	94	def	Output.template
Grass/Assembly/SourceTemplates.lean	3c994550a4cf	106	def	Output.sourceFlow?
Grass/Assembly/SourceTemplates.lean	3c994550a4cf	110	def	relevantFlow?
Grass/Assembly/SourceTemplates.lean	3c994550a4cf	114	def	singletonResolve
Grass/Assembly/SourceTemplates.lean	3c994550a4cf	157	def	classify?
Grass/Assembly/SourceTemplates.lean	3c994550a4cf	163	def	candidateCount
Grass/Assembly/SourceTemplates.lean	3c994550a4cf	167	def	classifyAll?
Grass/Assembly/SourceTemplates.lean	3c994550a4cf	175	structure	Result
Grass/Assembly/SourceTemplates.lean	3c994550a4cf	184	def	derive?
Grass/Assembly/SourceTemplates.lean	3c994550a4cf	195	theorem	Result.origin_order
Grass/Assembly/SourceTemplates.lean	3c994550a4cf	198	theorem	Result.output_count
Grass/Assembly/SourceTemplates.lean	3c994550a4cf	202	theorem	Result.source_flow_at
Grass/Assembly/SourceTemplates.lean	3c994550a4cf	208	def	Result.sizes
Grass/Assembly/SourceUnwind.lean	819027eb2021	9	structure	Result
Grass/Assembly/SourceUnwind.lean	819027eb2021	13	def	prepare?
Grass/Assembly/SourceUnwind.lean	819027eb2021	18	theorem	Result.layout_exact
Grass/Assembly/SourceUnwind.lean	819027eb2021	22	theorem	Result.frame_exact
Grass/Assembly/SourceUnwind.lean	819027eb2021	25	theorem	Result.tail_exact
Grass/Assembly/SourceUnwind.lean	819027eb2021	28	def	Result.bytes
Grass/Assembly/SourceUnwind.lean	819027eb2021	31	theorem	Result.bytes_aligned
Grass/Assembly/SourceUnwind.lean	819027eb2021	34	theorem	Result.prologue_size
Grass/Assembly/SourceUnwind.lean	819027eb2021	39	theorem	Result.instruction_end_offsets
Grass/Assembly/SourceUnwindPrefix.lean	4b17226ff44d	11	theorem	mapM_getElem?
Grass/Assembly/SourceUnwindPrefix.lean	4b17226ff44d	32	theorem	Output.encoding_of_template_encoded
Grass/Assembly/SourceUnwindPrefix.lean	4b17226ff44d	67	theorem	output_at
Grass/Assembly/SourceUnwindPrefix.lean	4b17226ff44d	76	theorem	Result.saved_encoding_at
Grass/Assembly/SourceUnwindPrefix.lean	4b17226ff44d	131	theorem	Result.allocation_encoding_at
Grass/Assembly/SourceUnwindPrefix.lean	4b17226ff44d	157	theorem	Result.prologue_encoding_prefix
Grass/Assembly/SourceUnwindPrefix.lean	4b17226ff44d	181	theorem	Result.prologue_bytes_append
Grass/Assembly/SourceUnwindPrefix.lean	4b17226ff44d	192	theorem	Result.prologue_byte_count
Grass/Assembly/SourceUnwindPrefix.lean	4b17226ff44d	199	theorem	Result.unwind_header_prefix
Grass/Assembly/StaticObjects.lean	8ee746d335d1	10	inductive	SectionKind
Grass/Assembly/StaticObjects.lean	8ee746d335d1	14	structure	Declaration
Grass/Assembly/StaticObjects.lean	8ee746d335d1	22	def	Declaration.readOnly
Grass/Assembly/StaticObjects.lean	8ee746d335d1	26	def	Valid
Grass/Assembly/StaticObjects.lean	8ee746d335d1	34	structure	Table
Grass/Assembly/StaticObjects.lean	8ee746d335d1	41	def	validate?
Grass/Assembly/StaticObjects.lean	8ee746d335d1	45	def	checked
Grass/Assembly/StaticObjects.lean	8ee746d335d1	49	def	Table.lookup?
Grass/Assembly/StaticObjects.lean	8ee746d335d1	53	theorem	validate?_exact
Grass/Assembly/StaticObjects.lean	8ee746d335d1	61	theorem	Table.names_unique
Grass/Assembly/StaticObjects.lean	8ee746d335d1	65	theorem	Table.alignment_valid
Grass/Assembly/StaticObjects.lean	8ee746d335d1	70	theorem	Table.lookup?_name
Grass/Assembly/StaticObjects.lean	8ee746d335d1	76	theorem	Table.lookup?_member
Grass/Assembly/StaticObjects.lean	8ee746d335d1	82	theorem	Table.lookup?_complete
Grass/Assembly/StaticObjects.lean	8ee746d335d1	91	abbrev	StaticObjectTable
Grass/Assembly/StaticObjects.lean	8ee746d335d1	96	def	staticObjectBytesParser
Grass/Assembly/StaticObjects.lean	8ee746d335d1	121	def	staticObjectsParser
Grass/Assembly/StaticObjects.lean	8ee746d335d1	124	def	staticObjectsRodataParser
Grass/Assembly/StaticObjects.lean	8ee746d335d1	127	def	staticObjectsAlignParser
Grass/Assembly/StaticSection.lean	f345390da15d	10	structure	Layout
Grass/Assembly/StaticSection.lean	f345390da15d	26	def	layout?
Grass/Assembly/StaticSection.lean	f345390da15d	35	theorem	layout?_isSome
Grass/Assembly/StaticSection.lean	f345390da15d	37	def	Layout.lookup?
Grass/Assembly/StaticSection.lean	f345390da15d	40	theorem	Layout.lookup?_member
Grass/Assembly/StaticSection.lean	f345390da15d	45	theorem	Layout.lookup?_name
Grass/Assembly/StaticSection.lean	f345390da15d	50	theorem	Layout.namesUnique
Grass/Assembly/StaticSection.lean	f345390da15d	62	theorem	Layout.lookup?_complete
Grass/Assembly/StaticSection.lean	f345390da15d	67	theorem	Layout.objectContained
Grass/Assembly/StaticSection.lean	f345390da15d	73	theorem	layout?_rawSection
Grass/Assembly/StaticSection.lean	f345390da15d	83	structure	ObjectSpan
Grass/Assembly/StaticSection.lean	f345390da15d	96	def	resolveSpan?
Grass/Assembly/StaticSection.lean	f345390da15d	125	theorem	resolveSpan?_name
Grass/Assembly/StaticSection.lean	f345390da15d	132	theorem	resolveSpan?_lookup
Grass/Assembly/StaticSection.lean	f345390da15d	142	def	ObjectSpan.byteLength
Grass/Assembly/StaticSection.lean	f345390da15d	147	theorem	ObjectSpan.nonempty_resolvesLocation
Grass/Assembly/StaticSectionPacking.lean	2ee357ae4335	10	structure	Object
Grass/Assembly/StaticSectionPacking.lean	2ee357ae4335	15	def	Object.endOffset
Grass/Assembly/StaticSectionPacking.lean	2ee357ae4335	18	def	packFrom
Grass/Assembly/StaticSectionPacking.lean	2ee357ae4335	27	def	ordered?
Grass/Assembly/StaticSectionPacking.lean	2ee357ae4335	32	theorem	packFrom_declarations
Grass/Assembly/StaticSectionPacking.lean	2ee357ae4335	40	theorem	packFrom_offsetsAligned
Grass/Assembly/StaticSectionPacking.lean	2ee357ae4335	55	def	packEnd
Grass/Assembly/StaticSectionPacking.lean	2ee357ae4335	60	theorem	cursor_le_packEnd
Grass/Assembly/StaticSectionPacking.lean	2ee357ae4335	67	theorem	packFrom_length
Grass/Assembly/StaticSectionPacking.lean	2ee357ae4335	80	theorem	packFrom_offsets_ge
Grass/Assembly/StaticSectionPacking.lean	2ee357ae4335	92	theorem	packFrom_ordered
Grass/Assembly/StaticSectionPacking.lean	2ee357ae4335	107	theorem	packFrom_end_le_packEnd
Grass/Assembly/StaticSectionPacking.lean	2ee357ae4335	123	theorem	packFrom_contained
Grass/Assembly/StaticSectionPacking.lean	2ee357ae4335	130	theorem	packFrom_payload
Grass/Assembly/StaticSectionPacking.lean	2ee357ae4335	163	theorem	packFrom_zero_payloads
Grass/Assembly/StaticSectionPacking.lean	2ee357ae4335	169	theorem	packFrom_zero_payloads_all
Grass/Assembly/StaticSectionPacking.lean	2ee357ae4335	177	theorem	packFrom_zero_contained_all
Grass/Assembly/StaticSectionPacking.lean	2ee357ae4335	185	theorem	Table.packFrom_offsetsAligned_all
Grass/Assembly/Store32.lean	8f5a97e6131c	9	abbrev	SlotEnv
Grass/Assembly/Store32.lean	8f5a97e6131c	11	structure	Input
Grass/Assembly/Store32.lean	8f5a97e6131c	16	def	SlotFits
Grass/Assembly/Store32.lean	8f5a97e6131c	17	def	D32Fits
Grass/Assembly/Store32.lean	8f5a97e6131c	25	structure	Resolved
Grass/Assembly/Store32.lean	8f5a97e6131c	33	def	Resolved.displacement
Grass/Assembly/Store32.lean	8f5a97e6131c	34	def	Resolved.range
Grass/Assembly/Store32.lean	8f5a97e6131c	35	def	Resolved.operand
Grass/Assembly/Store32.lean	8f5a97e6131c	37	def	Resolved.writeBytes
Grass/Assembly/Store32.lean	8f5a97e6131c	39	def	resolve?
Grass/Assembly/Store32.lean	8f5a97e6131c	48	theorem	resolve?_eq
Grass/Assembly/Store32.lean	8f5a97e6131c	62	theorem	range_eq_rspRootOffset_add_displacement
Grass/Assembly/Store32.lean	8f5a97e6131c	64	theorem	operand_eq_rsp_displacement
Grass/Assembly/Store32.lean	8f5a97e6131c	67	theorem	encoding_equation_of_resolve?
Grass/Assembly/Store32.lean	8f5a97e6131c	76	theorem	writeBytes_of_resolve?
Grass/Assembly/Store32.lean	8f5a97e6131c	81	theorem	writeBytes_length_of_resolve?
Grass/Assembly/Store32.lean	8f5a97e6131c	86	theorem	displacement_positive_of_resolve?
Grass/Assembly/Store32.lean	8f5a97e6131c	98	theorem	displacement_bounded_of_resolve?
Grass/Assembly/Store32.lean	8f5a97e6131c	106	theorem	displacement_roundtrip_of_resolve?
Grass/Assembly/Store32.lean	8f5a97e6131c	117	theorem	range_in_frame_of_resolve?
Grass/Assembly/Store32.lean	8f5a97e6131c	127	theorem	encoding_decodes_of_resolve?
Grass/Assembly/Store32Addressing.lean	65e1454c8c61	16	theorem	localAddress_of_resolve?
Grass/Assembly/Store32Addressing.lean	65e1454c8c61	42	theorem	signExtend_displacement_of_resolve?
Grass/Assembly/Store32Execution.lean	d7e8bb4ea2c3	11	def	complete
Grass/Assembly/Store32Execution.lean	d7e8bb4ea2c3	34	def	oracle
Grass/Assembly/Store32Execution.lean	d7e8bb4ea2c3	44	def	exactPolicy
Grass/Assembly/Store32Execution.lean	d7e8bb4ea2c3	50	structure	Operation
Grass/Assembly/Store32Execution.lean	d7e8bb4ea2c3	61	def	operation
Grass/Assembly/Store32Execution.lean	d7e8bb4ea2c3	64	theorem	operation_facets
Grass/Assembly/Store32Execution.lean	d7e8bb4ea2c3	72	def	step
Grass/Assembly/Store32Execution.lean	d7e8bb4ea2c3	81	theorem	step_eq
Grass/Assembly/Store32Execution.lean	d7e8bb4ea2c3	89	theorem	oracle_answer_self
Grass/Assembly/Store32Execution.lean	d7e8bb4ea2c3	97	theorem	oracle_answer_ne
Grass/Assembly/Store32Execution.lean	d7e8bb4ea2c3	104	theorem	complete_written
Grass/Assembly/Store32Execution.lean	d7e8bb4ea2c3	109	theorem	complete_written_length
Grass/Assembly/Store32Execution.lean	d7e8bb4ea2c3	114	theorem	truncate_written_prefix
Grass/Assembly/Win32Constants.lean	bf8949438924	16	inductive	Constant
Grass/Assembly/Win32Constants.lean	bf8949438924	21	def	Constant.value
Grass/Assembly/Win32Constants.lean	bf8949438924	25	def	selectSignedImmediate?
Grass/Assembly/Win32Constants.lean	bf8949438924	32	theorem	selectSignedImmediate?_recovers
Grass/Assembly/Win32Constants.lean	bf8949438924	48	theorem	selectSignedImmediate?_prefers_i8
Grass/Assembly/Win32Constants.lean	bf8949438924	56	def	Constant.instruction
Grass/Assembly/Win32Constants.lean	bf8949438924	63	def	Constant.encode?
Grass/Assembly/Win32Constants.lean	bf8949438924	73	structure	Result
Grass/Assembly/Win32Constants.lean	bf8949438924	84	def	resolve?
Grass/Assembly/Win32Constants.lean	bf8949438924	102	theorem	resolve?_source
Grass/Assembly/Win32Constants.lean	bf8949438924	113	theorem	Result.named_value
Grass/Assembly/Win32Constants.lean	bf8949438924	120	theorem	Result.encoding_decodes
Grass/Assembly/X86BranchLayout.lean	e463c6042e9a	14	inductive	Template
Grass/Assembly/X86BranchLayout.lean	e463c6042e9a	19	def	Template.size
Grass/Assembly/X86BranchLayout.lean	e463c6042e9a	23	def	template?
Grass/Assembly/X86BranchLayout.lean	e463c6042e9a	31	def	deriveTemplates?
Grass/Assembly/X86BranchLayout.lean	e463c6042e9a	38	structure	BranchOrigin
Grass/Assembly/X86BranchLayout.lean	e463c6042e9a	53	inductive	Output
Grass/Assembly/X86BranchLayout.lean	e463c6042e9a	58	def	Output.encoding
Grass/Assembly/X86BranchLayout.lean	e463c6042e9a	62	def	Output.origin
Grass/Assembly/X86BranchLayout.lean	e463c6042e9a	65	def	Output.template
Grass/Assembly/X86BranchLayout.lean	e463c6042e9a	69	def	Output.branchOrigin?
Grass/Assembly/X86BranchLayout.lean	e463c6042e9a	73	def	Output.UsesSizes
Grass/Assembly/X86BranchLayout.lean	e463c6042e9a	80	def	Output.AtIndex
Grass/Assembly/X86BranchLayout.lean	e463c6042e9a	87	theorem	Output.size_eq
Grass/Assembly/X86BranchLayout.lean	e463c6042e9a	93	theorem	Output.encoding_decodes
Grass/Assembly/X86BranchLayout.lean	e463c6042e9a	99	theorem	BranchOrigin.target_equation
Grass/Assembly/X86BranchLayout.lean	e463c6042e9a	104	def	resolveFrom
Grass/Assembly/X86BranchLayout.lean	e463c6042e9a	130	structure	Result
Grass/Assembly/X86BranchLayout.lean	e463c6042e9a	144	def	layout?
Grass/Assembly/X86BranchLayout.lean	e463c6042e9a	162	theorem	layout?_program
Grass/Assembly/X86BranchLayout.lean	e463c6042e9a	175	def	Result.encodings
Grass/Assembly/X86BranchLayout.lean	e463c6042e9a	178	def	Result.sizes
Grass/Assembly/X86BranchLayout.lean	e463c6042e9a	180	def	Result.totalSize
Grass/Assembly/X86BranchLayout.lean	e463c6042e9a	182	theorem	Result.origins_exact
Grass/Assembly/X86BranchLayout.lean	e463c6042e9a	185	theorem	Result.templates_exact
Grass/Assembly/X86BranchLayout.lean	e463c6042e9a	188	theorem	Result.branch_uses_derived_layout
Grass/Assembly/X86BranchLayout.lean	e463c6042e9a	197	theorem	Result.branch_position_exact
Grass/Assembly/X86BranchLayout.lean	e463c6042e9a	216	theorem	Result.branch_target_equation
Grass/Assembly/X86BranchLayout.lean	e463c6042e9a	227	theorem	Result.encodingSizes_eq
Grass/Assembly/X86BranchLayout.lean	e463c6042e9a	232	theorem	Result.emittedLength_eq_totalSize
Grass/Assembly/X86BranchLayout.lean	e463c6042e9a	238	theorem	Result.every_encoding_decodes
Grass/Assembly/X86BranchLayout.lean	e463c6042e9a	244	theorem	Result.branch_target_in_emitted
Grass/Assembly/X86ClosedEncoding.lean	2ab78cb36a2f	14	def	sameWidth
Grass/Assembly/X86ClosedEncoding.lean	2ab78cb36a2f	16	inductive	Closed
Grass/Assembly/X86ClosedEncoding.lean	2ab78cb36a2f	28	def	select
Grass/Assembly/X86ClosedEncoding.lean	2ab78cb36a2f	49	def	Closed.encoding
Grass/Assembly/X86ClosedEncoding.lean	2ab78cb36a2f	61	def	encode
Grass/Assembly/X86ClosedEncoding.lean	2ab78cb36a2f	63	theorem	movImm32_decodes
Grass/Assembly/X86ClosedEncoding.lean	2ab78cb36a2f	80	theorem	movImm64_decodes
Grass/Assembly/X86ClosedEncoding.lean	2ab78cb36a2f	97	theorem	encode_decodes
Grass/Assembly/X86ControlFlow.lean	a8782f324572	18	structure	CodeItem
Grass/Assembly/X86ControlFlow.lean	a8782f324572	25	structure	Collected
Grass/Assembly/X86ControlFlow.lean	a8782f324572	30	def	collectFrom
Grass/Assembly/X86ControlFlow.lean	a8782f324572	41	def	collect
Grass/Assembly/X86ControlFlow.lean	a8782f324572	43	inductive	Condition
Grass/Assembly/X86ControlFlow.lean	a8782f324572	48	inductive	Flow
Grass/Assembly/X86ControlFlow.lean	a8782f324572	56	def	Flow.targets
Grass/Assembly/X86ControlFlow.lean	a8782f324572	61	def	Flow.Valid
Grass/Assembly/X86ControlFlow.lean	a8782f324572	67	def	classify?
Grass/Assembly/X86ControlFlow.lean	a8782f324572	81	def	deriveFlowsFrom?
Grass/Assembly/X86ControlFlow.lean	a8782f324572	88	def	FlowsMatch
Grass/Assembly/X86ControlFlow.lean	a8782f324572	95	theorem	deriveFlowsFrom?_matches
Grass/Assembly/X86ControlFlow.lean	a8782f324572	112	def	Valid
Grass/Assembly/X86ControlFlow.lean	a8782f324572	121	structure	CheckedProgram
Grass/Assembly/X86ControlFlow.lean	a8782f324572	130	def	check?
Grass/Assembly/X86ControlFlow.lean	a8782f324572	138	theorem	check?_valid
Grass/Assembly/X86ControlFlow.lean	a8782f324572	141	theorem	check?_derived
Grass/Assembly/X86ControlFlow.lean	a8782f324572	152	theorem	CheckedProgram.target_bounded
Grass/Assembly/X86ControlFlow.lean	a8782f324572	157	theorem	CheckedProgram.flows_match
Grass/Assembly/X86Source.lean	1a5650a8fdec	7	structure	Register
Grass/Assembly/X86Source.lean	1a5650a8fdec	11	inductive	Operand
Grass/Assembly/X86Source.lean	1a5650a8fdec	16	inductive	Mnemonic
Grass/Assembly/X86Source.lean	1a5650a8fdec	19	structure	Instruction
Grass/Assembly/X86Source.lean	1a5650a8fdec	23	inductive	AnnotationKind
Grass/Assembly/X86Source.lean	1a5650a8fdec	26	structure	Annotation
Grass/Assembly/X86Source.lean	1a5650a8fdec	30	inductive	Statement
Grass/Assembly/X86Source.lean	1a5650a8fdec	34	structure	LocatedStatement
Grass/Assembly/X86Source.lean	1a5650a8fdec	39	inductive	Error
Grass/Assembly/X86Source.lean	1a5650a8fdec	42	inductive	Lexeme
Grass/Assembly/X86Source.lean	1a5650a8fdec	45	def	punct
Grass/Assembly/X86Source.lean	1a5650a8fdec	46	def	lexLine
Grass/Assembly/X86Source.lean	1a5650a8fdec	63	def	word?
Grass/Assembly/X86Source.lean	1a5650a8fdec	65	def	reg?
Grass/Assembly/X86Source.lean	1a5650a8fdec	80	def	natChars?
Grass/Assembly/X86Source.lean	1a5650a8fdec	83	def	operand?
Grass/Assembly/X86Source.lean	1a5650a8fdec	104	def	splitAt
Grass/Assembly/X86Source.lean	1a5650a8fdec	108	def	splitComma
Grass/Assembly/X86Source.lean	1a5650a8fdec	110	def	operands?
Grass/Assembly/X86Source.lean	1a5650a8fdec	111	def	mnemonic?
Grass/Assembly/X86Source.lean	1a5650a8fdec	116	def	arity
Grass/Assembly/X86Source.lean	1a5650a8fdec	118	def	WellShaped
Grass/Assembly/X86Source.lean	1a5650a8fdec	140	def	instruction?
Grass/Assembly/X86Source.lean	1a5650a8fdec	148	def	annotationKind?
Grass/Assembly/X86Source.lean	1a5650a8fdec	154	def	commaWords?
Grass/Assembly/X86Source.lean	1a5650a8fdec	163	def	placementArguments?
Grass/Assembly/X86Source.lean	1a5650a8fdec	173	def	evenKeys
Grass/Assembly/X86Source.lean	1a5650a8fdec	178	def	annotation?
Grass/Assembly/X86Source.lean	1a5650a8fdec	206	def	splitAnnotations
Grass/Assembly/X86Source.lean	1a5650a8fdec	212	def	parseStatement?
Grass/Assembly/X86Source.lean	1a5650a8fdec	220	def	annotationLine?
Grass/Assembly/X86Source.lean	1a5650a8fdec	224	def	appendAnnotations
Grass/Assembly/X86Source.lean	1a5650a8fdec	229	def	blank
Grass/Assembly/X86Source.lean	1a5650a8fdec	230	def	splitLines
Grass/Assembly/X86Source.lean	1a5650a8fdec	234	def	parseLines
Grass/Assembly/X86Source.lean	1a5650a8fdec	253	def	parseBody
Grass/Console/Accounting.lean	9a1b3c6edd73	13	def	committed
Grass/Console/Accounting.lean	9a1b3c6edd73	18	def	Accounts
Grass/Console/Accounting.lean	9a1b3c6edd73	21	theorem	steps_accounting_aux
Grass/Console/Accounting.lean	9a1b3c6edd73	55	theorem	steps_accounting
Grass/Console/Accounting.lean	9a1b3c6edd73	63	theorem	history_accounting
Grass/Console/Accounting.lean	9a1b3c6edd73	75	theorem	history_accounting_at_cut
Grass/Console/Accounting.lean	9a1b3c6edd73	88	theorem	no_infinite_descent
Grass/Console/Accounting.lean	9a1b3c6edd73	101	theorem	no_infinite_continuation
Grass/Console/Behavior.lean	e7beaa1acb3a	19	inductive	TerminalCause
Grass/Console/Behavior.lean	e7beaa1acb3a	27	inductive	Reply
Grass/Console/Behavior.lean	e7beaa1acb3a	32	def	FinishAllowed
Grass/Console/Behavior.lean	e7beaa1acb3a	39	def	ReplyAllowed
Grass/Console/Behavior.lean	e7beaa1acb3a	44	inductive	State
Grass/Console/Behavior.lean	e7beaa1acb3a	49	inductive	Event
Grass/Console/Behavior.lean	e7beaa1acb3a	56	inductive	Choice
Grass/Console/Behavior.lean	e7beaa1acb3a	60	def	system
Grass/Console/Behavior.lean	e7beaa1acb3a	81	theorem	step_iff
Grass/Console/Behavior.lean	e7beaa1acb3a	91	def	initial
Grass/Console/Behavior.lean	e7beaa1acb3a	96	def	advanceHistory
Grass/Console/Behavior.lean	e7beaa1acb3a	107	def	pendingAt
Grass/Console/Behavior.lean	e7beaa1acb3a	115	theorem	pendingAt_state
Grass/Console/Behavior.lean	e7beaa1acb3a	126	def	emittedBytes
Grass/Console/Behavior.lean	e7beaa1acb3a	131	theorem	emittedBytes_append
Grass/Console/Behavior.lean	e7beaa1acb3a	139	def	protocol
Grass/Console/Behavior.lean	e7beaa1acb3a	146	def	boundary
Grass/Console/Behavior.lean	e7beaa1acb3a	189	def	permanentWaitAt
Grass/Console/Behavior.lean	e7beaa1acb3a	195	theorem	every_cut_reachable
Grass/Console/Behavior.lean	e7beaa1acb3a	200	def	wait_at_cut
Grass/Console/Behavior.lean	e7beaa1acb3a	206	def	rank
Grass/Console/Behavior.lean	e7beaa1acb3a	210	theorem	step_rank_decreases
Grass/Console/Behavior.lean	e7beaa1acb3a	228	theorem	finish_possible
Grass/Console/Captured.lean	0b6baa66bd25	24	inductive	CapturedLiveness
Grass/Console/Captured.lean	0b6baa66bd25	30	structure	CapturedContext
Grass/Console/Captured.lean	0b6baa66bd25	36	structure	CapturedSuite
Grass/Console/Captured.lean	0b6baa66bd25	41	structure	CapturedSpecification
Grass/Console/Captured.lean	0b6baa66bd25	50	def	ofLine
Grass/Console/Captured.lean	0b6baa66bd25	55	def	context
Grass/Console/Captured.lean	0b6baa66bd25	59	def	withLiveness
Grass/Console/Captured.lean	0b6baa66bd25	63	theorem	withLiveness_context
Grass/Console/Captured.lean	0b6baa66bd25	66	theorem	withLiveness_fragments
Grass/Console/Captured.lean	0b6baa66bd25	72	def	system
Grass/Console/Captured.lean	0b6baa66bd25	76	abbrev	Complete
Grass/Console/Captured.lean	0b6baa66bd25	80	theorem	withLiveness_preserves_system
Grass/Console/Captured.lean	0b6baa66bd25	85	theorem	withLiveness_preserves_complete
Grass/Console/CapturedDemands.lean	f0f203d9d898	21	inductive	CapturedFacet
Grass/Console/CapturedDemands.lean	f0f203d9d898	35	def	OutputExact
Grass/Console/CapturedDemands.lean	f0f203d9d898	40	def	WaitsComplete
Grass/Console/CapturedDemands.lean	f0f203d9d898	46	def	ResourcesExact
Grass/Console/CapturedDemands.lean	f0f203d9d898	51	def	BoundaryTermination
Grass/Console/CapturedDemands.lean	f0f203d9d898	61	def	livenessStatement
Grass/Console/CapturedDemands.lean	f0f203d9d898	64	theorem	outputExact
Grass/Console/CapturedDemands.lean	f0f203d9d898	67	theorem	waitsComplete
Grass/Console/CapturedDemands.lean	f0f203d9d898	70	theorem	resourcesExact
Grass/Console/CapturedDemands.lean	f0f203d9d898	73	theorem	boundaryTermination
Grass/Console/CapturedDemands.lean	f0f203d9d898	80	theorem	livenessCorrect
Grass/Console/CapturedDemands.lean	f0f203d9d898	92	def	demandIdentity
Grass/Console/CapturedDemands.lean	f0f203d9d898	95	theorem	demandIdentity_injective
Grass/Console/CapturedDemands.lean	f0f203d9d898	99	abbrev	DemandKey
Grass/Console/CapturedDemands.lean	f0f203d9d898	102	def	demandStatement
Grass/Console/CapturedDemands.lean	f0f203d9d898	110	def	demandKind
Grass/Console/CapturedDemands.lean	f0f203d9d898	117	def	dependencies
Grass/Console/CapturedDemands.lean	f0f203d9d898	126	def	demands
Grass/Console/CapturedDemands.lean	f0f203d9d898	137	theorem	meetsDemands
Grass/Console/CapturedDemands.lean	f0f203d9d898	152	theorem	withLiveness_demandCount
Grass/Console/CapturedDemands.lean	f0f203d9d898	158	def	oldKey
Grass/Console/CapturedDemands.lean	f0f203d9d898	166	theorem	withLiveness_oldIdentity
Grass/Console/CapturedDemands.lean	f0f203d9d898	171	theorem	withLiveness_oldDependencies
Grass/Console/CapturedDemands.lean	f0f203d9d898	178	theorem	withLiveness_oldStatement
Grass/Console/CapturedProjection.lean	68a02b1a803d	15	structure	CapturedTargetProjection
Grass/Console/CapturedProjection.lean	68a02b1a803d	22	def	system
Grass/Console/CapturedProjection.lean	68a02b1a803d	24	abbrev	Complete
Grass/Console/CapturedProjection.lean	68a02b1a803d	26	def	resourceSemantics
Grass/Console/CapturedProjection.lean	68a02b1a803d	33	def	project
Grass/Console/CapturedProjection.lean	68a02b1a803d	37	theorem	project_system
Grass/Console/CapturedProjection.lean	68a02b1a803d	41	theorem	project_complete
Grass/Console/CapturedProjection.lean	68a02b1a803d	46	theorem	project_withLiveness
Grass/Console/LineBehavior.lean	ff536333cf19	17	structure	ConsoleWriteOutcomePolicy
Grass/Console/LineBehavior.lean	ff536333cf19	26	def	apply
Grass/Console/LineBehavior.lean	ff536333cf19	42	structure	LineRequest
Grass/Console/LineBehavior.lean	ff536333cf19	51	def	system
Grass/Console/LineBehavior.lean	ff536333cf19	56	abbrev	Complete
Grass/Console/LineBehavior.lean	ff536333cf19	61	def	waitingAt
Grass/Console/LineBehavior.lean	ff536333cf19	67	def	terminalAt
Grass/Console/LineBehavior.lean	ff536333cf19	77	def	outcome
Grass/Console/LineBehavior.lean	ff536333cf19	81	theorem	system_exact
Grass/Console/LineBehavior.lean	ff536333cf19	86	theorem	utf8_system_exact
Grass/Console/LineBehavior.lean	ff536333cf19	91	theorem	policy_preserves_system
Grass/Console/Resources.lean	8414e05d7203	11	inductive	ConsoleResourceModel
Grass/Console/Resources.lean	8414e05d7203	19	theorem	eq_singleLine
Grass/Console/Resources.lean	8414e05d7203	24	def	algebra
Grass/Console/Resources.lean	8414e05d7203	64	structure	ConsoleResourceSnapshot
Grass/Console/Resources.lean	8414e05d7203	77	def	captured
Grass/Console/Resources.lean	8414e05d7203	85	theorem	captured_axes_empty
Grass/Console/TargetProjection.lean	ea3105375bdb	15	structure	TargetProjection
Grass/Console/TargetProjection.lean	ea3105375bdb	23	def	payload
Grass/Console/TargetProjection.lean	ea3105375bdb	26	def	system
Grass/Console/TargetProjection.lean	ea3105375bdb	29	abbrev	Complete
Grass/Console/TargetProjection.lean	ea3105375bdb	32	def	status
Grass/Console/TargetProjection.lean	ea3105375bdb	36	theorem	system_exact
Grass/Console/TargetProjection.lean	ea3105375bdb	40	theorem	complete_exact
Grass/Console/TargetProjection.lean	ea3105375bdb	44	theorem	terminal_accounting
Grass/Console/TargetProjection.lean	ea3105375bdb	52	def	waitingAt
Grass/Console/TargetProjection.lean	ea3105375bdb	56	def	terminalAt
Grass/Console/TargetProjection.lean	ea3105375bdb	62	def	utf8CRLF
Grass/Console/TargetProjection.lean	ea3105375bdb	66	theorem	utf8CRLF_payload
Grass/Console/TargetProjection.lean	ea3105375bdb	71	def	successOrFailure
Grass/Console/TargetProjection.lean	ea3105375bdb	74	theorem	success_status
Grass/Console/TargetProjection.lean	ea3105375bdb	77	theorem	writeFailed_status
Grass/Console/TargetProjection.lean	ea3105375bdb	80	theorem	noProgress_status
Grass/Console/TargetProjection.lean	ea3105375bdb	83	theorem	unavailable_status
Grass/Console/Timing.lean	2d4794339d25	11	def	Good
Grass/Console/Timing.lean	2d4794339d25	15	theorem	step_good
Grass/Console/Timing.lean	2d4794339d25	31	theorem	steps_preserve
Grass/Console/Timing.lean	2d4794339d25	41	theorem	history_state_valid
Grass/Console/Timing.lean	2d4794339d25	50	theorem	completionAdequate
Grass/Console/Timing.lean	2d4794339d25	73	theorem	respondingResponsive
Grass/Console/Timing.lean	2d4794339d25	79	theorem	generated_terminates
Grass/Console/Timing.lean	2d4794339d25	91	theorem	respondingGeneratedNonempty
Grass/ISA/X86/Bytes.lean	63a60f5a6407	56	def	le32
Grass/ISA/X86/Bytes.lean	63a60f5a6407	65	def	le64
Grass/ISA/X86/Bytes.lean	63a60f5a6407	72	def	le16
Grass/ISA/X86/Bytes.lean	63a60f5a6407	79	theorem	split32
Grass/ISA/X86/Bytes.lean	63a60f5a6407	88	theorem	split64
Grass/ISA/X86/Bytes.lean	63a60f5a6407	103	theorem	split16
Grass/ISA/X86/Bytes.lean	63a60f5a6407	108	theorem	length_le32
Grass/ISA/X86/Bytes.lean	63a60f5a6407	109	theorem	length_le64
Grass/ISA/X86/Bytes.lean	63a60f5a6407	110	theorem	length_le16
Grass/ISA/X86/Bytes.lean	63a60f5a6407	117	def	toBytes
Grass/ISA/X86/Bytes.lean	63a60f5a6407	124	theorem	length_toBytes
Grass/ISA/X86/Bytes.lean	63a60f5a6407	130	inductive	Immediate
Grass/ISA/X86/Bytes.lean	63a60f5a6407	146	def	toBytes
Grass/ISA/X86/Bytes.lean	63a60f5a6407	153	def	size
Grass/ISA/X86/Bytes.lean	63a60f5a6407	156	theorem	length_toBytes
Grass/ISA/X86/Bytes.lean	63a60f5a6407	161	inductive	Size
Grass/ISA/X86/Bytes.lean	63a60f5a6407	169	def	sizeOf
Grass/ISA/X86/Bytes.lean	63a60f5a6407	184	structure	InsnEncoding
Grass/ISA/X86/Bytes.lean	63a60f5a6407	206	def	escapeByte
Grass/ISA/X86/Bytes.lean	63a60f5a6407	216	def	rexBytes
Grass/ISA/X86/Bytes.lean	63a60f5a6407	221	def	escapeBytes
Grass/ISA/X86/Bytes.lean	63a60f5a6407	224	def	modrmBytes
Grass/ISA/X86/Bytes.lean	63a60f5a6407	229	def	sibBytes
Grass/ISA/X86/Bytes.lean	63a60f5a6407	240	def	toBytes
Grass/ISA/X86/Bytes.lean	63a60f5a6407	275	def	WellFormed
Grass/ISA/X86/Bytes.lean	63a60f5a6407	290	theorem	not_wellFormed_sib_without_modrm
Grass/ISA/X86/Bytes.lean	63a60f5a6407	298	def	size
Grass/ISA/X86/Bytes.lean	63a60f5a6407	304	theorem	size_pos
Grass/ISA/X86/Bytes.lean	63a60f5a6407	312	theorem	length_toBytes
Grass/ISA/X86/Bytes.lean	63a60f5a6407	334	inductive	RegField
Grass/ISA/X86/Bytes.lean	63a60f5a6407	344	def	bits
Grass/ISA/X86/Bytes.lean	63a60f5a6407	349	def	extended
Grass/ISA/X86/Bytes.lean	63a60f5a6407	354	theorem	ext_not_extended
Grass/ISA/X86/Bytes.lean	63a60f5a6407	357	theorem	reg_extended
Grass/ISA/X86/Bytes.lean	63a60f5a6407	370	def	encodeMemInsn
Grass/ISA/X86/Bytes.lean	63a60f5a6407	396	def	movRegImm32
Grass/ISA/X86/Bytes.lean	63a60f5a6407	408	theorem	movRegImm32_wellFormed
Grass/ISA/X86/Bytes.lean	63a60f5a6407	436	def	movRegImm64
Grass/ISA/X86/Bytes.lean	63a60f5a6407	447	theorem	movRegImm64_wellFormed
Grass/ISA/X86/Bytes.lean	63a60f5a6407	459	def	leaR64
Grass/ISA/X86/Bytes.lean	63a60f5a6407	466	def	callMem64
Grass/ISA/X86/Bytes.lean	63a60f5a6407	470	def	movMem32Imm32
Grass/ISA/X86/Bytes.lean	63a60f5a6407	474	def	movMem64Imm32
Grass/ISA/X86/Decode.lean	9fea6d87f2c3	58	structure	OpcodeSpec
Grass/ISA/X86/Decode.lean	9fea6d87f2c3	96	def	immSizeFor
Grass/ISA/X86/Decode.lean	9fea6d87f2c3	100	theorem	immSizeFor_false
Grass/ISA/X86/Decode.lean	9fea6d87f2c3	106	theorem	immSizeFor_not_promoted
Grass/ISA/X86/Decode.lean	9fea6d87f2c3	117	def	rexWSet
Grass/ISA/X86/Decode.lean	9fea6d87f2c3	122	theorem	rexWSet_none
Grass/ISA/X86/Decode.lean	9fea6d87f2c3	130	def	plusRegRows
Grass/ISA/X86/Decode.lean	9fea6d87f2c3	165	def	opcodeTable
Grass/ISA/X86/Decode.lean	9fea6d87f2c3	214	def	findSpec
Grass/ISA/X86/Decode.lean	9fea6d87f2c3	226	theorem	opcodeTable_unambiguous
Grass/ISA/X86/Decode.lean	9fea6d87f2c3	238	inductive	DecodeError
Grass/ISA/X86/Decode.lean	9fea6d87f2c3	251	def	takeByte
Grass/ISA/X86/Decode.lean	9fea6d87f2c3	257	def	takeLe64
Grass/ISA/X86/Decode.lean	9fea6d87f2c3	264	def	takeLe32
Grass/ISA/X86/Decode.lean	9fea6d87f2c3	270	def	takeDisp
Grass/ISA/X86/Decode.lean	9fea6d87f2c3	279	def	takeImm
Grass/ISA/X86/Decode.lean	9fea6d87f2c3	296	def	decodeOperands
Grass/ISA/X86/Decode.lean	9fea6d87f2c3	328	def	decodeInsn
Grass/ISA/X86/Decode.lean	9fea6d87f2c3	360	def	MatchesSpec
Grass/ISA/X86/Decode.lean	9fea6d87f2c3	369	theorem	takeLe32_le32
Grass/ISA/X86/Decode.lean	9fea6d87f2c3	375	theorem	takeLe64_le64
Grass/ISA/X86/Decode.lean	9fea6d87f2c3	381	theorem	takeDisp_toBytes
Grass/ISA/X86/Decode.lean	9fea6d87f2c3	392	theorem	takeImm_toBytes
Grass/ISA/X86/Decode.lean	9fea6d87f2c3	414	theorem	decodeOperands_bytes
Grass/ISA/X86/Decode.lean	9fea6d87f2c3	447	theorem	decodeOperands_bytes_noModrm
Grass/ISA/X86/Decode.lean	9fea6d87f2c3	467	theorem	no_table_opcode_is_rex
Grass/ISA/X86/Decode.lean	9fea6d87f2c3	487	theorem	cmovcc_opcode_is_in_rex_range
Grass/ISA/X86/Decode.lean	9fea6d87f2c3	492	theorem	no_plain_table_opcode_is_escape
Grass/ISA/X86/Decode.lean	9fea6d87f2c3	505	theorem	sib_isSome_eq_needed
Grass/ISA/X86/Decode.lean	9fea6d87f2c3	531	theorem	escapeByte_not_rex
Grass/ISA/X86/Decode.lean	9fea6d87f2c3	584	theorem	for
Grass/ISA/X86/Decode.lean	9fea6d87f2c3	588	theorem	decodeInsn_toBytes
Grass/ISA/X86/Decode.lean	9fea6d87f2c3	744	theorem	findSpec_escape_opcode
Grass/ISA/X86/Decode.lean	9fea6d87f2c3	758	def	specShapeFor
Grass/ISA/X86/Decode.lean	9fea6d87f2c3	774	theorem	encodeMemInsn_wellFormed
Grass/ISA/X86/Decode.lean	9fea6d87f2c3	807	theorem	encodeMemInsn_decodes
Grass/ISA/X86/Decode.lean	9fea6d87f2c3	831	theorem	leaR64_decodes
Grass/ISA/X86/Decode.lean	9fea6d87f2c3	837	theorem	callMem64_decodes
Grass/ISA/X86/Decode.lean	9fea6d87f2c3	843	theorem	movMem32Imm32_decodes
Grass/ISA/X86/Decode.lean	9fea6d87f2c3	849	theorem	movMem64Imm32_decodes
Grass/ISA/X86/Execution/Instruction.lean	e6b2952dbb35	21	inductive	Instruction
Grass/ISA/X86/Execution/Instruction.lean	e6b2952dbb35	35	def	encoding?
Grass/ISA/X86/Execution/Instruction.lean	e6b2952dbb35	45	structure	Selection
Grass/ISA/X86/Execution/Instruction.lean	e6b2952dbb35	49	def	accept
Grass/ISA/X86/Execution/Instruction.lean	e6b2952dbb35	53	def	selectControl
Grass/ISA/X86/Execution/Instruction.lean	e6b2952dbb35	62	def	select
Grass/ISA/X86/Execution/Instruction.lean	e6b2952dbb35	83	theorem	Selection.encoding_sound
Grass/ISA/X86/Execution/LeaNormal.lean	a2c8a4545114	10	inductive	LeaBase
Grass/ISA/X86/Execution/LeaNormal.lean	a2c8a4545114	15	structure	LeaInstruction
Grass/ISA/X86/Execution/LeaNormal.lean	a2c8a4545114	23	def	operand
Grass/ISA/X86/Execution/LeaNormal.lean	a2c8a4545114	28	def	encoding?
Grass/ISA/X86/Execution/LeaNormal.lean	a2c8a4545114	33	def	accept
Grass/ISA/X86/Execution/LeaNormal.lean	a2c8a4545114	37	def	select
Grass/ISA/X86/Execution/LeaNormal.lean	a2c8a4545114	53	theorem	select_sound
Grass/ISA/X86/Execution/LeaNormal.lean	a2c8a4545114	62	def	baseValue
Grass/ISA/X86/Execution/LeaNormal.lean	a2c8a4545114	68	def	effectiveAddress
Grass/ISA/X86/Execution/LeaNormal.lean	a2c8a4545114	74	structure	LeaNormal
Grass/ISA/X86/Execution/LeaNormal.lean	a2c8a4545114	81	def	result
Grass/ISA/X86/Execution/LeaNormal.lean	a2c8a4545114	90	theorem	destination_exact
Grass/ISA/X86/Execution/LeaNormal.lean	a2c8a4545114	96	theorem	gpr_frame
Grass/ISA/X86/Execution/LeaNormal.lean	a2c8a4545114	102	theorem	rip_exact
Grass/ISA/X86/Execution/LeaNormal.lean	a2c8a4545114	106	theorem	rflags_exact
Grass/ISA/X86/Execution/LeaNormal.lean	a2c8a4545114	110	theorem	state_frame
Grass/ISA/X86/Execution/LeaNormal.lean	a2c8a4545114	116	theorem	storage_frame
Grass/ISA/X86/Execution/LeaNormal.lean	a2c8a4545114	122	theorem	events_exact
Grass/ISA/X86/Execution/LeaNormal.lean	a2c8a4545114	130	theorem	ripRelative_address
Grass/ISA/X86/Execution/LeaNormal.lean	a2c8a4545114	137	theorem	rsp_address
Grass/ISA/X86/ImmediateArithmetic.lean	fc3099667fb0	11	inductive	Kind
Grass/ISA/X86/ImmediateArithmetic.lean	fc3099667fb0	17	inductive	Immediate
Grass/ISA/X86/ImmediateArithmetic.lean	fc3099667fb0	23	def	Immediate.toInt
Grass/ISA/X86/ImmediateArithmetic.lean	fc3099667fb0	27	def	Immediate.isa
Grass/ISA/X86/ImmediateArithmetic.lean	fc3099667fb0	32	def	Immediate.size
Grass/ISA/X86/ImmediateArithmetic.lean	fc3099667fb0	34	def	Kind.extension
Grass/ISA/X86/ImmediateArithmetic.lean	fc3099667fb0	38	def	Immediate.opcode
Grass/ISA/X86/ImmediateArithmetic.lean	fc3099667fb0	43	def	encode
Grass/ISA/X86/ImmediateArithmetic.lean	fc3099667fb0	54	theorem	Immediate.toInt_i8
Grass/ISA/X86/ImmediateArithmetic.lean	fc3099667fb0	57	theorem	Immediate.toInt_i32
Grass/ISA/X86/ImmediateArithmetic.lean	fc3099667fb0	60	theorem	encode_imm_i8
Grass/ISA/X86/ImmediateArithmetic.lean	fc3099667fb0	64	theorem	encode_imm_i32
Grass/ISA/X86/ImmediateArithmetic.lean	fc3099667fb0	68	theorem	encode_opcode_i8
Grass/ISA/X86/ImmediateArithmetic.lean	fc3099667fb0	71	theorem	encode_opcode_i32
Grass/ISA/X86/ImmediateArithmetic.lean	fc3099667fb0	74	theorem	encode_modrm
Grass/ISA/X86/ImmediateArithmetic.lean	fc3099667fb0	79	theorem	encode_rex
Grass/ISA/X86/ImmediateArithmetic.lean	fc3099667fb0	85	theorem	encode_wellFormed
Grass/ISA/X86/ImmediateArithmetic.lean	fc3099667fb0	93	theorem	encode_size
Grass/ISA/X86/ImmediateArithmetic.lean	fc3099667fb0	99	structure	Operand
Grass/ISA/X86/ImmediateArithmetic.lean	fc3099667fb0	105	theorem	operandSpec_present
Grass/ISA/X86/ImmediateArithmetic.lean	fc3099667fb0	111	def	operandSpec
Grass/ISA/X86/ImmediateArithmetic.lean	fc3099667fb0	116	theorem	operandSpec_i8
Grass/ISA/X86/ImmediateArithmetic.lean	fc3099667fb0	122	theorem	operandSpec_i32
Grass/ISA/X86/ImmediateArithmetic.lean	fc3099667fb0	128	def	template
Grass/ISA/X86/ImmediateArithmetic.lean	fc3099667fb0	144	theorem	decode_encode
Grass/ISA/X86/Register.lean	9a4441ed2727	115	inductive	Gpr
Grass/ISA/X86/Register.lean	9a4441ed2727	142	def	all
Grass/ISA/X86/Register.lean	9a4441ed2727	147	def	index
Grass/ISA/X86/Register.lean	9a4441ed2727	154	theorem	length_all
Grass/ISA/X86/Register.lean	9a4441ed2727	162	def	ofIndex
Grass/ISA/X86/Register.lean	9a4441ed2727	164	theorem	ofIndex_index
Grass/ISA/X86/Register.lean	9a4441ed2727	167	theorem	index_ofIndex
Grass/ISA/X86/Register.lean	9a4441ed2727	170	theorem	index_injective
Grass/ISA/X86/Register.lean	9a4441ed2727	173	theorem	mem_all
Grass/ISA/X86/Register.lean	9a4441ed2727	182	def	isExtended
Grass/ISA/X86/Register.lean	9a4441ed2727	185	def	lowBits
Grass/ISA/X86/Register.lean	9a4441ed2727	194	theorem	lowBits_eq_iff_isExtended_ne
Grass/ISA/X86/Register.lean	9a4441ed2727	202	inductive	Width
Grass/ISA/X86/Register.lean	9a4441ed2727	215	def	bits
Grass/ISA/X86/Register.lean	9a4441ed2727	219	def	all
Grass/ISA/X86/Register.lean	9a4441ed2727	242	def	default64BitMode
Grass/ISA/X86/Register.lean	9a4441ed2727	252	def	writeBack
Grass/ISA/X86/Register.lean	9a4441ed2727	264	theorem	read_back_w8
Grass/ISA/X86/Register.lean	9a4441ed2727	270	theorem	read_back_w16
Grass/ISA/X86/Register.lean	9a4441ed2727	276	theorem	read_back_w32
Grass/ISA/X86/Register.lean	9a4441ed2727	282	theorem	read_back_w64
Grass/ISA/X86/Register.lean	9a4441ed2727	291	theorem	read_back
Grass/ISA/X86/Register.lean	9a4441ed2727	300	theorem	w64_independent
Grass/ISA/X86/Register.lean	9a4441ed2727	309	theorem	w32_independent
Grass/ISA/X86/Register.lean	9a4441ed2727	313	theorem	w32_clears_high
Grass/ISA/X86/Register.lean	9a4441ed2727	321	theorem	w16_preserves_high
Grass/ISA/X86/Register.lean	9a4441ed2727	330	theorem	w8_preserves_high
Grass/ISA/X86/Register.lean	9a4441ed2727	344	theorem	w16_not_independent
Grass/ISA/X86/Register.lean	9a4441ed2727	350	theorem	w8_not_independent
Grass/ISA/X86/Register.lean	9a4441ed2727	370	inductive	ByteReg
Grass/ISA/X86/Register.lean	9a4441ed2727	381	def	highCapable
Grass/ISA/X86/Register.lean	9a4441ed2727	388	def	requiresRex
Grass/ISA/X86/Register.lean	9a4441ed2727	403	def	Encodable
Grass/ISA/X86/Register.lean	9a4441ed2727	413	def	encodingNumber
Grass/ISA/X86/Register.lean	9a4441ed2727	422	theorem	high_low_collide
Grass/ISA/X86/Register.lean	9a4441ed2727	429	theorem	not_encodable_both
Grass/ISA/X86/Register.lean	9a4441ed2727	435	theorem	high_not_encodable_with_rex
Grass/ISA/X86/RegisterLaws.lean	b1b0d72578b0	11	theorem	test_w32_self_zero
Grass/ISA/X86/RegisterLaws.lean	b1b0d72578b0	17	theorem	test_w64_self_zero
Grass/ISA/X86/RegisterLaws.lean	b1b0d72578b0	22	theorem	cmp_w32_above
Grass/ISA/X86/RegisterLaws.lean	b1b0d72578b0	32	theorem	test_w32_self_zero_iff
Grass/ISA/X86/RegisterLaws.lean	b1b0d72578b0	38	theorem	test_w64_self_zero_iff
Grass/ISA/X86/RegisterLaws.lean	b1b0d72578b0	44	theorem	cmp_w32_above_iff
Grass/ISA/X86/RegisterLaws.lean	b1b0d72578b0	52	theorem	evaluate_sub_w32_destination
Grass/ISA/X86/RegisterLaws.lean	b1b0d72578b0	58	theorem	evaluate_sub_w32_toNat
Grass/ISA/X86/RegisterLaws.lean	b1b0d72578b0	71	theorem	evaluate_sub_w32_strict_decrease
Grass/ISA/X86/RegisterLaws.lean	b1b0d72578b0	80	theorem	evaluate_add_w64_destination
Grass/ISA/X86/RegisterLaws.lean	b1b0d72578b0	86	theorem	evaluate_add_w64_toNat
Grass/ISA/X86/RegisterSemantics.lean	ecf39c970169	23	structure	Flags
Grass/ISA/X86/RegisterSemantics.lean	ecf39c970169	32	def	Flags.map
Grass/ISA/X86/RegisterSemantics.lean	ecf39c970169	36	def	Flags.bits
Grass/ISA/X86/RegisterSemantics.lean	ecf39c970169	41	def	Flags.fromBits
Grass/ISA/X86/RegisterSemantics.lean	ecf39c970169	46	def	Flags.Allows
Grass/ISA/X86/RegisterSemantics.lean	ecf39c970169	57	def	Flags.definedMask
Grass/ISA/X86/RegisterSemantics.lean	ecf39c970169	61	def	Flags.valueBits
Grass/ISA/X86/RegisterSemantics.lean	ecf39c970169	64	theorem	Flags.exact_allows
Grass/ISA/X86/RegisterSemantics.lean	ecf39c970169	68	theorem	Flags.allows_representative
Grass/ISA/X86/RegisterSemantics.lean	ecf39c970169	74	def	Flags.equal?
Grass/ISA/X86/RegisterSemantics.lean	ecf39c970169	77	def	Flags.above?
Grass/ISA/X86/RegisterSemantics.lean	ecf39c970169	82	inductive	Kind
Grass/ISA/X86/RegisterSemantics.lean	ecf39c970169	86	def	parity
Grass/ISA/X86/RegisterSemantics.lean	ecf39c970169	89	def	arithmeticFlags
Grass/ISA/X86/RegisterSemantics.lean	ecf39c970169	102	def	logicalFlags
Grass/ISA/X86/RegisterSemantics.lean	ecf39c970169	106	structure	NarrowEffect
Grass/ISA/X86/RegisterSemantics.lean	ecf39c970169	110	def	narrow
Grass/ISA/X86/RegisterSemantics.lean	ecf39c970169	120	structure	Effect
Grass/ISA/X86/RegisterSemantics.lean	ecf39c970169	127	def	evaluate
Grass/ISA/X86/RegisterSemantics.lean	ecf39c970169	138	def	evaluateImmediate
Grass/ISA/X86/RegisterSemantics.lean	ecf39c970169	144	def	Effect.destination
Grass/ISA/X86/RegisterSemantics.lean	ecf39c970169	147	def	Effect.Allows
Grass/ISA/X86/RegisterSemantics.lean	ecf39c970169	150	theorem	cmp_no_write
Grass/ISA/X86/RegisterSemantics.lean	ecf39c970169	153	theorem	test_no_write
Grass/ISA/X86/RegisterSemantics.lean	ecf39c970169	156	theorem	cmp_sub_flags
Grass/ISA/X86/RegisterSemantics.lean	ecf39c970169	160	theorem	mov_preserves_flags
Grass/ISA/X86/RegisterSemantics.lean	ecf39c970169	163	theorem	logical_af_undefined
Grass/ISA/X86/RegisterSemantics.lean	ecf39c970169	168	theorem	w32_write_clears_high
Grass/ISA/X86/RegisterSemantics.lean	ecf39c970169	179	structure	Instruction
Grass/ISA/X86/RegisterSemantics.lean	ecf39c970169	186	def	Instruction.encoding
Grass/ISA/X86/RegisterSemantics.lean	ecf39c970169	198	def	Instruction.effect
Grass/ISA/X86/RegisterSemantics.lean	ecf39c970169	205	def	Instruction.registersAfter
Grass/ISA/X86/RegisterSemantics.lean	ecf39c970169	210	theorem	Instruction.preserves_other
Grass/ISA/X86/RegisterSemantics.lean	ecf39c970169	216	theorem	Instruction.effect_congr
Grass/ISA/X86/RegisterSemantics.lean	ecf39c970169	223	theorem	Instruction.comparison_preserves_registers
Grass/ISA/X86/RegisterSemantics.lean	ecf39c970169	234	theorem	Instruction.encoding_decodes
Grass/Memory/Access.lean	278175b3abd7	64	structure	ObservationLabel
Grass/Memory/Access.lean	278175b3abd7	83	inductive	InitializationDemand
Grass/Memory/Access.lean	278175b3abd7	103	def	justification?
Grass/Memory/Access.lean	278175b3abd7	107	theorem	justification?_allBytesInitialized
Grass/Memory/Access.lean	278175b3abd7	110	theorem	justification?_readsNothing
Grass/Memory/Access.lean	278175b3abd7	113	theorem	justification?_permitsUninitialized
Grass/Memory/Access.lean	278175b3abd7	126	structure	AccessDescriptor
Grass/Memory/Access.lean	278175b3abd7	179	def	AlignmentSatisfied
Grass/Memory/Access.lean	278175b3abd7	196	def	RangeFitsSpace
Grass/Memory/Access.lean	278175b3abd7	238	structure	WellFormedIn
Grass/Memory/Access.lean	278175b3abd7	341	def	IsPlainRead
Grass/Memory/Access.lean	278175b3abd7	346	def	IsPlainWrite
Grass/Memory/Access.lean	278175b3abd7	379	def	committedWriteRange
Grass/Memory/Access.lean	278175b3abd7	382	theorem	committedWriteRange_completed
Grass/Memory/Access.lean	278175b3abd7	393	theorem	committedWriteRange_completed_read
Grass/Memory/Access.lean	278175b3abd7	405	theorem	committedWriteRange_contained
Grass/Memory/Access.lean	278175b3abd7	411	theorem	committedWriteRange_size
Grass/Memory/Access.lean	278175b3abd7	419	theorem	committedWriteRange_faulted
Grass/Memory/Access.lean	278175b3abd7	428	theorem	committedWriteRange_faulted_read_only
Grass/Memory/AddressSpace.lean	81fbd8d68ba6	42	structure	AddressSpaceId
Grass/Memory/AddressSpace.lean	81fbd8d68ba6	50	def	cpuVirtual
Grass/Memory/AddressSpace.lean	81fbd8d68ba6	53	def	cpuPhysical
Grass/Memory/AddressSpace.lean	81fbd8d68ba6	56	def	deviceLocal
Grass/Memory/AddressSpace.lean	81fbd8d68ba6	59	def	deviceHostVisible
Grass/Memory/AddressSpace.lean	81fbd8d68ba6	62	def	spirvPrivate
Grass/Memory/AddressSpace.lean	81fbd8d68ba6	65	def	spirvInput
Grass/Memory/AddressSpace.lean	81fbd8d68ba6	68	def	spirvOutput
Grass/Memory/AddressSpace.lean	81fbd8d68ba6	71	def	spirvPushConstant
Grass/Memory/AddressSpace.lean	81fbd8d68ba6	96	inductive	RepresentationDemand
Grass/Memory/AddressSpace.lean	81fbd8d68ba6	116	def	requiredRepresentation
Grass/Memory/AddressSpace.lean	81fbd8d68ba6	126	structure	MemoryTypeId
Grass/Memory/AddressSpace.lean	81fbd8d68ba6	135	def	writeBack
Grass/Memory/AddressSpace.lean	81fbd8d68ba6	138	def	writeCombining
Grass/Memory/AddressSpace.lean	81fbd8d68ba6	141	def	uncached
Grass/Memory/AddressSpace.lean	81fbd8d68ba6	144	def	notHostCached
Grass/Memory/AddressSpace.lean	81fbd8d68ba6	156	inductive	Coherence
Grass/Memory/AddressSpace.lean	81fbd8d68ba6	166	inductive	AddressRepr
Grass/Memory/AddressSpace.lean	81fbd8d68ba6	175	inductive	SymbolicAddressTag
Grass/Memory/AddressSpace.lean	81fbd8d68ba6	178	abbrev	SymbolicAddressId
Grass/Memory/AddressSpace.lean	81fbd8d68ba6	181	abbrev	MachineAddress
Grass/Memory/AddressSpace.lean	81fbd8d68ba6	190	inductive	Address
Grass/Memory/AddressSpace.lean	81fbd8d68ba6	200	def	value?
Grass/Memory/AddressSpace.lean	81fbd8d68ba6	204	theorem	value?_numeric
Grass/Memory/AddressSpace.lean	81fbd8d68ba6	207	theorem	value?_symbolic
Grass/Memory/AddressSpace.lean	81fbd8d68ba6	216	structure	AddressSpace
Grass/Memory/AddressSpace.lean	81fbd8d68ba6	273	def	RepresentationMatchesIdentity
Grass/Memory/AddressSpace.lean	81fbd8d68ba6	308	def	WellFormed
Grass/Memory/AddressSpace.lean	81fbd8d68ba6	325	def	Representable
Grass/Memory/AddressSpace.lean	81fbd8d68ba6	337	theorem	not_representable_numeric_in_symbolic
Grass/Memory/AddressSpace.lean	81fbd8d68ba6	343	theorem	not_representable_symbolic_in_numeric
Grass/Memory/AddressSpace.lean	81fbd8d68ba6	349	def	cpuVirtual64
Grass/Memory/AddressSpace.lean	81fbd8d68ba6	354	def	spirvPrivate
Grass/Memory/AddressSpace.lean	81fbd8d68ba6	358	theorem	wellFormed_cpuVirtual64
Grass/Memory/AddressSpace.lean	81fbd8d68ba6	360	theorem	wellFormed_spirvPrivate
Grass/Memory/AddressSpace.lean	81fbd8d68ba6	365	theorem	not_wellFormed_symbolic_cpuVirtual
Grass/Memory/AddressSpace.lean	81fbd8d68ba6	371	theorem	not_wellFormed_numeric_spirvPrivate
Grass/Memory/AddressSpace.lean	81fbd8d68ba6	380	theorem	an_unnamed_identity_is_numerically_addressed
Grass/Memory/AddressSpace.lean	81fbd8d68ba6	389	theorem	a_narrow_numeric_cpu_space_is_not_well_formed
Grass/Memory/AddressSpace.lean	81fbd8d68ba6	396	theorem	every_named_identity_constrains_its_representation
Grass/Memory/AddressSpace.lean	81fbd8d68ba6	412	theorem	representable_of_bits_eq_64
Grass/Memory/AddressSpace.lean	81fbd8d68ba6	418	theorem	representable_symbolic
Grass/Memory/AddressSpace.lean	81fbd8d68ba6	439	structure	AddressSpaceTable
Grass/Memory/AddressSpace.lean	81fbd8d68ba6	447	def	empty
Grass/Memory/AddressSpace.lean	81fbd8d68ba6	451	def	find?
Grass/Memory/AddressSpace.lean	81fbd8d68ba6	455	def	Declares
Grass/Memory/AddressSpace.lean	81fbd8d68ba6	461	theorem	find?_empty
Grass/Memory/AddressSpace.lean	81fbd8d68ba6	463	theorem	not_declares_empty
Grass/Memory/AddressSpace.lean	81fbd8d68ba6	468	theorem	id_of_find?
Grass/Memory/AddressSpace.lean	81fbd8d68ba6	482	def	WellFormed
Grass/Memory/AddressSpace.lean	81fbd8d68ba6	486	theorem	wellFormed_empty
Grass/Memory/AddressSpace.lean	81fbd8d68ba6	490	def	cpuOnly
Grass/Memory/AddressSpace.lean	81fbd8d68ba6	492	theorem	wellFormed_cpuOnly
Grass/Memory/AddressSpace.lean	81fbd8d68ba6	499	theorem	find?_cpuOnly
Grass/Memory/Apply.lean	d05847463318	140	def	MemoryState.ResolveFailure.auditClass
Grass/Memory/Apply.lean	d05847463318	155	inductive	MemoryState.ResolveClassification
Grass/Memory/Apply.lean	d05847463318	160	def	MemoryState.resolveClassification
Grass/Memory/Apply.lean	d05847463318	169	def	MemoryState.resolveClassificationOfMetadata
Grass/Memory/Apply.lean	d05847463318	190	theorem	ByteRange.shiftedWithinBound_of_extent_eq
Grass/Memory/Apply.lean	d05847463318	199	theorem	MemoryState.resolveClassification_eq_metadata
Grass/Memory/Apply.lean	d05847463318	227	theorem	MemoryState.resolveClassification_congr_metadata
Grass/Memory/Apply.lean	d05847463318	236	def	prepareAccess
Grass/Memory/Apply.lean	d05847463318	258	def	denialOf
Grass/Memory/Apply.lean	d05847463318	263	theorem	denialOf_prepareAccess_error
Grass/Memory/Apply.lean	d05847463318	269	theorem	denialOf_prepareAccess_ok
Grass/Memory/Apply.lean	d05847463318	275	theorem	denialOf_eq_none_iff
Grass/Memory/Apply.lean	d05847463318	284	theorem	prepareAccess_ok_unique
Grass/Memory/Apply.lean	d05847463318	290	theorem	resolveAccess?_of_prepareAccess
Grass/Memory/Apply.lean	d05847463318	309	theorem	dedicatedBackings_of_prepareAccess
Grass/Memory/Apply.lean	d05847463318	355	theorem	the_bounds_clause_cannot_fire
Grass/Memory/Apply.lean	d05847463318	364	structure	AccessResult
Grass/Memory/Apply.lean	d05847463318	374	def	refused
Grass/Memory/Apply.lean	d05847463318	377	def	Committed
Grass/Memory/Apply.lean	d05847463318	386	def	observedBytes
Grass/Memory/Apply.lean	d05847463318	397	theorem	MemoryState.ResolvedAccess.rangeInitialized_iff_initializedAt
Grass/Memory/Apply.lean	d05847463318	430	theorem	MemoryState.ResolvedAccess.rangeInitialized_congr
Grass/Memory/Apply.lean	d05847463318	454	theorem	MemoryState.ResolvedAccess.prefix_span_disjoint_of_same_root
Grass/Memory/Apply.lean	d05847463318	474	theorem	MemoryState.ResolvedAccess.prefix_span_disjoint_of_ne
Grass/Memory/Apply.lean	d05847463318	510	def	WrittenFits
Grass/Memory/Apply.lean	d05847463318	515	def	MemoryState.commitResolved
Grass/Memory/Apply.lean	d05847463318	524	theorem	grantEntries_commitResolved
Grass/Memory/Apply.lean	d05847463318	535	theorem	dedicatedBackings_commitResolved
Grass/Memory/Apply.lean	d05847463318	547	theorem	dedicatedBackings_writeResolved_iff
Grass/Memory/Apply.lean	d05847463318	557	theorem	commitResolved_of_eq_none
Grass/Memory/Apply.lean	d05847463318	564	theorem	commitResolved_of_eq_some
Grass/Memory/Apply.lean	d05847463318	573	theorem	metadataAt_commitResolved
Grass/Memory/Apply.lean	d05847463318	587	def	writtenBytes
Grass/Memory/Apply.lean	d05847463318	590	theorem	writtenBytes_fits
Grass/Memory/Apply.lean	d05847463318	606	theorem	cellAt?_commitResolved_of_span_disjoint
Grass/Memory/Apply.lean	d05847463318	622	theorem	cellAt?_commitResolved_of_untouched
Grass/Memory/Apply.lean	d05847463318	642	def	applyAccess
Grass/Memory/Apply.lean	d05847463318	674	theorem	applyAccess_refused_preserves_state
Grass/Memory/Apply.lean	d05847463318	688	theorem	applyAccess_refused_observes_nothing
Grass/Memory/Apply.lean	d05847463318	702	theorem	applyAccess_state
Grass/Memory/Apply.lean	d05847463318	714	theorem	applyAccess_read_preserves_state
Grass/Memory/Apply.lean	d05847463318	726	theorem	applyAccess_frames_other_allocation
Grass/Memory/Apply.lean	d05847463318	743	theorem	applyAccess_frames_uncovered_offset
Grass/Memory/Apply.lean	d05847463318	759	theorem	applyAccess_frames_disjoint_range
Grass/Memory/Apply.lean	d05847463318	769	theorem	applyAccess_result
Grass/Memory/Apply.lean	d05847463318	783	theorem	observedBytes_congr
Grass/Memory/Apply.lean	d05847463318	807	theorem	denialOf_congr_of_resolved_init
Grass/Memory/Apply.lean	d05847463318	847	theorem	denialOf_congr_of_resolved
Grass/Memory/Apply.lean	d05847463318	860	theorem	denialOf_congr_of_agrees
Grass/Memory/Apply.lean	d05847463318	887	theorem	denialOf_writeResolved_of_span_disjoint
Grass/Memory/Apply.lean	d05847463318	922	theorem	prepareAccess_writeResolved_of_span_disjoint
Grass/Memory/Apply.lean	d05847463318	950	theorem	denialOf_commitResolved_of_span_disjoint
Grass/Memory/Apply.lean	d05847463318	967	theorem	denialOf_applyAccess_of_disjoint
Grass/Memory/Apply.lean	d05847463318	984	theorem	denialOf_applyAccess_of_other_allocation
Grass/Memory/Apply.lean	d05847463318	1002	theorem	applyAccess_comm_of_prepared
Grass/Memory/Apply.lean	d05847463318	1095	theorem	applyAccess_comm
Grass/Memory/Apply.lean	d05847463318	1137	theorem	applyAccess_comm_of_other_allocation
Grass/Memory/Apply.lean	d05847463318	1179	theorem	applyAccess_result_congr
Grass/Memory/Apply.lean	d05847463318	1209	theorem	applyAccess_result_comm
Grass/Memory/Apply.lean	d05847463318	1224	theorem	applyAccess_result_comm_of_other_allocation
Grass/Memory/Apply.lean	d05847463318	1253	theorem	applyAccess_preserves_metadata
Grass/Memory/Apply.lean	d05847463318	1281	def	PreservationLaws
Grass/Memory/Apply.lean	d05847463318	1305	theorem	preservationLaws
Grass/Memory/Apply.lean	d05847463318	1327	def	runBlock
Grass/Memory/Apply.lean	d05847463318	1345	theorem	applyAccess_state_indep
Grass/Memory/Apply.lean	d05847463318	1352	def	Touches
Grass/Memory/Apply.lean	d05847463318	1360	theorem	cellAt?_applyAccess_of_untouched
Grass/Memory/Apply.lean	d05847463318	1379	theorem	cellAt?_runBlock_of_untouched
Grass/Memory/Apply.lean	d05847463318	1392	theorem	runBlock_state_indep
Grass/Memory/Apply.lean	d05847463318	1401	theorem	byteAt?_runBlock_of_untouched
Grass/Memory/Apply.lean	d05847463318	1415	theorem	byteAt?_write_survives_block
Grass/Memory/Audit.lean	36769f113fb1	41	theorem	as
Grass/Memory/Audit.lean	36769f113fb1	66	structure	AuditViolationClass
Grass/Memory/Audit.lean	36769f113fb1	74	def	outOfBounds
Grass/Memory/Audit.lean	36769f113fb1	80	def	provenanceNotAllocated
Grass/Memory/Audit.lean	36769f113fb1	84	def	deadProvenance
Grass/Memory/Audit.lean	36769f113fb1	102	def	staleEpoch
Grass/Memory/Audit.lean	36769f113fb1	110	def	permissionDenied
Grass/Memory/Audit.lean	36769f113fb1	129	def	intentNotPermitted
Grass/Memory/Audit.lean	36769f113fb1	132	def	uninitializedRead
Grass/Memory/Audit.lean	36769f113fb1	135	def	misaligned
Grass/Memory/Audit.lean	36769f113fb1	153	def	authorityUnavailable
Grass/Memory/Audit.lean	36769f113fb1	170	def	authorityNotHeld
Grass/Memory/Audit.lean	36769f113fb1	176	def	obligationNotAuthorized
Grass/Memory/Audit.lean	36769f113fb1	205	def	conflictingAccess
Grass/Memory/Audit.lean	36769f113fb1	214	def	authorityEffectRefused
Grass/Memory/Audit.lean	36769f113fb1	220	def	wrongAddressSpace
Grass/Memory/Audit.lean	36769f113fb1	230	def	machineAnswerIncomplete
Grass/Memory/Audit.lean	36769f113fb1	242	def	provenanceExtentMismatch
Grass/Memory/Audit.lean	36769f113fb1	256	def	provenanceSourceMismatch
Grass/Memory/Audit.lean	36769f113fb1	274	def	addressDisagreesWithPlacement
Grass/Memory/Audit.lean	36769f113fb1	293	def	placementWraps
Grass/Memory/Audit.lean	36769f113fb1	296	def	provenanceNotNested
Grass/Memory/Audit.lean	36769f113fb1	299	def	backingNotAllocated
Grass/Memory/Audit.lean	36769f113fb1	302	def	mappingOutOfBounds
Grass/Memory/Audit.lean	36769f113fb1	306	def	backingLayoutUnsupported
Grass/Memory/Audit.lean	36769f113fb1	319	def	emittedByTransition
Grass/Memory/Audit.lean	36769f113fb1	342	theorem	—
Grass/Memory/Audit.lean	36769f113fb1	350	theorem	emittedByTransition_length
Grass/Memory/Audit.lean	36769f113fb1	361	structure	AuditViolation
Grass/Memory/Audit.lean	36769f113fb1	377	structure	AuditViolationLedger
Grass/Memory/Audit.lean	36769f113fb1	393	def	empty
Grass/Memory/Audit.lean	36769f113fb1	399	def	append
Grass/Memory/Audit.lean	36769f113fb1	410	def	IsEmpty
Grass/Memory/Audit.lean	36769f113fb1	416	def	records?
Grass/Memory/Audit.lean	36769f113fb1	419	def	recordCount
Grass/Memory/Audit.lean	36769f113fb1	421	theorem	isEmpty_empty
Grass/Memory/Audit.lean	36769f113fb1	423	theorem	recordCount_empty
Grass/Memory/Audit.lean	36769f113fb1	425	theorem	records?_append
Grass/Memory/Audit.lean	36769f113fb1	428	theorem	recordCount_append
Grass/Memory/Audit.lean	36769f113fb1	435	theorem	isEmpty_iff_records?_nil
Grass/Memory/Audit.lean	36769f113fb1	441	theorem	not_isEmpty_append
Grass/Memory/Audit.lean	36769f113fb1	452	theorem	append_isPrefix
Grass/Memory/Audit.lean	36769f113fb1	462	theorem	isEmpty_of_isPrefix_of_isEmpty
Grass/Memory/Audit.lean	36769f113fb1	477	def	Extends
Grass/Memory/Audit.lean	36769f113fb1	480	theorem	Extends.refl
Grass/Memory/Audit.lean	36769f113fb1	483	theorem	Extends.trans
Grass/Memory/Audit.lean	36769f113fb1	489	theorem	extends_append
Grass/Memory/Audit.lean	36769f113fb1	496	theorem	isEmpty_of_extends
Grass/Memory/Authority.lean	34c76943f132	40	inductive	GrantTag
Grass/Memory/Authority.lean	34c76943f132	49	abbrev	GrantId
Grass/Memory/Authority.lean	34c76943f132	53	structure	GrantKind
Grass/Memory/Authority.lean	34c76943f132	61	def	loan
Grass/Memory/Authority.lean	34c76943f132	64	def	frame
Grass/Memory/Authority.lean	34c76943f132	69	def	pin
Grass/Memory/Authority.lean	34c76943f132	81	structure	AuthorityGrant
Grass/Memory/Authority.lean	34c76943f132	149	inductive	AuthorityDelta
Grass/Memory/Authority.lean	34c76943f132	163	abbrev	AuthorityEffect
Grass/Memory/Authority.lean	34c76943f132	176	def	issuedKinds
Grass/Memory/Authority.lean	34c76943f132	200	def	issuedProvenances
Grass/Memory/Authority.lean	34c76943f132	207	theorem	mem_issuedProvenances_of_issue
Grass/Memory/Authority.lean	34c76943f132	213	theorem	issuedKinds_nil
Grass/Memory/Authority.lean	34c76943f132	216	theorem	issuedProvenances_nil
Grass/Memory/Authority.lean	34c76943f132	220	theorem	mem_issuedKinds_of_issue
Grass/Memory/State.lean	7c2088bdd344	51	theorem	mem_of_findValue
Grass/Memory/State.lean	7c2088bdd344	67	theorem	mem_of_mem_eraseKey
Grass/Memory/State.lean	7c2088bdd344	89	theorem	mem_entries_of_lookup
Grass/Memory/State.lean	7c2088bdd344	99	theorem	about
Grass/Memory/State.lean	7c2088bdd344	100	theorem	mem_entries_insert
Grass/Memory/State.lean	7c2088bdd344	110	theorem	mem_entries_erase
Grass/Memory/State.lean	7c2088bdd344	117	structure	AllocationRecord
Grass/Memory/State.lean	7c2088bdd344	197	structure	AllocationRecord.Metadata
Grass/Memory/State.lean	7c2088bdd344	228	def	AllocationRecord.metadata
Grass/Memory/State.lean	7c2088bdd344	234	def	AllocationRecord.mapping
Grass/Memory/State.lean	7c2088bdd344	238	structure	MemoryState
Grass/Memory/State.lean	7c2088bdd344	258	def	empty
Grass/Memory/State.lean	7c2088bdd344	316	def	RootExtentAgrees
Grass/Memory/State.lean	7c2088bdd344	340	def	RootIdentityAgrees
Grass/Memory/State.lean	7c2088bdd344	350	def	grantEntries
Grass/Memory/State.lean	7c2088bdd344	354	def	grantAt?
Grass/Memory/State.lean	7c2088bdd344	358	def	backingCapacity?
Grass/Memory/State.lean	7c2088bdd344	362	def	backingOf?
Grass/Memory/State.lean	7c2088bdd344	368	def	SharesBytes
Grass/Memory/State.lean	7c2088bdd344	374	theorem	sharesBytes_refl
Grass/Memory/State.lean	7c2088bdd344	377	theorem	sharesBytes_symm
Grass/Memory/State.lean	7c2088bdd344	383	theorem	sharesBytes_trans
Grass/Memory/State.lean	7c2088bdd344	394	theorem	sharesBytes_of_backing_eq
Grass/Memory/State.lean	7c2088bdd344	413	def	CurrentEpoch
Grass/Memory/State.lean	7c2088bdd344	429	def	Live
Grass/Memory/State.lean	7c2088bdd344	437	theorem	currentEpoch_of_live
Grass/Memory/State.lean	7c2088bdd344	454	inductive	ResolveFailure
Grass/Memory/State.lean	7c2088bdd344	470	structure	ResolvedAccess
Grass/Memory/State.lean	7c2088bdd344	489	def	span
Grass/Memory/State.lean	7c2088bdd344	495	def	«prefix»
Grass/Memory/State.lean	7c2088bdd344	504	def	restrict
Grass/Memory/State.lean	7c2088bdd344	514	theorem	span_contains_of_contains
Grass/Memory/State.lean	7c2088bdd344	526	theorem	prefix_span
Grass/Memory/State.lean	7c2088bdd344	534	def	transport
Grass/Memory/State.lean	7c2088bdd344	545	def	cellAt?
Grass/Memory/State.lean	7c2088bdd344	553	def	byteAt?
Grass/Memory/State.lean	7c2088bdd344	558	def	RangeInitialized
Grass/Memory/State.lean	7c2088bdd344	573	def	resolveAccess?
Grass/Memory/State.lean	7c2088bdd344	618	theorem	resolveAccess?_eq_deadProvenance
Grass/Memory/State.lean	7c2088bdd344	635	theorem	resolveAccess?_eq_staleEpoch
Grass/Memory/State.lean	7c2088bdd344	653	theorem	resolveAccess?_eq_sourceMismatch
Grass/Memory/State.lean	7c2088bdd344	672	theorem	resolveAccess?_eq_backingNotAllocated
Grass/Memory/State.lean	7c2088bdd344	701	theorem	resolveAccess?_eq_mappingOutOfBounds
Grass/Memory/State.lean	7c2088bdd344	736	theorem	resolveAccess?_eq_ok
Grass/Memory/State.lean	7c2088bdd344	770	def	DedicatedBackings
Grass/Memory/State.lean	7c2088bdd344	782	theorem	dedicatedBackings_empty
Grass/Memory/State.lean	7c2088bdd344	785	theorem	mem_allocation_of_findValue
Grass/Memory/State.lean	7c2088bdd344	801	theorem	mem_allocation_entries_of_lookup
Grass/Memory/State.lean	7c2088bdd344	809	theorem	DedicatedBackings.backing_ne_of_live_lookup
Grass/Memory/State.lean	7c2088bdd344	835	def	installBacking?
Grass/Memory/State.lean	7c2088bdd344	841	theorem	allocations_installBacking?
Grass/Memory/State.lean	7c2088bdd344	849	theorem	grantEntries_installBacking?
Grass/Memory/State.lean	7c2088bdd344	860	theorem	DedicatedBackings.installBacking?
Grass/Memory/State.lean	7c2088bdd344	894	def	grantSpan?
Grass/Memory/State.lean	7c2088bdd344	900	theorem	grantSpan?_contains_of_same_provenance
Grass/Memory/State.lean	7c2088bdd344	929	theorem	grantSpan?_eq_ok_transport
Grass/Memory/State.lean	7c2088bdd344	948	def	grantsOverSpan
Grass/Memory/State.lean	7c2088bdd344	958	def	grantsOver
Grass/Memory/State.lean	7c2088bdd344	967	def	loansOver
Grass/Memory/State.lean	7c2088bdd344	1001	def	AnyGrantOver
Grass/Memory/State.lean	7c2088bdd344	1009	def	AnyGrantOverResolved
Grass/Memory/State.lean	7c2088bdd344	1077	def	LoanConflicts
Grass/Memory/State.lean	7c2088bdd344	1104	def	OwnedBy
Grass/Memory/State.lean	7c2088bdd344	1114	def	MayLend
Grass/Memory/State.lean	7c2088bdd344	1135	theorem	not_mayLend_of_unresolved
Grass/Memory/State.lean	7c2088bdd344	1197	def	issue?
Grass/Memory/State.lean	7c2088bdd344	1214	theorem	issue?_eq_none_of_wrong_identity
Grass/Memory/State.lean	7c2088bdd344	1235	theorem	issue?_eq_none_of_nothing_to_lend
Grass/Memory/State.lean	7c2088bdd344	1262	theorem	mayLend_of_unheld_of_owned
Grass/Memory/State.lean	7c2088bdd344	1280	theorem	not_mayLend_of_unheld_of_unowned
Grass/Memory/State.lean	7c2088bdd344	1322	theorem	issue?_eq_none_of_empty
Grass/Memory/State.lean	7c2088bdd344	1331	theorem	issue?_eq_none_of_not_live
Grass/Memory/State.lean	7c2088bdd344	1345	theorem	issue?_eq_none_of_not_nested
Grass/Memory/State.lean	7c2088bdd344	1368	theorem	issue?_eq_none_of_wrong_extent
Grass/Memory/State.lean	7c2088bdd344	1386	theorem	issue?_eq_none_of_conflict
Grass/Memory/State.lean	7c2088bdd344	1424	def	returnGrant?
Grass/Memory/State.lean	7c2088bdd344	1472	def	lowPart
Grass/Memory/State.lean	7c2088bdd344	1476	def	highPart
Grass/Memory/State.lean	7c2088bdd344	1484	theorem	parts_differ_only_in_range
Grass/Memory/State.lean	7c2088bdd344	1498	theorem	lowPart_contained
Grass/Memory/State.lean	7c2088bdd344	1506	theorem	highPart_contained
Grass/Memory/State.lean	7c2088bdd344	1515	def	joined
Grass/Memory/State.lean	7c2088bdd344	1520	theorem	covered_by_part
Grass/Memory/State.lean	7c2088bdd344	1539	theorem	joined_grantSpan_covers_source
Grass/Memory/State.lean	7c2088bdd344	1615	theorem	split_grantSpan_covers_part
Grass/Memory/State.lean	7c2088bdd344	1672	def	splitMap
Grass/Memory/State.lean	7c2088bdd344	1684	theorem	sharesBytes_grants
Grass/Memory/State.lean	7c2088bdd344	1692	theorem	live_grants
Grass/Memory/State.lean	7c2088bdd344	1696	theorem	currentEpoch_grants
Grass/Memory/State.lean	7c2088bdd344	1716	def	splitGrant?
Grass/Memory/State.lean	7c2088bdd344	1731	theorem	splitGrant?_eq_none_of_unknown
Grass/Memory/State.lean	7c2088bdd344	1738	theorem	splitGrant?_eq_none_of_taken
Grass/Memory/State.lean	7c2088bdd344	1752	theorem	splitGrant?_eq_none_of_same_identity
Grass/Memory/State.lean	7c2088bdd344	1761	theorem	splitGrant?_eq_none_of_boundary_low
Grass/Memory/State.lean	7c2088bdd344	1773	theorem	splitGrant?_eq_none_of_boundary_high
Grass/Memory/State.lean	7c2088bdd344	1786	theorem	splitGrant?_eq
Grass/Memory/State.lean	7c2088bdd344	1803	theorem	splitGrant?_yields_the_parts
Grass/Memory/State.lean	7c2088bdd344	1836	theorem	splitGrant?_other
Grass/Memory/State.lean	7c2088bdd344	1850	def	joinMap
Grass/Memory/State.lean	7c2088bdd344	1876	def	joinGrants?
Grass/Memory/State.lean	7c2088bdd344	1891	theorem	joinGrants?_eq_none_of_unknown_low
Grass/Memory/State.lean	7c2088bdd344	1897	theorem	joinGrants?_eq_none_of_unknown_high
Grass/Memory/State.lean	7c2088bdd344	1907	theorem	joinGrants?_eq_none_of_taken
Grass/Memory/State.lean	7c2088bdd344	1920	theorem	joinGrants?_eq_none_of_mismatch
Grass/Memory/State.lean	7c2088bdd344	1935	theorem	joinGrants?_eq_none_of_not_adjacent
Grass/Memory/State.lean	7c2088bdd344	1950	theorem	joinGrants?_eq
Grass/Memory/State.lean	7c2088bdd344	1985	theorem	joinGrants?_resolves_join
Grass/Memory/State.lean	7c2088bdd344	2008	theorem	joinGrants?_yields_the_join
Grass/Memory/State.lean	7c2088bdd344	2086	def	transferGrant?
Grass/Memory/State.lean	7c2088bdd344	2101	theorem	transferGrant?_eq_none_of_not_holder
Grass/Memory/State.lean	7c2088bdd344	2112	theorem	transferGrant?_eq_none_of_unknown
Grass/Memory/State.lean	7c2088bdd344	2120	theorem	transferGrant?_eq_none_of_self
Grass/Memory/State.lean	7c2088bdd344	2131	theorem	transferGrant?_eq
Grass/Memory/State.lean	7c2088bdd344	2149	theorem	transferGrant?_yields_the_transfer
Grass/Memory/State.lean	7c2088bdd344	2167	theorem	transferGrant?_was_by_the_holder
Grass/Memory/State.lean	7c2088bdd344	2184	theorem	transferGrant?_leaves_no_conflict
Grass/Memory/State.lean	7c2088bdd344	2196	theorem	transferGrant?_other
Grass/Memory/State.lean	7c2088bdd344	2261	def	applyAuthorityDelta?
Grass/Memory/State.lean	7c2088bdd344	2277	def	applyAuthorityEffect?
Grass/Memory/State.lean	7c2088bdd344	2286	theorem	applyAuthorityEffect?_nil
Grass/Memory/State.lean	7c2088bdd344	2292	theorem	applyAuthorityEffect?_cons
Grass/Memory/State.lean	7c2088bdd344	2300	theorem	applyAuthorityDelta?_eq_none_of_forged_lender
Grass/Memory/State.lean	7c2088bdd344	2308	theorem	applyAuthorityDelta?_eq_none_of_stranger_split
Grass/Memory/State.lean	7c2088bdd344	2317	theorem	applyAuthorityDelta?_eq_none_of_stranger_join
Grass/Memory/State.lean	7c2088bdd344	2339	theorem	allocations_issue?
Grass/Memory/State.lean	7c2088bdd344	2350	theorem	allocations_returnGrant?
Grass/Memory/State.lean	7c2088bdd344	2361	theorem	allocations_splitGrant?
Grass/Memory/State.lean	7c2088bdd344	2376	theorem	allocations_joinGrants?
Grass/Memory/State.lean	7c2088bdd344	2395	theorem	allocations_transferGrant?
Grass/Memory/State.lean	7c2088bdd344	2411	theorem	allocations_applyAuthorityDelta?
Grass/Memory/State.lean	7c2088bdd344	2441	theorem	allocations_applyAuthorityEffect?
Grass/Memory/State.lean	7c2088bdd344	2461	theorem	backings_issue?
Grass/Memory/State.lean	7c2088bdd344	2471	theorem	backings_returnGrant?
Grass/Memory/State.lean	7c2088bdd344	2481	theorem	backings_splitGrant?
Grass/Memory/State.lean	7c2088bdd344	2495	theorem	backings_joinGrants?
Grass/Memory/State.lean	7c2088bdd344	2512	theorem	backings_transferGrant?
Grass/Memory/State.lean	7c2088bdd344	2529	theorem	backings_applyAuthorityDelta?
Grass/Memory/State.lean	7c2088bdd344	2556	theorem	backings_applyAuthorityEffect?
Grass/Memory/State.lean	7c2088bdd344	2577	theorem	dedicatedBackings_applyAuthorityEffect?
Grass/Memory/State.lean	7c2088bdd344	2588	theorem	grantAt?_eq_lookup
Grass/Memory/State.lean	7c2088bdd344	2591	theorem	grantEntries_eq
Grass/Memory/State.lean	7c2088bdd344	2595	theorem	grantAt?_eq_of_grantEntries_eq
Grass/Memory/State.lean	7c2088bdd344	2601	theorem	grantAt?_issue?_self
Grass/Memory/State.lean	7c2088bdd344	2628	theorem	grantAt?_issue?_ne
Grass/Memory/State.lean	7c2088bdd344	2657	theorem	issue?_eq_none_of_reissued
Grass/Memory/State.lean	7c2088bdd344	2664	theorem	grantAt?_eq_none_of_issue?
Grass/Memory/State.lean	7c2088bdd344	2673	theorem	grantAt?_returnGrant?_self
Grass/Memory/State.lean	7c2088bdd344	2686	theorem	grantAt?_returnGrant?_ne
Grass/Memory/State.lean	7c2088bdd344	2699	theorem	returnGrant?_eq_none_of_stranger
Grass/Memory/State.lean	7c2088bdd344	2708	theorem	returnGrant?_isSome_of_lender
Grass/Memory/State.lean	7c2088bdd344	2718	theorem	returnGrant?_eq_none_of_absent
Grass/Memory/State.lean	7c2088bdd344	2727	def	AuthorizedAtResolved
Grass/Memory/State.lean	7c2088bdd344	2751	theorem	AuthorizedAtResolved.transport
Grass/Memory/State.lean	7c2088bdd344	2777	def	GrantedResolved
Grass/Memory/State.lean	7c2088bdd344	2793	def	AuthorizedAt
Grass/Memory/State.lean	7c2088bdd344	2805	theorem	not_authorizedAt_of_other_holder
Grass/Memory/State.lean	7c2088bdd344	2813	theorem	not_authorizedAt_of_insufficient_rights
Grass/Memory/State.lean	7c2088bdd344	2821	theorem	not_authorizedAt_of_resolve_error
Grass/Memory/State.lean	7c2088bdd344	2836	def	Granted
Grass/Memory/State.lean	7c2088bdd344	2849	theorem	granted_iff_grantedResolved_of_resolveAccess?_eq_ok
Grass/Memory/State.lean	7c2088bdd344	2859	theorem	grantedResolved_of_grantAt
Grass/Memory/State.lean	7c2088bdd344	2880	theorem	granted_of_grantAt
Grass/Memory/State.lean	7c2088bdd344	2897	theorem	splitGrant?_preserves_authority
Grass/Memory/State.lean	7c2088bdd344	2959	theorem	about
Grass/Memory/State.lean	7c2088bdd344	2961	theorem	splitGrant?_creates_no_authority
Grass/Memory/State.lean	7c2088bdd344	3043	theorem	joinGrants?_preserves_low_authority
Grass/Memory/State.lean	7c2088bdd344	3085	theorem	joinGrants?_preserves_high_authority
Grass/Memory/State.lean	7c2088bdd344	3144	theorem	joinGrants?_creates_no_authority
Grass/Memory/State.lean	7c2088bdd344	3217	theorem	transferGrant?_grants_the_recipient
Grass/Memory/State.lean	7c2088bdd344	3260	theorem	transferGrant?_creates_no_authority
Grass/Memory/State.lean	7c2088bdd344	3298	def	GrantedOfKind
Grass/Memory/State.lean	7c2088bdd344	3313	theorem	not_granted_empty
Grass/Memory/State.lean	7c2088bdd344	3327	def	allocationRefused
Grass/Memory/State.lean	7c2088bdd344	3346	def	allocate?
Grass/Memory/State.lean	7c2088bdd344	3353	theorem	dedicatedBackings_allocate?
Grass/Memory/State.lean	7c2088bdd344	3372	def	allocateAll?
Grass/Memory/State.lean	7c2088bdd344	3378	theorem	allocate?_lookup_self
Grass/Memory/State.lean	7c2088bdd344	3389	theorem	allocate?_lookup_ne
Grass/Memory/State.lean	7c2088bdd344	3401	theorem	allocate?_isSome_of_fresh
Grass/Memory/State.lean	7c2088bdd344	3420	theorem	allocate?_eq_none_of_orphan_grant
Grass/Memory/State.lean	7c2088bdd344	3436	theorem	allocate?_eq_none_of_outstanding
Grass/Memory/State.lean	7c2088bdd344	3459	theorem	allocate?_isSome_of_same_record
Grass/Memory/State.lean	7c2088bdd344	3473	theorem	allocate?_isSome_of_nothing_outstanding
Grass/Memory/State.lean	7c2088bdd344	3511	theorem	orphanGrantAllocationDoorRegression
Grass/Memory/State.lean	7c2088bdd344	3593	def	tearDown?
Grass/Memory/State.lean	7c2088bdd344	3601	theorem	DedicatedBackings.tearDown?
Grass/Memory/State.lean	7c2088bdd344	3623	theorem	tearDown?_nil
Grass/Memory/State.lean	7c2088bdd344	3626	theorem	tearDown?_eq_none_of_absent
Grass/Memory/State.lean	7c2088bdd344	3633	theorem	tearDown?_eq_none_of_outstanding
Grass/Memory/State.lean	7c2088bdd344	3650	theorem	tearDown?_lookup_of_not_mem
Grass/Memory/State.lean	7c2088bdd344	3684	theorem	tearDown?_kills_every_name
Grass/Memory/State.lean	7c2088bdd344	3717	theorem	not_live_of_tearDown?
Grass/Memory/State.lean	7c2088bdd344	3746	theorem	not_granted_of_tearDown?
Grass/Memory/State.lean	7c2088bdd344	3767	structure	AccessMetadata
Grass/Memory/State.lean	7c2088bdd344	3775	def	MetadataAt
Grass/Memory/State.lean	7c2088bdd344	3781	def	cellAtBacking?
Grass/Memory/State.lean	7c2088bdd344	3790	def	cellAt?
Grass/Memory/State.lean	7c2088bdd344	3800	def	byteAt?
Grass/Memory/State.lean	7c2088bdd344	3804	def	InitializedAt
Grass/Memory/State.lean	7c2088bdd344	3813	def	RangeInitialized
Grass/Memory/State.lean	7c2088bdd344	3831	def	AgreesOn
Grass/Memory/State.lean	7c2088bdd344	3834	theorem	AgreesOn.refl
Grass/Memory/State.lean	7c2088bdd344	3835	theorem	AgreesOn.symm
Grass/Memory/State.lean	7c2088bdd344	3837	theorem	AgreesOn.trans
Grass/Memory/State.lean	7c2088bdd344	3842	theorem	cellAt?_of_maps_eq
Grass/Memory/State.lean	7c2088bdd344	3851	theorem	cellAt?_applyAuthorityEffect?
Grass/Memory/State.lean	7c2088bdd344	3859	def	writeResolved
Grass/Memory/State.lean	7c2088bdd344	3869	def	ResolvedAccess.afterWrite
Grass/Memory/State.lean	7c2088bdd344	3916	theorem	ResolvedAccess.afterWrite_span
Grass/Memory/State.lean	7c2088bdd344	3926	theorem	ResolvedAccess.afterWrite_allocation
Grass/Memory/State.lean	7c2088bdd344	3936	theorem	ResolvedAccess.afterWrite_self_backing
Grass/Memory/State.lean	7c2088bdd344	3945	theorem	allocations_writeResolved
Grass/Memory/State.lean	7c2088bdd344	3951	theorem	backings_writeResolved
Grass/Memory/State.lean	7c2088bdd344	3959	theorem	grantEntries_writeResolved
Grass/Memory/State.lean	7c2088bdd344	3966	theorem	ResolvedAccess.cellAt?_eq_state
Grass/Memory/State.lean	7c2088bdd344	3981	theorem	ResolvedAccess.byteAt?_eq_state
Grass/Memory/State.lean	7c2088bdd344	3991	theorem	ResolvedAccess.rangeInitialized_iff_state
Grass/Memory/State.lean	7c2088bdd344	4013	theorem	backingCapacity?_writeResolved
Grass/Memory/State.lean	7c2088bdd344	4030	theorem	metadataAt_writeResolved
Grass/Memory/State.lean	7c2088bdd344	4041	theorem	DedicatedBackings.writeResolved
Grass/Memory/State.lean	7c2088bdd344	4053	theorem	rangeInitialized_afterWrite_iff_of_span_disjoint
Grass/Memory/State.lean	7c2088bdd344	4079	theorem	cellAtBacking?_writeResolved_of_span_disjoint
Grass/Memory/State.lean	7c2088bdd344	4111	theorem	cellAt?_writeResolved_of_untouched
Grass/Memory/State.lean	7c2088bdd344	4164	theorem	cellAt?_writeResolved_of_covers
Grass/Memory/State.lean	7c2088bdd344	4201	theorem	byteAt?_writeResolved_of_covers
Grass/Memory/State.lean	7c2088bdd344	4214	theorem	initializedAt_writeResolved_of_covers
Grass/Memory/State.lean	7c2088bdd344	4229	theorem	ResolvedAccess.backing_eq_of_span_backing_eq
Grass/Memory/State.lean	7c2088bdd344	4243	theorem	ResolvedAccess.afterWrite_backing_of_span_eq
Grass/Memory/State.lean	7c2088bdd344	4255	theorem	ResolvedAccess.afterWrite_backing_of_span_ne
Grass/Memory/State.lean	7c2088bdd344	4269	theorem	writeResolved_comm
Grass/Memory/State.lean	7c2088bdd344	4370	def	addressAt?
Grass/Memory/State.lean	7c2088bdd344	4389	def	AddressAgrees
Grass/Memory/State.lean	7c2088bdd344	4407	def	PlacedWithoutWrap
Grass/Memory/State.lean	7c2088bdd344	4421	theorem	addressAt?_ne_of_disjoint
Grass/Memory/State.lean	7c2088bdd344	4441	theorem	not_live_of_stale_epoch
Grass/Memory/State.lean	7c2088bdd344	4450	theorem	not_live_of_dead
Grass/Memory/State.lean	7c2088bdd344	4486	def	AllocatorLaws
Grass/Memory/State.lean	7c2088bdd344	4525	theorem	allocatorLaws
Grass/Memory/State.lean	7c2088bdd344	4561	def	LoanMapLaws
Grass/Memory/State.lean	7c2088bdd344	4624	theorem	loanMapLaws
Grass/Memory/State.lean	7c2088bdd344	4653	structure	RaisedFault
Grass/Memory/State.lean	7c2088bdd344	4671	structure	MachineState
Grass/Memory/State.lean	7c2088bdd344	4726	def	initial
Grass/Memory/State.lean	7c2088bdd344	4755	def	FaultsRecognized
Grass/Memory/State.lean	7c2088bdd344	4763	theorem	faultsRecognized_initial
Grass/Memory/State.lean	7c2088bdd344	4771	theorem	FaultsRecognized.mono
Grass/Memory/State.lean	7c2088bdd344	4778	theorem	not_faultsRecognized_of_mem
Grass/Memory/State.lean	7c2088bdd344	4786	def	KindAgrees
Grass/Memory/State.lean	7c2088bdd344	4795	def	noteContext
Grass/Memory/State.lean	7c2088bdd344	4801	theorem	noteContext_memory
Grass/Memory/State.lean	7c2088bdd344	4805	theorem	kindAgrees_noteContext
Grass/Memory/State.lean	7c2088bdd344	4809	theorem	not_kindAgrees_noteContext_of_ne
Grass/Memory/State.lean	7c2088bdd344	4818	def	outstanding
Grass/Memory/State.lean	7c2088bdd344	4827	theorem	events_wellFormed
Grass/Platform/Win32/ApiDispatch.lean	ab5f76f0a147	22	def	requestApi
Grass/Platform/Win32/ApiDispatch.lean	ab5f76f0a147	28	def	apiForBytes?
Grass/Platform/Win32/ApiDispatch.lean	ab5f76f0a147	31	theorem	apiForBytes?_exact
Grass/Platform/Win32/ApiDispatch.lean	ab5f76f0a147	39	structure	Binding
Grass/Platform/Win32/ApiDispatch.lean	ab5f76f0a147	64	def	candidateAt?
Grass/Platform/Win32/ApiDispatch.lean	ab5f76f0a147	102	def	candidates
Grass/Platform/Win32/ApiDispatch.lean	ab5f76f0a147	109	def	select?
Grass/Platform/Win32/ApiDispatch.lean	ab5f76f0a147	118	def	Binding.MatchesRequest
Grass/Platform/Win32/ApiDispatch.lean	ab5f76f0a147	127	def	ofCall?
Grass/Platform/Win32/ApiRequest.lean	f3be33857a22	7	inductive	ApiRequest
Grass/Platform/Win32/ApiRequest.lean	f3be33857a22	15	abbrev	ProtocolState
Grass/Platform/Win32/ApiRequest.lean	f3be33857a22	18	def	embedPending
Grass/Platform/Win32/ApiRequest.lean	f3be33857a22	25	def	selectPending
Grass/Platform/Win32/ApiRequest.lean	f3be33857a22	34	theorem	embedPending_injective
Grass/Platform/Win32/ApiRequest.lean	f3be33857a22	46	theorem	selectPending_embedPending
Grass/Platform/Win32/ApiRequest.lean	f3be33857a22	51	theorem	embedPending_of_selectPending_eq_some
Grass/Platform/Win32/ApiRequest.lean	f3be33857a22	61	theorem	embedPending_ids
Grass/Platform/Win32/ApiRequest.lean	f3be33857a22	64	theorem	embedPending_valid
Grass/Platform/Win32/CallEntry.lean	240b34cf1313	21	structure	CallPolicy
Grass/Platform/Win32/CallEntry.lean	240b34cf1313	38	def	CallPolicy.ofFactory
Grass/Platform/Win32/CallEntry.lean	240b34cf1313	65	def	reachedCall?
Grass/Platform/Win32/CallEntry.lean	240b34cf1313	79	theorem	reachedCall?_fields
Grass/Platform/Win32/CallMemory.lean	75d1eb99ee3b	8	structure	Argument
Grass/Platform/Win32/CallMemory.lean	75d1eb99ee3b	13	structure	Resolved
Grass/Platform/Win32/CallMemory.lean	75d1eb99ee3b	19	def	Resolved.physical
Grass/Platform/Win32/CallMemory.lean	75d1eb99ee3b	23	theorem	Resolved.root_contains
Grass/Platform/Win32/CallMemory.lean	75d1eb99ee3b	28	def	Resolved.transport
Grass/Platform/Win32/CallResumeBinding.lean	68d78876c524	24	theorem	PolicyBinding.ofCallEntry
Grass/Platform/Win32/CallResumeBinding.lean	68d78876c524	40	theorem	Link.ofReachedPlan
Grass/Platform/Win32/CallResumeBinding.lean	68d78876c524	60	theorem	GetStdHandle.CallHandoff.resumeInputs
Grass/Platform/Win32/CallResumeBinding.lean	68d78876c524	77	theorem	WriteFile.CallHandoff.resumeInputs
Grass/Platform/Win32/CallResumeHistory.lean	41e0914e142c	24	def	serviceHistory
Grass/Platform/Win32/CallResumeHistory.lean	41e0914e142c	48	theorem	resumeInputsAfterService
Grass/Platform/Win32/CallRuntime.lean	ed25fb4c558f	20	abbrev	NonvolatileSnapshot
Grass/Platform/Win32/CallRuntime.lean	ed25fb4c558f	24	def	captureNonvolatile
Grass/Platform/Win32/CallRuntime.lean	ed25fb4c558f	29	structure	ReturnFrame
Grass/Platform/Win32/CallRuntime.lean	ed25fb4c558f	36	def	ReturnFrame.ofPlan
Grass/Platform/Win32/CallRuntime.lean	ed25fb4c558f	46	def	ReturnFrame.restoredRsp
Grass/Platform/Win32/CallRuntime.lean	ed25fb4c558f	51	structure	WriteFileRuntime
Grass/Platform/Win32/CallRuntime.lean	ed25fb4c558f	57	def	WriteFileRuntime.loanPlan
Grass/Platform/Win32/CallRuntime.lean	ed25fb4c558f	61	inductive	CallRuntime
Grass/Platform/Win32/CallRuntime.lean	ed25fb4c558f	68	def	CallRuntime.MatchesRequest
Grass/Platform/Win32/CallRuntime.lean	ed25fb4c558f	74	abbrev	CallRuntimeTable
Grass/Platform/Win32/Console.lean	669467bd30f5	71	inductive	StdHandleId
Grass/Platform/Win32/Console.lean	669467bd30f5	80	def	value
Grass/Platform/Win32/Console.lean	669467bd30f5	86	theorem	value_injective
Grass/Platform/Win32/Console.lean	669467bd30f5	103	inductive	GetStdHandleResult
Grass/Platform/Win32/Console.lean	669467bd30f5	116	def	invalidHandleValue
Grass/Platform/Win32/Console.lean	669467bd30f5	119	def	returnValue
Grass/Platform/Win32/Console.lean	669467bd30f5	132	def	WellFormed
Grass/Platform/Win32/Console.lean	669467bd30f5	142	theorem	handle_distinguishable
Grass/Platform/Win32/Console.lean	669467bd30f5	156	theorem	handle_zero_collides_with_null
Grass/Platform/Win32/Console.lean	669467bd30f5	160	theorem	handle_invalid_collides
Grass/Platform/Win32/Console.lean	669467bd30f5	176	structure	UsableHandle
Grass/Platform/Win32/Console.lean	669467bd30f5	185	def	mk?
Grass/Platform/Win32/Console.lean	669467bd30f5	189	theorem	mk?_isSome_iff
Grass/Platform/Win32/Console.lean	669467bd30f5	198	theorem	sentinels_refused
Grass/Platform/Win32/Console.lean	669467bd30f5	238	structure	WriteRequest
Grass/Platform/Win32/Console.lean	669467bd30f5	253	inductive	WriteResponse
Grass/Platform/Win32/Console.lean	669467bd30f5	269	def	Allowed
Grass/Platform/Win32/Console.lean	669467bd30f5	309	theorem	writeAdequate
Grass/Platform/Win32/Console.lean	669467bd30f5	314	theorem	writeAdequate_success
Grass/Platform/Win32/Console.lean	669467bd30f5	322	theorem	zeroWrite_allowed
Grass/Platform/Win32/Console.lean	669467bd30f5	326	theorem	partialWrite_allowed
Grass/Platform/Win32/Console.lean	669467bd30f5	346	def	ExcessWriteCount
Grass/Platform/Win32/Console.lean	669467bd30f5	356	theorem	excess_not_allowed
Grass/Platform/Win32/Console.lean	669467bd30f5	367	theorem	success_allowed_or_excess
Grass/Platform/Win32/Console.lean	669467bd30f5	374	theorem	failure_never_excess
Grass/Platform/Win32/Console.lean	669467bd30f5	392	structure	ExitRequest
Grass/Platform/Win32/Console.lean	669467bd30f5	398	def	successStatus
Grass/Platform/Win32/Console.lean	669467bd30f5	405	def	failureStatus
Grass/Platform/Win32/Console.lean	669467bd30f5	409	theorem	statuses_distinct
Grass/Platform/Win32/ConsoleEnvironment.lean	1c9296c8468e	29	inductive	ProcessTag
Grass/Platform/Win32/ConsoleEnvironment.lean	1c9296c8468e	32	abbrev	ProcessId
Grass/Platform/Win32/ConsoleEnvironment.lean	1c9296c8468e	35	inductive	RouteTag
Grass/Platform/Win32/ConsoleEnvironment.lean	1c9296c8468e	38	abbrev	RouteId
Grass/Platform/Win32/ConsoleEnvironment.lean	1c9296c8468e	41	abbrev	GenerationalBV64
Grass/Platform/Win32/ConsoleEnvironment.lean	1c9296c8468e	44	inductive	HandleMode
Grass/Platform/Win32/ConsoleEnvironment.lean	1c9296c8468e	50	structure	HandleBinding
Grass/Platform/Win32/ConsoleEnvironment.lean	1c9296c8468e	59	def	identity
Grass/Platform/Win32/ConsoleEnvironment.lean	1c9296c8468e	62	theorem	identity_value
Grass/Platform/Win32/ConsoleEnvironment.lean	1c9296c8468e	65	theorem	identity_generation
Grass/Platform/Win32/ConsoleEnvironment.lean	1c9296c8468e	71	structure	StandardHandles
Grass/Platform/Win32/ConsoleEnvironment.lean	1c9296c8468e	75	structure	ConsoleEnvironment
Grass/Platform/Win32/ConsoleEnvironment.lean	1c9296c8468e	86	def	standardHandle?
Grass/Platform/Win32/ConsoleEnvironment.lean	1c9296c8468e	92	theorem	standardHandle?_input
Grass/Platform/Win32/ConsoleEnvironment.lean	1c9296c8468e	95	theorem	standardHandle?_output
Grass/Platform/Win32/ConsoleEnvironment.lean	1c9296c8468e	98	theorem	standardHandle?_error
Grass/Platform/Win32/ConsoleEnvironment.lean	1c9296c8468e	104	def	routeOf?
Grass/Platform/Win32/ConsoleEnvironment.lean	1c9296c8468e	109	theorem	routeOf?_lookup
Grass/Platform/Win32/ConsoleEnvironment.lean	1c9296c8468e	118	def	getStdAllowed
Grass/Platform/Win32/ConsoleEnvironment.lean	1c9296c8468e	130	theorem	getStdAllowed_output_iff
Grass/Platform/Win32/ConsoleEnvironment.lean	1c9296c8468e	136	theorem	getStdAllowed_output_table
Grass/Platform/Win32/ConsoleEnvironment.lean	1c9296c8468e	141	theorem	getStdAllowed_output_invalid
Grass/Platform/Win32/CpuPolicy.lean	5f35b68daaec	26	def	operationalProfile
Grass/Platform/Win32/CpuPolicy.lean	5f35b68daaec	31	def	operationPolicy
Grass/Platform/Win32/CpuPolicy.lean	5f35b68daaec	43	theorem	prepared_read_initialized
Grass/Platform/Win32/CpuPolicy.lean	5f35b68daaec	54	theorem	prepared_read_fallback_irrelevant
Grass/Platform/Win32/CpuPolicy.lean	5f35b68daaec	66	def	instructionCause
Grass/Platform/Win32/CpuPolicy.lean	5f35b68daaec	71	def	dataProvenance?
Grass/Platform/Win32/CpuPolicy.lean	5f35b68daaec	79	def	policy?
Grass/Platform/Win32/CpuPolicy.lean	5f35b68daaec	96	theorem	policy?_inputs
Grass/Platform/Win32/CpuVocabulary.lean	a264c4dc0e47	19	def	accessFaults
Grass/Platform/Win32/CpuVocabulary.lean	a264c4dc0e47	25	def	vocabulary
Grass/Platform/Win32/CpuVocabulary.lean	a264c4dc0e47	42	theorem	vocabulary_wellFormed
Grass/Platform/Win32/CpuVocabulary.lean	a264c4dc0e47	45	theorem	transition_violation_declared
Grass/Platform/Win32/CpuVocabulary.lean	a264c4dc0e47	50	theorem	access_fault_declared
Grass/Platform/Win32/CpuVocabulary.lean	a264c4dc0e47	56	theorem	admitted_read_initialized
Grass/Platform/Win32/EvaluatedCall.lean	ac0b9cca228a	15	structure	EvaluatedCall
Grass/Platform/Win32/ExecutionState.lean	8b6e4d5942ca	24	inductive	Control
Grass/Platform/Win32/ExecutionState.lean	8b6e4d5942ca	31	structure	State
Grass/Platform/Win32/ExecutionState.lean	8b6e4d5942ca	41	def	State.callProtocol?
Grass/Platform/Win32/ExecutionState.lean	8b6e4d5942ca	46	theorem	State.callProtocol?_isSome
Grass/Platform/Win32/ExecutionState.lean	8b6e4d5942ca	55	def	State.ControlConsistent
Grass/Platform/Win32/ExecutionState.lean	8b6e4d5942ca	72	def	State.ofCallProtocol
Grass/Platform/Win32/ExecutionState.lean	8b6e4d5942ca	82	theorem	State.callProtocol?_fields
Grass/Platform/Win32/ExecutionState.lean	8b6e4d5942ca	88	theorem	State.ofCallProtocol_machine
Grass/Platform/Win32/ExecutionState.lean	8b6e4d5942ca	93	theorem	State.ofCallProtocol_metadata
Grass/Platform/Win32/ExecutionState.lean	8b6e4d5942ca	98	theorem	State.ofCallProtocol_control
Grass/Platform/Win32/ExecutionState.lean	8b6e4d5942ca	105	theorem	State.ofCallProtocol_callProtocol?
Grass/Platform/Win32/ExitProcessCompletion.lean	b92696894b70	21	structure	Observation
Grass/Platform/Win32/ExitProcessCompletion.lean	b92696894b70	28	structure	Completion
Grass/Platform/Win32/ExitProcessCompletion.lean	b92696894b70	42	def	complete?
Grass/Platform/Win32/ExitProcessCompletion.lean	b92696894b70	75	def	after
Grass/Platform/Win32/ExitProcessCompletion.lean	b92696894b70	79	theorem	control
Grass/Platform/Win32/ExitProcessCompletion.lean	b92696894b70	83	theorem	machine
Grass/Platform/Win32/ExitProcessCompletion.lean	b92696894b70	87	theorem	metadata
Grass/Platform/Win32/ExitProcessCompletion.lean	b92696894b70	91	theorem	calls
Grass/Platform/Win32/ExitProcessCompletion.lean	b92696894b70	95	theorem	pending_archived
Grass/Platform/Win32/ExitProcessCompletion.lean	b92696894b70	101	theorem	runtime_archived
Grass/Platform/Win32/ExitProcessCompletion.lean	b92696894b70	107	theorem	observed_status_exact
Grass/Platform/Win32/ExitProcessCompletion.lean	b92696894b70	112	theorem	observed_process_exact
Grass/Platform/Win32/ExitProcessRawCompletion.lean	342cf5e302b8	15	def	event
Grass/Platform/Win32/ExitProcessRawCompletion.lean	342cf5e302b8	19	theorem	event_exact
Grass/Platform/Win32/ExitProcessRawCompletion.lean	342cf5e302b8	25	theorem	event_appends
Grass/Platform/Win32/ExitProcessRawCompletion.lean	342cf5e302b8	33	theorem	rawStep
Grass/Platform/Win32/ExitProcessRuntime.lean	6dd2b091c9d7	19	def	status
Grass/Platform/Win32/ExitProcessRuntime.lean	6dd2b091c9d7	23	structure	EntryHandoff
Grass/Platform/Win32/ExitProcessRuntime.lean	6dd2b091c9d7	37	def	entryHandoff?
Grass/Platform/Win32/ExitProcessRuntime.lean	6dd2b091c9d7	61	def	after
Grass/Platform/Win32/ExitProcessRuntime.lean	6dd2b091c9d7	67	def	initRaw
Grass/Platform/Win32/ExitProcessRuntime.lean	6dd2b091c9d7	71	theorem	recorded
Grass/Platform/Win32/ExitProcessRuntime.lean	6dd2b091c9d7	77	theorem	runtime_exact
Grass/Platform/Win32/ExitProcessRuntime.lean	6dd2b091c9d7	81	theorem	other_runtime
Grass/Platform/Win32/ExitProcessRuntime.lean	6dd2b091c9d7	86	theorem	control_pending
Grass/Platform/Win32/ExitProcessRuntime.lean	6dd2b091c9d7	89	theorem	status_exact
Grass/Platform/Win32/ExitProcessRuntime.lean	6dd2b091c9d7	96	structure	CallHandoff
Grass/Platform/Win32/GetStdHandleRawReturn.lean	e548ebc50cb8	28	def	event
Grass/Platform/Win32/GetStdHandleRawReturn.lean	e548ebc50cb8	32	theorem	event_appends
Grass/Platform/Win32/GetStdHandleRawReturn.lean	e548ebc50cb8	39	theorem	event_exact
Grass/Platform/Win32/GetStdHandleRawReturn.lean	e548ebc50cb8	54	theorem	rflags_unchanged
Grass/Platform/Win32/GetStdHandleRawReturn.lean	e548ebc50cb8	59	theorem	rawStep
Grass/Platform/Win32/GetStdHandleResult.lean	e9d292b05677	24	inductive	Failure
Grass/Platform/Win32/GetStdHandleResult.lean	e9d292b05677	36	def	nonvolatileSame
Grass/Platform/Win32/GetStdHandleResult.lean	e9d292b05677	42	def	stage
Grass/Platform/Win32/GetStdHandleResult.lean	e9d292b05677	50	theorem	stage_rAX
Grass/Platform/Win32/GetStdHandleResult.lean	e9d292b05677	58	theorem	stage_memory
Grass/Platform/Win32/GetStdHandleResult.lean	e9d292b05677	66	theorem	stage_metadata
Grass/Platform/Win32/GetStdHandleResult.lean	e9d292b05677	74	theorem	stage_control
Grass/Platform/Win32/GetStdHandleResult.lean	e9d292b05677	82	theorem	stage_calls
Grass/Platform/Win32/GetStdHandleResult.lean	e9d292b05677	92	theorem	stage_pack
Grass/Platform/Win32/GetStdHandleResult.lean	e9d292b05677	104	structure	Receipt
Grass/Platform/Win32/GetStdHandleResult.lean	e9d292b05677	125	def	observe?
Grass/Platform/Win32/GetStdHandleResult.lean	e9d292b05677	162	theorem	nonvolatile_exact
Grass/Platform/Win32/GetStdHandleResult.lean	e9d292b05677	169	theorem	resumeLink
Grass/Platform/Win32/GetStdHandleResult.lean	e9d292b05677	181	theorem	preservesNonvolatile
Grass/Platform/Win32/GetStdHandleReturn.lean	571ee80dc530	14	inductive	Failure
Grass/Platform/Win32/GetStdHandleReturn.lean	571ee80dc530	27	theorem	afterReturnLink
Grass/Platform/Win32/GetStdHandleReturn.lean	571ee80dc530	38	theorem	afterReturn_preserves
Grass/Platform/Win32/GetStdHandleReturn.lean	571ee80dc530	45	structure	Completion
Grass/Platform/Win32/GetStdHandleReturn.lean	571ee80dc530	69	def	complete?
Grass/Platform/Win32/GetStdHandleReturn.lean	571ee80dc530	102	def	final
Grass/Platform/Win32/GetStdHandleReturn.lean	571ee80dc530	105	theorem	fields
Grass/Platform/Win32/GetStdHandleReturn.lean	571ee80dc530	113	theorem	other_calls
Grass/Platform/Win32/GetStdHandleReturn.lean	571ee80dc530	118	theorem	protocol
Grass/Platform/Win32/GetStdHandleReturn.lean	571ee80dc530	126	theorem	control
Grass/Platform/Win32/GetStdHandleReturn.lean	571ee80dc530	131	theorem	logs
Grass/Platform/Win32/GetStdHandleReturn.lean	571ee80dc530	141	theorem	rax_unchanged
Grass/Platform/Win32/GetStdHandleRuntime.lean	51ea49eb6b30	24	def	selector
Grass/Platform/Win32/GetStdHandleRuntime.lean	51ea49eb6b30	29	def	stackRequests
Grass/Platform/Win32/GetStdHandleRuntime.lean	51ea49eb6b30	34	abbrev	StackPlan
Grass/Platform/Win32/GetStdHandleRuntime.lean	51ea49eb6b30	36	def	StackPlan.requests
Grass/Platform/Win32/GetStdHandleRuntime.lean	51ea49eb6b30	41	abbrev	EntryHandoff
Grass/Platform/Win32/GetStdHandleRuntime.lean	51ea49eb6b30	47	def	entryHandoff?
Grass/Platform/Win32/GetStdHandleRuntime.lean	51ea49eb6b30	57	def	after
Grass/Platform/Win32/GetStdHandleRuntime.lean	51ea49eb6b30	60	def	record
Grass/Platform/Win32/GetStdHandleRuntime.lean	51ea49eb6b30	63	theorem	after_projected
Grass/Platform/Win32/GetStdHandleRuntime.lean	51ea49eb6b30	67	theorem	recorded
Grass/Platform/Win32/GetStdHandleRuntime.lean	51ea49eb6b30	71	theorem	storage_unchanged
Grass/Platform/Win32/GetStdHandleRuntime.lean	51ea49eb6b30	76	theorem	pending_exact
Grass/Platform/Win32/GetStdHandleRuntime.lean	51ea49eb6b30	80	theorem	fresh
Grass/Platform/Win32/GetStdHandleRuntime.lean	51ea49eb6b30	84	theorem	clean_after
Grass/Platform/Win32/GetStdHandleRuntime.lean	51ea49eb6b30	88	theorem	after_control_consistent
Grass/Platform/Win32/GetStdHandleRuntime.lean	51ea49eb6b30	96	structure	CallHandoff
Grass/Platform/Win32/GetStdHandleRuntime.lean	51ea49eb6b30	121	def	frame
Grass/Platform/Win32/GetStdHandleRuntime.lean	51ea49eb6b30	125	def	afterRaw
Grass/Platform/Win32/GetStdHandleRuntime.lean	51ea49eb6b30	129	theorem	afterRaw_call
Grass/Platform/Win32/GetStdHandleRuntime.lean	51ea49eb6b30	135	theorem	afterRaw_other
Grass/Platform/Win32/GetStdHandleRuntime.lean	51ea49eb6b30	141	theorem	frame_entryRsp
Grass/Platform/Win32/GetStdHandleRuntime.lean	51ea49eb6b30	144	theorem	frame_continuation
Grass/Platform/Win32/GetStdHandleRuntime.lean	51ea49eb6b30	148	theorem	frame_saved
Grass/Platform/Win32/GetStdHandleRuntime.lean	51ea49eb6b30	152	theorem	selector_exact
Grass/Platform/Win32/GetStdHandleRuntime.lean	51ea49eb6b30	165	structure	RawCallHandoff
Grass/Platform/Win32/GetStdHandleRuntime.lean	51ea49eb6b30	182	def	after
Grass/Platform/Win32/GetStdHandleRuntime.lean	51ea49eb6b30	186	theorem	after_call
Grass/Platform/Win32/GetStdHandleRuntime.lean	51ea49eb6b30	192	theorem	after_other
Grass/Platform/Win32/GetStdHandleRuntime.lean	51ea49eb6b30	199	theorem	checked_is_exact_preCall
Grass/Platform/Win32/GetStdHandleStackPlan.lean	6c4042006c79	8	abbrev	Failure
Grass/Platform/Win32/GetStdHandleStackPlan.lean	6c4042006c79	10	abbrev	derive?
Grass/Platform/Win32/GetStdHandleStackPlan.lean	6c4042006c79	15	theorem	continuation_exact
Grass/Platform/Win32/GetStdHandleStackPlan.lean	6c4042006c79	24	abbrev	deriveLoaded?
Grass/Platform/Win32/GetStdHandleStackPlan.lean	6c4042006c79	32	theorem	loaded_continuation_exact
Grass/Platform/Win32/LoadedAccess.lean	ed4108372c35	17	def	allocationProvenance
Grass/Platform/Win32/LoadedAccess.lean	ed4108372c35	23	def	ContainsCodeAddress
Grass/Platform/Win32/LoadedAccess.lean	ed4108372c35	33	structure	CodeRoot
Grass/Platform/Win32/LoadedAccess.lean	ed4108372c35	40	def	LoadedImage.codeRoot?
Grass/Platform/Win32/LoadedAccess.lean	ed4108372c35	54	def	CodeRoot.provenance
Grass/Platform/Win32/LoadedAccess.lean	ed4108372c35	60	theorem	CodeRoot.present
Grass/Platform/Win32/LoadedAccess.lean	ed4108372c35	68	def	LoadedImage.stackProvenance?
Grass/Platform/Win32/LoadedAccess.lean	ed4108372c35	75	theorem	LoadedImage.stackProvenance_present
Grass/Platform/Win32/LoadedAccess.lean	ed4108372c35	87	theorem	LoadedImage.thread_present
Grass/Platform/Win32/LoadedDataAccess.lean	cd779a075ef6	19	def	ContainsDataSpan
Grass/Platform/Win32/LoadedDataAccess.lean	cd779a075ef6	32	structure	DataRoot
Grass/Platform/Win32/LoadedDataAccess.lean	cd779a075ef6	41	def	LoadedImage.dataRoot?
Grass/Platform/Win32/LoadedDataAccess.lean	cd779a075ef6	55	def	DataRoot.provenance
Grass/Platform/Win32/LoadedDataAccess.lean	cd779a075ef6	62	theorem	DataRoot.present
Grass/Platform/Win32/LoadedDataAccess.lean	cd779a075ef6	69	theorem	DataRoot.readable
Grass/Platform/Win32/LoadedDataAccess.lean	cd779a075ef6	74	theorem	DataRoot.span_no_wrap
Grass/Platform/Win32/LoadedDataAccess.lean	cd779a075ef6	79	theorem	DataRoot.span_contained
Grass/Platform/Win32/LoaderEntry.lean	98547f46ac4c	26	structure	RegionIdentity
Grass/Platform/Win32/LoaderEntry.lean	98547f46ac4c	33	structure	StackInput
Grass/Platform/Win32/LoaderEntry.lean	98547f46ac4c	41	structure	EntryInputs
Grass/Platform/Win32/LoaderEntry.lean	98547f46ac4c	52	def	preferredBase
Grass/Platform/Win32/LoaderEntry.lean	98547f46ac4c	56	def	assignedRegions
Grass/Platform/Win32/LoaderEntry.lean	98547f46ac4c	65	def	installRegions?
Grass/Platform/Win32/LoaderEntry.lean	98547f46ac4c	72	theorem	installRegions?_allocation_preserved
Grass/Platform/Win32/LoaderEntry.lean	98547f46ac4c	91	theorem	installRegions?_backing_preserved
Grass/Platform/Win32/LoaderEntry.lean	98547f46ac4c	110	def	RegionsPresent
Grass/Platform/Win32/LoaderEntry.lean	98547f46ac4c	122	def	CpuPlacementValid
Grass/Platform/Win32/LoaderEntry.lean	98547f46ac4c	133	def	CpuPlacementsDisjoint
Grass/Platform/Win32/LoaderEntry.lean	98547f46ac4c	148	def	PlacementValid
Grass/Platform/Win32/LoaderEntry.lean	98547f46ac4c	159	def	StackPlacementValid
Grass/Platform/Win32/LoaderEntry.lean	98547f46ac4c	173	def	StackValid
Grass/Platform/Win32/LoaderEntry.lean	98547f46ac4c	193	def	EnvironmentValid
Grass/Platform/Win32/LoaderEntry.lean	98547f46ac4c	206	def	EntryMapped
Grass/Platform/Win32/LoaderEntry.lean	98547f46ac4c	222	def	HistoryFresh
Grass/Platform/Win32/LoaderEntry.lean	98547f46ac4c	235	structure	LoadedImage
Grass/Platform/Win32/LoaderEntry.lean	98547f46ac4c	251	def	initialize?
Grass/Platform/Win32/LoaderEntry.lean	98547f46ac4c	272	def	LoadedImage.initialState
Grass/Platform/Win32/LoaderEntry.lean	98547f46ac4c	281	theorem	LoadedImage.environment_frame
Grass/Platform/Win32/LoaderEntry.lean	98547f46ac4c	287	theorem	LoadedImage.cellAt?
Grass/Platform/Win32/LoaderEntry.lean	98547f46ac4c	296	theorem	LoadedImage.entryRip_exact
Grass/Platform/Win32/LoaderEntry.lean	98547f46ac4c	307	theorem	LoadedImage.regionPlacement_exact
Grass/Platform/Win32/LoaderEntry.lean	98547f46ac4c	327	theorem	ImageInput.read_exact
Grass/Platform/Win32/LoaderImage.lean	d576305fd1ef	25	structure	ImageInput
Grass/Platform/Win32/LoaderImage.lean	d576305fd1ef	31	structure	ImportPatch
Grass/Platform/Win32/LoaderImage.lean	d576305fd1ef	37	abbrev	ImportTargets
Grass/Platform/Win32/LoaderImage.lean	d576305fd1ef	40	def	importPatchesFrom?
Grass/Platform/Win32/LoaderImage.lean	d576305fd1ef	51	def	importPatches?
Grass/Platform/Win32/LoaderImage.lean	d576305fd1ef	58	def	ImportPatch.byteAt?
Grass/Platform/Win32/LoaderImage.lean	d576305fd1ef	64	def	patchedByte
Grass/Platform/Win32/LoaderImage.lean	d576305fd1ef	70	def	patchContents
Grass/Platform/Win32/LoaderImage.lean	d576305fd1ef	75	theorem	length_patchContents
Grass/Platform/Win32/LoaderImage.lean	d576305fd1ef	80	theorem	patchedByte_outside
Grass/Platform/Win32/LoaderImage.lean	d576305fd1ef	91	structure	ImageRegion
Grass/Platform/Win32/LoaderImage.lean	d576305fd1ef	98	def	sectionPermission
Grass/Platform/Win32/LoaderImage.lean	d576305fd1ef	105	def	imageRegions
Grass/Platform/Win32/LoaderImage.lean	d576305fd1ef	113	theorem	imageRegions_bounded
Grass/Platform/Win32/LoaderImage.lean	d576305fd1ef	127	def	PatchesValid
Grass/Platform/Win32/LoaderRegion.lean	2737610a0a4b	12	structure	InitializedRegion
Grass/Platform/Win32/LoaderRegion.lean	2737610a0a4b	23	def	InitializedRegion.backingRecord
Grass/Platform/Win32/LoaderRegion.lean	2737610a0a4b	27	def	InitializedRegion.allocationRecord
Grass/Platform/Win32/LoaderRegion.lean	2737610a0a4b	41	def	MemoryFresh
Grass/Platform/Win32/LoaderRegion.lean	2737610a0a4b	52	theorem	MemoryFresh.grant_root_ne
Grass/Platform/Win32/LoaderRegion.lean	2737610a0a4b	59	theorem	MemoryFresh.allocation_backing_ne
Grass/Platform/Win32/LoaderRegion.lean	2737610a0a4b	67	def	installInitializedRegion?
Grass/Platform/Win32/LoaderRegion.lean	2737610a0a4b	76	theorem	installInitializedRegion?_admitted
Grass/Platform/Win32/LoaderRegion.lean	2737610a0a4b	86	theorem	installInitializedRegion?_eq_none_of_grant_root
Grass/Platform/Win32/LoaderRegion.lean	2737610a0a4b	97	theorem	installInitializedRegion?_eq_none_of_allocation_backing
Grass/Platform/Win32/LoaderRegion.lean	2737610a0a4b	108	theorem	installInitializedRegion?_allocation
Grass/Platform/Win32/LoaderRegion.lean	2737610a0a4b	123	theorem	installInitializedRegion?_fresh
Grass/Platform/Win32/LoaderRegion.lean	2737610a0a4b	130	theorem	installInitializedRegion?_allocation_absent
Grass/Platform/Win32/LoaderRegion.lean	2737610a0a4b	137	theorem	installInitializedRegion?_allocation_ne
Grass/Platform/Win32/LoaderRegion.lean	2737610a0a4b	154	theorem	installInitializedRegion?_backing
Grass/Platform/Win32/LoaderRegion.lean	2737610a0a4b	180	theorem	installInitializedRegion?_backing_ne
Grass/Platform/Win32/LoaderRegion.lean	2737610a0a4b	207	theorem	InitializedRegion.cellAt?_of_lookups
Grass/Platform/Win32/LoaderRegion.lean	2737610a0a4b	255	theorem	installInitializedRegion?_cellAt?
Grass/Platform/Win32/ProtocolEntry.lean	ab3e3c02edc7	18	structure	Entry
Grass/Platform/Win32/ProtocolEntry.lean	ab3e3c02edc7	32	def	issue?
Grass/Platform/Win32/ProtocolEntry.lean	ab3e3c02edc7	57	def	after
Grass/Platform/Win32/ProtocolEntry.lean	ab3e3c02edc7	63	def	pendingRecord
Grass/Platform/Win32/ProtocolEntry.lean	ab3e3c02edc7	68	theorem	after_projected
Grass/Platform/Win32/ProtocolEntry.lean	ab3e3c02edc7	72	theorem	recorded
Grass/Platform/Win32/ProtocolEntry.lean	ab3e3c02edc7	77	theorem	pending_exact
Grass/Platform/Win32/ProtocolEntry.lean	ab3e3c02edc7	82	theorem	record_fields
Grass/Platform/Win32/ProtocolEntry.lean	ab3e3c02edc7	91	theorem	other_pending
Grass/Platform/Win32/ProtocolEntry.lean	ab3e3c02edc7	97	theorem	fresh
Grass/Platform/Win32/ProtocolEntry.lean	ab3e3c02edc7	101	theorem	storage_unchanged
Grass/Platform/Win32/ProtocolEntry.lean	ab3e3c02edc7	112	theorem	clean_after
Grass/Platform/Win32/ProtocolEntry.lean	ab3e3c02edc7	120	theorem	after_control_consistent
Grass/Platform/Win32/ProviderResume.lean	8246fe156598	28	def	returnFrame?
Grass/Platform/Win32/ProviderResume.lean	8246fe156598	37	structure	Link
Grass/Platform/Win32/ProviderResume.lean	8246fe156598	52	structure	OriginalCallPolicy
Grass/Platform/Win32/ProviderResume.lean	8246fe156598	66	structure	PolicyBinding
Grass/Platform/Win32/ProviderResume.lean	8246fe156598	76	def	PreservesNonvolatile
Grass/Platform/Win32/ProviderResume.lean	8246fe156598	82	def	WriteFileOutput
Grass/Platform/Win32/ProviderResume.lean	8246fe156598	87	def	resumedState
Grass/Platform/Win32/ProviderResume.lean	8246fe156598	97	structure	Success
Grass/Platform/Win32/ProviderResume.lean	8246fe156598	112	inductive	Failure
Grass/Platform/Win32/ProviderResume.lean	8246fe156598	117	def	returnSlotReached
Grass/Platform/Win32/ProviderResume.lean	8246fe156598	123	def	Failure.reached
Grass/Platform/Win32/ProviderResume.lean	8246fe156598	130	def	resume
Grass/Platform/Win32/ProviderResume.lean	8246fe156598	154	theorem	machine_afterRead
Grass/Platform/Win32/ProviderResume.lean	8246fe156598	164	theorem	rip_exact
Grass/Platform/Win32/ProviderResume.lean	8246fe156598	174	theorem	rsp_exact
Grass/Platform/Win32/ProviderResume.lean	8246fe156598	185	theorem	rsp_frame
Grass/Platform/Win32/ProviderResume.lean	8246fe156598	200	theorem	rsp_original
Grass/Platform/Win32/ProviderResume.lean	8246fe156598	211	theorem	rflags_exact
Grass/Platform/Win32/ProviderResume.lean	8246fe156598	219	theorem	gpr_other
Grass/Platform/Win32/ProviderResume.lean	8246fe156598	230	theorem	nonvolatile_exact
Grass/Platform/Win32/ProviderResume.lean	8246fe156598	240	theorem	raw_frame
Grass/Platform/Win32/ProviderResume.lean	8246fe156598	251	theorem	writeFile_output_retained
Grass/Platform/Win32/ProviderResumeFinalization.lean	e9831f2a2876	16	def	observeRegisters
Grass/Platform/Win32/ProviderResumeFinalization.lean	e9831f2a2876	23	def	afterReturn
Grass/Platform/Win32/ProviderResumeFinalization.lean	e9831f2a2876	27	theorem	resume_memory
Grass/Platform/Win32/ProviderResumeFinalization.lean	e9831f2a2876	46	theorem	resume_pack
Grass/Platform/Win32/ProviderResumeFinalization.lean	e9831f2a2876	54	theorem	resume_caller_registered
Grass/Platform/Win32/ProviderResumeFinalization.lean	e9831f2a2876	71	theorem	finalized_fields
Grass/Platform/Win32/ProviderResumeFinalization.lean	e9831f2a2876	84	theorem	finalized_control
Grass/Platform/Win32/ProviderResumeFinalization.lean	e9831f2a2876	116	theorem	finalized_logs
Grass/Platform/Win32/ProviderResumeFinalization.lean	e9831f2a2876	143	theorem	finalized_protocol
Grass/Platform/Win32/ProviderResumeFinalization.lean	e9831f2a2876	165	theorem	returned_control
Grass/Platform/Win32/RawEntryEvent.lean	c8f546bb622b	20	theorem	call_handoff_appends
Grass/Platform/Win32/RawEntryEvent.lean	c8f546bb622b	66	theorem	rawStep
Grass/Platform/Win32/RawEntryEvent.lean	c8f546bb622b	99	theorem	rawStep
Grass/Platform/Win32/RawEntryEvent.lean	c8f546bb622b	134	theorem	rawStep
Grass/Platform/Win32/RawGetStdHandlePending.lean	6fe4624e0a26	13	theorem	RawStep.getStdHandle_pending_choice
Grass/Platform/Win32/RawPendingInfinite.lean	f501e7790e16	18	theorem	infinite_pending_or_resumed
Grass/Platform/Win32/RawPendingInfinite.lean	f501e7790e16	54	theorem	infinite_services_of_no_caller
Grass/Platform/Win32/RawPendingService.lean	1e7ca54a17a9	14	theorem	pending_to_pending_service
Grass/Platform/Win32/RawPendingService.lean	1e7ca54a17a9	64	theorem	pending_internal_or_publication
Grass/Platform/Win32/RawPendingService.lean	1e7ca54a17a9	105	theorem	pending_segment
Grass/Platform/Win32/RawPhasePreservation.lean	9507d8c7df30	20	theorem	entry_phase
Grass/Platform/Win32/RawPhasePreservation.lean	9507d8c7df30	37	theorem	stdout_phase
Grass/Platform/Win32/RawPhasePreservation.lean	9507d8c7df30	55	theorem	cpu_frame
Grass/Platform/Win32/RawPhasePreservation.lean	9507d8c7df30	65	theorem	cpu_runtimeLinked
Grass/Platform/Win32/RawPhasePreservation.lean	9507d8c7df30	73	theorem	cpu_event
Grass/Platform/Win32/RawPhasePreservation.lean	9507d8c7df30	84	theorem	cpu_prefix_frame
Grass/Platform/Win32/RawPrefix.lean	7f7e7b8347c6	21	def	initialState
Grass/Platform/Win32/RawPrefix.lean	7f7e7b8347c6	32	theorem	initialState_controlConsistent
Grass/Platform/Win32/RawPrefix.lean	7f7e7b8347c6	50	def	system
Grass/Platform/Win32/RawPrefix.lean	7f7e7b8347c6	70	def	result
Grass/Platform/Win32/RawPrefix.lean	7f7e7b8347c6	75	theorem	terminal_result
Grass/Platform/Win32/RawPrefix.lean	7f7e7b8347c6	87	theorem	terminal_no_step
Grass/Platform/Win32/RawPrefix.lean	7f7e7b8347c6	102	theorem	prefix_initial
Grass/Platform/Win32/RawPrefix.lean	7f7e7b8347c6	113	theorem	infinite_admitted
Grass/Platform/Win32/RawPrefixSteps.lean	694bb11a86c9	15	theorem	prefix_indexed_witnesses
Grass/Platform/Win32/RawServiceContinuation.lean	45ec137f44c8	24	theorem	service_suffix_metadata
Grass/Platform/Win32/RawServiceContinuation.lean	45ec137f44c8	38	theorem	service_suffix_continuation
Grass/Platform/Win32/RawServiceMetadata.lean	33df443e8d35	25	theorem	service_metadata
Grass/Platform/Win32/RawServiceMetadata.lean	33df443e8d35	34	theorem	service_receipt_sameRecord
Grass/Platform/Win32/RawServicePrefix.lean	e7576df24544	22	def	foldServicePrefix
Grass/Platform/Win32/RawServicePrefix.lean	e7576df24544	79	theorem	foldServicePrefix_zero
Grass/Platform/Win32/RawServicePrefix.lean	e7576df24544	86	theorem	foldServicePrefix_events
Grass/Platform/Win32/RawServicePrefix.lean	e7576df24544	106	theorem	foldServicePrefix_step
Grass/Platform/Win32/RawServicePreservation.lean	510198f6c49b	21	theorem	service_runtime_frame
Grass/Platform/Win32/RawServicePreservation.lean	510198f6c49b	43	theorem	service_prefix_runtime
Grass/Platform/Win32/RawState.lean	d0d58f861ccd	19	structure	RawState
Grass/Platform/Win32/RawState.lean	d0d58f861ccd	28	def	State.raw
Grass/Platform/Win32/RawState.lean	d0d58f861ccd	32	def	RawState.ProtocolValid
Grass/Platform/Win32/RawState.lean	d0d58f861ccd	41	def	RawState.checked?
Grass/Platform/Win32/RawState.lean	d0d58f861ccd	47	theorem	RawState.checked?_raw
Grass/Platform/Win32/RawState.lean	d0d58f861ccd	57	theorem	State.raw_checked?
Grass/Platform/Win32/RawState.lean	d0d58f861ccd	65	theorem	RawState.checked?_isSome
Grass/Platform/Win32/RawState.lean	d0d58f861ccd	71	theorem	RawState.checked?_eq_none
Grass/Platform/Win32/RawState.lean	d0d58f861ccd	77	def	RawState.ControlConsistent
Grass/Platform/Win32/RawState.lean	d0d58f861ccd	82	def	RawState.RuntimeLinked
Grass/Platform/Win32/RawState.lean	d0d58f861ccd	91	def	RawState.withMachine
Grass/Platform/Win32/RawState.lean	d0d58f861ccd	95	theorem	RawState.withMachine_machine
Grass/Platform/Win32/RawState.lean	d0d58f861ccd	99	theorem	RawState.withMachine_metadata
Grass/Platform/Win32/RawState.lean	d0d58f861ccd	103	theorem	RawState.withMachine_control
Grass/Platform/Win32/RawState.lean	d0d58f861ccd	107	theorem	RawState.withMachine_calls
Grass/Platform/Win32/RawState.lean	d0d58f861ccd	113	def	RawState.setCall
Grass/Platform/Win32/RawState.lean	d0d58f861ccd	118	def	RawState.eraseCall
Grass/Platform/Win32/RawState.lean	d0d58f861ccd	121	theorem	RawState.setCall_lookup
Grass/Platform/Win32/RawState.lean	d0d58f861ccd	125	theorem	RawState.setCall_other
Grass/Platform/Win32/RawState.lean	d0d58f861ccd	130	theorem	RawState.eraseCall_lookup
Grass/Platform/Win32/RawState.lean	d0d58f861ccd	134	theorem	RawState.eraseCall_other
Grass/Platform/Win32/RawStep.lean	c30514b52a60	48	def	Graph.Realizes
Grass/Platform/Win32/RawStep.lean	c30514b52a60	56	inductive	RawStep
Grass/Platform/Win32/RawStep.lean	c30514b52a60	240	theorem	agreement
Grass/Platform/Win32/RawStep.lean	c30514b52a60	246	theorem	terminal_no_step
Grass/Platform/Win32/RawStep.lean	c30514b52a60	279	theorem	exit_result
Grass/Platform/Win32/RawStep.lean	c30514b52a60	295	theorem	stdout_result
Grass/Platform/Win32/RawStep.lean	c30514b52a60	309	theorem	provider_result
Grass/Platform/Win32/RawStep.lean	c30514b52a60	323	theorem	cpu_checked
Grass/Platform/Win32/RawStep.lean	c30514b52a60	344	theorem	cpu_rejected
Grass/Platform/Win32/RawStep.lean	c30514b52a60	360	theorem	entry_binding
Grass/Platform/Win32/RawStep.lean	c30514b52a60	376	theorem	service_receipt
Grass/Platform/Win32/RawStepSignature.lean	211085e3b128	28	inductive	Choice
Grass/Platform/Win32/RawStepSignature.lean	211085e3b128	41	inductive	Observation
Grass/Platform/Win32/RawStepSignature.lean	211085e3b128	48	inductive	Failure
Grass/Platform/Win32/RawStepSignature.lean	211085e3b128	60	inductive	EventKind
Grass/Platform/Win32/RawStepSignature.lean	211085e3b128	67	structure	Event
Grass/Platform/Win32/RawStepSignature.lean	211085e3b128	73	def	Event.Appends
Grass/Platform/Win32/RawStepSignature.lean	211085e3b128	79	def	Event.between
Grass/Platform/Win32/RawStepSignature.lean	211085e3b128	84	theorem	Event.between_appends
Grass/Platform/Win32/RawStepSignature.lean	211085e3b128	92	theorem	Event.between_suffixes
Grass/Platform/Win32/RawStepSignature.lean	211085e3b128	102	def	Represented
Grass/Platform/Win32/RawStepSignature.lean	211085e3b128	110	abbrev	Graph
Grass/Platform/Win32/RawStepSignature.lean	211085e3b128	114	def	Graph.Endpoints
Grass/Platform/Win32/RawStepSignature.lean	211085e3b128	119	def	Graph.WellFormed
Grass/Platform/Win32/RawStepSignature.lean	211085e3b128	124	def	Graph.Extends
Grass/Platform/Win32/RawStepSignature.lean	211085e3b128	127	theorem	Graph.extends_refl
Grass/Platform/Win32/RawStepSignature.lean	211085e3b128	130	theorem	Graph.extends_trans
Grass/Platform/Win32/RawStepSignature.lean	211085e3b128	138	abbrev	StepSignature
Grass/Platform/Win32/RawStepSignature.lean	211085e3b128	142	structure	EdgeAgreement
Grass/Platform/Win32/RawTerminal.lean	be9b376efc87	13	theorem	RawStep.terminal_target
Grass/Platform/Win32/RawTerminal.lean	be9b376efc87	49	theorem	terminal_prefix_last_completedExit
Grass/Platform/Win32/ReturnHome.lean	fb5c014f4c1f	13	def	returnAddressBytes
Grass/Platform/Win32/ReturnHome.lean	fb5c014f4c1f	16	abbrev	homeSpaceBytes
Grass/Platform/Win32/ReturnHome.lean	fb5c014f4c1f	18	def	stackRequests
Grass/Platform/Win32/ReturnHome.lean	fb5c014f4c1f	24	structure	InitializedReturnQword
Grass/Platform/Win32/ReturnHome.lean	fb5c014f4c1f	33	structure	Plan
Grass/Platform/Win32/ReturnHomeStackPlan.lean	2dd1338fe479	20	inductive	Failure
Grass/Platform/Win32/ReturnHomeStackPlan.lean	2dd1338fe479	37	def	derive?
Grass/Platform/Win32/ReturnHomeStackPlan.lean	2dd1338fe479	130	theorem	exact_fields
Grass/Platform/Win32/ReturnHomeStackPlan.lean	2dd1338fe479	141	theorem	continuation_exact
Grass/Platform/Win32/ReturnHomeStackPlan.lean	2dd1338fe479	149	theorem	return_provenance_exact
Grass/Platform/Win32/ReturnHomeStackPlan.lean	2dd1338fe479	158	theorem	return_range_exact
Grass/Platform/Win32/ReturnHomeStackPlan.lean	2dd1338fe479	167	def	deriveLoaded?
Grass/Platform/Win32/ReturnHomeStackPlan.lean	2dd1338fe479	175	theorem	loaded_continuation_exact
Grass/Platform/Win32/Signatures.lean	64ab339584f7	18	inductive	Api
Grass/Platform/Win32/Signatures.lean	64ab339584f7	22	inductive	ParameterKind
Grass/Platform/Win32/Signatures.lean	64ab339584f7	26	structure	Parameter
Grass/Platform/Win32/Signatures.lean	64ab339584f7	32	def	apiName
Grass/Platform/Win32/Signatures.lean	64ab339584f7	37	def	apis
Grass/Platform/Win32/Signatures.lean	64ab339584f7	39	def	resolveName?
Grass/Platform/Win32/Signatures.lean	64ab339584f7	42	def	importName
Grass/Platform/Win32/Signatures.lean	64ab339584f7	44	def	resolveImport?
Grass/Platform/Win32/Signatures.lean	64ab339584f7	47	def	parameters
Grass/Platform/Win32/Signatures.lean	64ab339584f7	57	def	argumentCount
Grass/Platform/Win32/Signatures.lean	64ab339584f7	59	def	argumentIndex?
Grass/Platform/Win32/Signatures.lean	64ab339584f7	62	theorem	resolveName?_exact
Grass/Platform/Win32/Signatures.lean	64ab339584f7	67	theorem	resolveImport?_exact
Grass/Platform/Win32/Signatures.lean	64ab339584f7	72	theorem	argumentIndex?_exact
Grass/Platform/Win32/Signatures.lean	64ab339584f7	79	theorem	argumentIndex?_bounded
Grass/Platform/Win32/Signatures.lean	64ab339584f7	83	theorem	parameter_names_unique
Grass/Platform/Win32/WriteFile.lean	708796c4373a	27	structure	PendingAt
Grass/Platform/Win32/WriteFile.lean	708796c4373a	34	structure	Publication
Grass/Platform/Win32/WriteFile.lean	708796c4373a	39	theorem	Publication.append_prefix
Grass/Platform/Win32/WriteFile.lean	708796c4373a	48	theorem	Publication.output_unique
Grass/Platform/Win32/WriteFile.lean	708796c4373a	52	structure	Prefix
Grass/Platform/Win32/WriteFile.lean	708796c4373a	60	def	Prefix.output
Grass/Platform/Win32/WriteFile.lean	708796c4373a	65	structure	Action
Grass/Platform/Win32/WriteFile.lean	708796c4373a	72	def	Action.Runs
Grass/Platform/Win32/WriteFile.lean	708796c4373a	77	inductive	CausalNode
Grass/Platform/Win32/WriteFile.lean	708796c4373a	83	def	Represented
Grass/Platform/Win32/WriteFile.lean	708796c4373a	91	structure	CausalModel
Grass/Platform/Win32/WriteFile.lean	708796c4373a	94	structure	CausalModel.Valid
Grass/Platform/Win32/WriteFile.lean	708796c4373a	100	structure	HandoffCausality
Grass/Platform/Win32/WriteFile.lean	708796c4373a	112	structure	CausalEvidence
Grass/Platform/Win32/WriteFile.lean	708796c4373a	139	structure	Realization
Grass/Platform/Win32/WriteFile.lean	708796c4373a	150	def	Confined
Grass/Platform/Win32/WriteFile.lean	708796c4373a	155	structure	CommittedStep
Grass/Platform/Win32/WriteFile.lean	708796c4373a	171	theorem	CommittedStep.output_extends
Grass/Platform/Win32/WriteFile.lean	708796c4373a	179	theorem	Prefix.no_denial
Grass/Platform/Win32/WriteFile.lean	708796c4373a	184	theorem	PendingAt.same_record
Grass/Platform/Win32/WriteFile.lean	708796c4373a	192	inductive	History
Grass/Platform/Win32/WriteFile.lean	708796c4373a	208	def	History.published
Grass/Platform/Win32/WriteFile.lean	708796c4373a	218	theorem	History.published_eq_output
Grass/Platform/Win32/WriteFile.lean	708796c4373a	231	theorem	History.causal_valid
Grass/Platform/Win32/WriteFileAbi.lean	34cfd0ce905b	31	abbrev	returnAddressBytes
Grass/Platform/Win32/WriteFileAbi.lean	34cfd0ce905b	34	abbrev	homeSpaceBytes
Grass/Platform/Win32/WriteFileAbi.lean	34cfd0ce905b	37	def	overlappedSlotOffset
Grass/Platform/Win32/WriteFileAbi.lean	34cfd0ce905b	40	def	InitializedNullQword
Grass/Platform/Win32/WriteFileAbi.lean	34cfd0ce905b	53	structure	Entry
Grass/Platform/Win32/WriteFileAbi.lean	34cfd0ce905b	69	theorem	Entry.requested_low
Grass/Platform/Win32/WriteFileAbi.lean	34cfd0ce905b	73	theorem	Entry.buffer_size
Grass/Platform/Win32/WriteFileAbi.lean	34cfd0ce905b	77	theorem	Entry.bytes_size
Grass/Platform/Win32/WriteFileAbi.lean	34cfd0ce905b	81	theorem	Entry.count_size
Grass/Platform/Win32/WriteFileAbi.lean	34cfd0ce905b	85	theorem	Entry.input_matches
Grass/Platform/Win32/WriteFileAbi.lean	34cfd0ce905b	89	theorem	Entry.overlapped_slot_size
Grass/Platform/Win32/WriteFileAbi.lean	34cfd0ce905b	95	theorem	Entry.overlapped_address_no_wrap
Grass/Platform/Win32/WriteFileAbi.lean	34cfd0ce905b	102	theorem	Entry.overlapped_byte_initialized_zero
Grass/Platform/Win32/WriteFileAbi.lean	34cfd0ce905b	109	theorem	handle_unique
Grass/Platform/Win32/WriteFileAbi.lean	34cfd0ce905b	114	theorem	requested_unique
Grass/Platform/Win32/WriteFileArguments.lean	5318f424f44a	9	abbrev	Argument
Grass/Platform/Win32/WriteFileArguments.lean	5318f424f44a	13	abbrev	Resolved
Grass/Platform/Win32/WriteFileArguments.lean	5318f424f44a	15	abbrev	Resolved.physical
Grass/Platform/Win32/WriteFileArguments.lean	5318f424f44a	19	theorem	Resolved.root_contains
Grass/Platform/Win32/WriteFileArguments.lean	5318f424f44a	23	def	Resolved.transport
Grass/Platform/Win32/WriteFileArguments.lean	5318f424f44a	28	structure	Request
Grass/Platform/Win32/WriteFileArguments.lean	5318f424f44a	35	def	Request.loans
Grass/Platform/Win32/WriteFileArguments.lean	5318f424f44a	40	def	InputMatches
Grass/Platform/Win32/WriteFileArguments.lean	5318f424f44a	48	structure	Prepared
Grass/Platform/Win32/WriteFileArguments.lean	5318f424f44a	69	def	Prepared.transport
Grass/Platform/Win32/WriteFileCall.lean	b05e6cbffc7e	19	abbrev	CallPolicy
Grass/Platform/Win32/WriteFileCall.lean	b05e6cbffc7e	25	abbrev	CallPolicy.ofFactory
Grass/Platform/Win32/WriteFileCall.lean	b05e6cbffc7e	33	abbrev	reachedCall?
Grass/Platform/Win32/WriteFileCall.lean	b05e6cbffc7e	38	theorem	reachedCall?_fields
Grass/Platform/Win32/WriteFileCall.lean	b05e6cbffc7e	49	structure	CallHandoff
Grass/Platform/Win32/WriteFileCallPlan.lean	3098f161c509	20	structure	LoanPlan
Grass/Platform/Win32/WriteFileCallPlan.lean	3098f161c509	24	def	LoanPlan.requests
Grass/Platform/Win32/WriteFileCallPlan.lean	3098f161c509	29	def	LoanPlan.ReadFootprint
Grass/Platform/Win32/WriteFileCallPlan.lean	3098f161c509	37	def	LoanPlan.WriteFootprint
Grass/Platform/Win32/WriteFileCallPlan.lean	3098f161c509	44	def	LoanPlan.WriteAt
Grass/Platform/Win32/WriteFileCallPlan.lean	3098f161c509	59	abbrev	InitializedReturnQword
Grass/Platform/Win32/WriteFileCallPlan.lean	3098f161c509	65	def	stackRequests
Grass/Platform/Win32/WriteFileCallPlan.lean	3098f161c509	72	structure	StackPlan
Grass/Platform/Win32/WriteFileCallPlan.lean	3098f161c509	91	def	StackPlan.requests
Grass/Platform/Win32/WriteFileCallPlan.lean	3098f161c509	96	def	StackPlan.loanPlan
Grass/Platform/Win32/WriteFileCallPreservation.lean	19c4797a0b19	21	theorem	CallNormal.saved_return_cell
Grass/Platform/Win32/WriteFileCallPreservation.lean	19c4797a0b19	42	theorem	CallNormal.saved_return_cell_preserved
Grass/Platform/Win32/WriteFileCallPreservation.lean	19c4797a0b19	68	theorem	CallNormal.saved_return_cell_preserved_after_return
Grass/Platform/Win32/WriteFileConsolePublication.lean	312ecc6f0e9d	24	structure	Observation
Grass/Platform/Win32/WriteFileConsolePublication.lean	312ecc6f0e9d	32	def	matches?
Grass/Platform/Win32/WriteFileConsolePublication.lean	312ecc6f0e9d	52	def	onStdout
Grass/Platform/Win32/WriteFileConsolePublication.lean	312ecc6f0e9d	55	theorem	matched_bytes
Grass/Platform/Win32/WriteFileConsolePublication.lean	312ecc6f0e9d	65	theorem	matched_target
Grass/Platform/Win32/WriteFileConsolePublication.lean	312ecc6f0e9d	81	theorem	onStdout_eq_true_iff
Grass/Platform/Win32/WriteFileConsolePublication.lean	312ecc6f0e9d	86	theorem	publication_suffix
Grass/Platform/Win32/WriteFileConsolePublication.lean	312ecc6f0e9d	96	theorem	publication_prefix
Grass/Platform/Win32/WriteFileHandoff.lean	039ee80ab41d	19	abbrev	EntryHandoff
Grass/Platform/Win32/WriteFileHandoff.lean	039ee80ab41d	25	def	entryHandoff?
Grass/Platform/Win32/WriteFileHandoff.lean	039ee80ab41d	37	def	after
Grass/Platform/Win32/WriteFileHandoff.lean	039ee80ab41d	41	def	record
Grass/Platform/Win32/WriteFileHandoff.lean	039ee80ab41d	46	theorem	record_embedded
Grass/Platform/Win32/WriteFileHandoff.lean	039ee80ab41d	49	theorem	after_projected
Grass/Platform/Win32/WriteFileHandoff.lean	039ee80ab41d	54	theorem	recorded
Grass/Platform/Win32/WriteFileHandoff.lean	039ee80ab41d	59	theorem	pendingAt
Grass/Platform/Win32/WriteFileHandoff.lean	039ee80ab41d	67	theorem	storage_unchanged
Grass/Platform/Win32/WriteFileHandoff.lean	039ee80ab41d	73	def	initialPrefix
Grass/Platform/Win32/WriteFileHandoff.lean	039ee80ab41d	82	def	history
Grass/Platform/Win32/WriteFileHandoff.lean	039ee80ab41d	92	theorem	after_control_consistent
Grass/Platform/Win32/WriteFileNonresponse.lean	a87e4658504a	19	structure	InfiniteContinuation
Grass/Platform/Win32/WriteFileNonresponse.lean	a87e4658504a	33	def	InfiniteContinuation.historyAt
Grass/Platform/Win32/WriteFileNonresponse.lean	a87e4658504a	49	theorem	InfiniteContinuation.historyAt_zero
Grass/Platform/Win32/WriteFileNonresponse.lean	a87e4658504a	60	theorem	InfiniteContinuation.historyAt_succ
Grass/Platform/Win32/WriteFileNonresponse.lean	a87e4658504a	72	structure	FixedCut
Grass/Platform/Win32/WriteFileNonresponse.lean	a87e4658504a	82	theorem	FixedCut.output_empty
Grass/Platform/Win32/WriteFileNonresponse.lean	a87e4658504a	99	def	StalledPredicate
Grass/Platform/Win32/WriteFileNonresponse.lean	a87e4658504a	110	structure	StalledNonresponse
Grass/Platform/Win32/WriteFilePrepare.lean	465cc4997fff	21	inductive	Failure
Grass/Platform/Win32/WriteFilePrepare.lean	465cc4997fff	48	def	requestOf
Grass/Platform/Win32/WriteFilePrepare.lean	465cc4997fff	55	theorem	requestOf_handle
Grass/Platform/Win32/WriteFilePrepare.lean	465cc4997fff	58	theorem	requestOf_requested
Grass/Platform/Win32/WriteFilePrepare.lean	465cc4997fff	62	theorem	requestOf_buffer
Grass/Platform/Win32/WriteFilePrepare.lean	465cc4997fff	65	theorem	requestOf_countSlot
Grass/Platform/Win32/WriteFilePrepare.lean	465cc4997fff	68	theorem	requestOf_bytes
Grass/Platform/Win32/WriteFilePrepare.lean	465cc4997fff	71	def	resolve?
Grass/Platform/Win32/WriteFilePrepare.lean	465cc4997fff	82	theorem	placement_of_valid
Grass/Platform/Win32/WriteFilePrepare.lean	465cc4997fff	95	theorem	separation_of_valid
Grass/Platform/Win32/WriteFilePrepare.lean	465cc4997fff	119	def	prepareExact?
Grass/Platform/Win32/WriteFilePrepare.lean	465cc4997fff	186	def	prepare?
Grass/Platform/Win32/WriteFilePrepare.lean	465cc4997fff	191	theorem	prepare?_fifthSlot
Grass/Platform/Win32/WriteFilePreservation.lean	292a448300c1	18	theorem	History.cellAt?_preserved
Grass/Platform/Win32/WriteFilePreservation.lean	292a448300c1	36	theorem	MatchedReturn.cellAt?_preserved
Grass/Platform/Win32/WriteFilePreservation.lean	292a448300c1	53	theorem	StackPlan.return_cellAt?_preserved
Grass/Platform/Win32/WriteFilePreservation.lean	292a448300c1	71	theorem	StackPlan.overlapped_cellAt?_preserved
Grass/Platform/Win32/WriteFilePreservation.lean	292a448300c1	89	theorem	StackPlan.return_cellAt?_preserved_after_return
Grass/Platform/Win32/WriteFilePreservation.lean	292a448300c1	109	theorem	StackPlan.overlapped_cellAt?_preserved_after_return
Grass/Platform/Win32/WriteFileRawReturn.lean	3788e7011754	30	def	event
Grass/Platform/Win32/WriteFileRawReturn.lean	3788e7011754	34	theorem	event_appends
Grass/Platform/Win32/WriteFileRawReturn.lean	3788e7011754	39	theorem	event_exact
Grass/Platform/Win32/WriteFileRawReturn.lean	3788e7011754	52	theorem	rawStep
Grass/Platform/Win32/WriteFileResult.lean	f6751f2c8d0e	13	structure	ReturnResult
Grass/Platform/Win32/WriteFileResult.lean	f6751f2c8d0e	19	def	DwordAt
Grass/Platform/Win32/WriteFileResult.lean	f6751f2c8d0e	29	theorem	DwordAt.transport
Grass/Platform/Win32/WriteFileResult.lean	f6751f2c8d0e	40	def	ReturnResult.Conforms
Grass/Platform/Win32/WriteFileResult.lean	f6751f2c8d0e	47	theorem	ReturnResult.Conforms.failure
Grass/Platform/Win32/WriteFileResult.lean	f6751f2c8d0e	53	theorem	ReturnResult.Conforms.success
Grass/Platform/Win32/WriteFileResult.lean	f6751f2c8d0e	63	theorem	ReturnResult.Conforms.transport
Grass/Platform/Win32/WriteFileReturn.lean	171522ea4596	14	def	History.providerEvents
Grass/Platform/Win32/WriteFileReturn.lean	171522ea4596	24	theorem	CausalEvidence.suffix
Grass/Platform/Win32/WriteFileReturn.lean	171522ea4596	34	theorem	History.events_eq
Grass/Platform/Win32/WriteFileReturn.lean	171522ea4596	51	abbrev	ReturnInterpretation
Grass/Platform/Win32/WriteFileReturn.lean	171522ea4596	55	structure	ReturnCausality
Grass/Platform/Win32/WriteFileReturn.lean	171522ea4596	69	structure	MatchedReturn
Grass/Platform/Win32/WriteFileReturn.lean	171522ea4596	84	theorem	MatchedReturn.on_history
Grass/Platform/Win32/WriteFileReturn.lean	171522ea4596	104	theorem	MatchedReturn.effects
Grass/Platform/Win32/WriteFileReturn.lean	171522ea4596	114	theorem	MatchedReturn.conforms_after
Grass/Platform/Win32/WriteFileReturn.lean	171522ea4596	126	theorem	MatchedReturn.consumed
Grass/Platform/Win32/WriteFileReturn.lean	171522ea4596	141	abbrev	CallerInterpretation
Grass/Platform/Win32/WriteFileReturn.lean	171522ea4596	147	structure	CallerContinuation
Grass/Platform/Win32/WriteFileReturnCompletion.lean	f9261cc88c20	32	structure	Observation
Grass/Platform/Win32/WriteFileReturnCompletion.lean	f9261cc88c20	50	theorem	afterReturnLink
Grass/Platform/Win32/WriteFileReturnCompletion.lean	f9261cc88c20	62	structure	Completion
Grass/Platform/Win32/WriteFileReturnCompletion.lean	f9261cc88c20	75	def	complete?
Grass/Platform/Win32/WriteFileReturnCompletion.lean	f9261cc88c20	91	def	final
Grass/Platform/Win32/WriteFileReturnCompletion.lean	f9261cc88c20	95	theorem	fields
Grass/Platform/Win32/WriteFileReturnCompletion.lean	f9261cc88c20	108	theorem	control
Grass/Platform/Win32/WriteFileReturnCompletion.lean	f9261cc88c20	113	theorem	logs
Grass/Platform/Win32/WriteFileReturnCompletion.lean	f9261cc88c20	123	theorem	protocol
Grass/Platform/Win32/WriteFileReturnCompletion.lean	f9261cc88c20	132	theorem	output
Grass/Platform/Win32/WriteFileReturnCompletion.lean	f9261cc88c20	138	theorem	memory
Grass/Platform/Win32/WriteFileReturnCompletion.lean	f9261cc88c20	142	theorem	conforms
Grass/Platform/Win32/WriteFileReturnHistory.lean	35a26da0d1fe	16	theorem	returnedAfterService
Grass/Platform/Win32/WriteFileRuntime.lean	e5614a89ea50	18	def	CallHandoff.runtime
Grass/Platform/Win32/WriteFileRuntime.lean	e5614a89ea50	30	def	CallHandoff.rawAfter
Grass/Platform/Win32/WriteFileRuntime.lean	e5614a89ea50	39	theorem	CallHandoff.runtime_loanPlan
Grass/Platform/Win32/WriteFileRuntime.lean	e5614a89ea50	47	theorem	CallHandoff.runtime_accepted
Grass/Platform/Win32/WriteFileRuntime.lean	e5614a89ea50	54	theorem	CallHandoff.runtime_entryRsp
Grass/Platform/Win32/WriteFileRuntime.lean	e5614a89ea50	62	theorem	CallHandoff.runtime_continuation
Grass/Platform/Win32/WriteFileRuntime.lean	e5614a89ea50	70	theorem	CallHandoff.runtime_returnSlot
Grass/Platform/Win32/WriteFileRuntime.lean	e5614a89ea50	78	theorem	CallHandoff.runtime_homeSlot
Grass/Platform/Win32/WriteFileRuntime.lean	e5614a89ea50	86	theorem	CallHandoff.runtime_fifthSlot
Grass/Platform/Win32/WriteFileRuntime.lean	e5614a89ea50	94	theorem	CallHandoff.runtime_saved
Grass/Platform/Win32/WriteFileRuntime.lean	e5614a89ea50	108	theorem	CallHandoff.runtime_restoredRsp
Grass/Platform/Win32/WriteFileRuntime.lean	e5614a89ea50	136	theorem	CallHandoff.rawAfter_lookup
Grass/Platform/Win32/WriteFileRuntime.lean	e5614a89ea50	146	theorem	CallHandoff.rawAfter_other
Grass/Platform/Win32/WriteFileRuntime.lean	e5614a89ea50	157	theorem	CallHandoff.rawAfter_checked?
Grass/Platform/Win32/WriteFileRuntime.lean	e5614a89ea50	166	theorem	CallHandoff.rawAfter_machine
Grass/Platform/Win32/WriteFileRuntime.lean	e5614a89ea50	174	theorem	CallHandoff.rawAfter_metadata
Grass/Platform/Win32/WriteFileRuntime.lean	e5614a89ea50	182	theorem	CallHandoff.rawAfter_control
Grass/Platform/Win32/WriteFileRuntimeLinked.lean	416d8847a384	21	theorem	mem_of_mem_eraseKey
Grass/Platform/Win32/WriteFileRuntimeLinked.lean	416d8847a384	39	theorem	key_ne_of_mem_eraseKey
Grass/Platform/Win32/WriteFileRuntimeLinked.lean	416d8847a384	60	theorem	ServiceReceipt.runtimeLinked
Grass/Platform/Win32/WriteFileRuntimeLinked.lean	416d8847a384	95	theorem	CallHandoff.rawAfter_runtimeLinked
Grass/Platform/Win32/WriteFileRuntimeLinked.lean	416d8847a384	159	theorem	CallHandoff.runtimeFresh
Grass/Platform/Win32/WriteFileService.lean	97e8041436aa	20	structure	ServiceReceipt
Grass/Platform/Win32/WriteFileService.lean	97e8041436aa	40	def	nextRuntime
Grass/Platform/Win32/WriteFileService.lean	97e8041436aa	46	def	after
Grass/Platform/Win32/WriteFileService.lean	97e8041436aa	51	theorem	after_projected
Grass/Platform/Win32/WriteFileService.lean	97e8041436aa	55	theorem	after_runtimeLookup
Grass/Platform/Win32/WriteFileService.lean	97e8041436aa	60	theorem	after_accepted
Grass/Platform/Win32/WriteFileService.lean	97e8041436aa	63	theorem	after_frame
Grass/Platform/Win32/WriteFileService.lean	97e8041436aa	66	theorem	after_fifth
Grass/Platform/Win32/WriteFileService.lean	97e8041436aa	69	theorem	after_loanPlan
Grass/Platform/Win32/WriteFileService.lean	97e8041436aa	72	theorem	after_otherCall
Grass/Platform/Win32/WriteFileService.lean	97e8041436aa	77	theorem	after_control
Grass/Platform/Win32/WriteFileService.lean	97e8041436aa	80	theorem	same_pending
Grass/Platform/Win32/WriteFileService.lean	97e8041436aa	85	theorem	after_machine
Grass/Platform/Win32/WriteFileService.lean	97e8041436aa	88	theorem	after_metadata
Grass/Platform/Win32/WriteFileService.lean	97e8041436aa	93	theorem	metadata_unchanged
Grass/Platform/Win32/WriteFileService.lean	97e8041436aa	104	theorem	frontier_continuity
Grass/Platform/Win32/WriteFileService.lean	97e8041436aa	119	def	ServiceEdge
Grass/Platform/Win32/WriteFileServiceContinuation.lean	91c20a5cdc9a	22	def	castPrefixPlan
Grass/Platform/Win32/WriteFileServiceContinuation.lean	91c20a5cdc9a	28	theorem	castPrefixPlan_accepted
Grass/Platform/Win32/WriteFileServiceContinuation.lean	91c20a5cdc9a	35	theorem	CommittedStep.reindex
Grass/Platform/Win32/WriteFileServiceContinuation.lean	91c20a5cdc9a	68	def	extendHistory
Grass/Platform/Win32/WriteFileServiceContinuation.lean	91c20a5cdc9a	81	theorem	extendHistory_accepted
Grass/Platform/Win32/WriteFileServiceContinuation.lean	91c20a5cdc9a	91	theorem	extendHistory_step
Grass/Platform/Win32/WriteFileServiceContinuation.lean	91c20a5cdc9a	105	theorem	stream_continuity
Grass/Platform/Win32/WriteFileServiceContinuation.lean	91c20a5cdc9a	131	theorem	stream_loanPlan
Grass/Platform/Win32/WriteFileServiceContinuation.lean	91c20a5cdc9a	148	theorem	stream_loanPlan_from
Grass/Platform/Win32/WriteFileServiceContinuation.lean	91c20a5cdc9a	160	def	extractInfiniteContinuationFrom
Grass/Platform/Win32/WriteFileServiceContinuation.lean	91c20a5cdc9a	212	theorem	extractInfiniteContinuationFrom_point_state
Grass/Platform/Win32/WriteFileServiceContinuation.lean	91c20a5cdc9a	228	theorem	extractInfiniteContinuationFrom_point_accepted
Grass/Platform/Win32/WriteFileServiceContinuation.lean	91c20a5cdc9a	248	theorem	extractInfiniteContinuationFrom_action
Grass/Platform/Win32/WriteFileServiceContinuation.lean	91c20a5cdc9a	261	theorem	extractInfiniteContinuationFrom_output
Grass/Platform/Win32/WriteFileServiceContinuation.lean	91c20a5cdc9a	279	def	extractInfiniteContinuation
Grass/Platform/Win32/WriteFileServiceContinuation.lean	91c20a5cdc9a	306	theorem	extractInfiniteContinuation_point_state
Grass/Platform/Win32/WriteFileServiceContinuation.lean	91c20a5cdc9a	316	theorem	extractInfiniteContinuation_point_accepted
Grass/Platform/Win32/WriteFileServiceContinuation.lean	91c20a5cdc9a	327	theorem	extractInfiniteContinuation_action
Grass/Platform/Win32/WriteFileServiceContinuation.lean	91c20a5cdc9a	336	theorem	extractInfiniteContinuation_output
Grass/Platform/Win32/WriteFileServiceSegment.lean	d2af8572fdc3	38	def	serviceHistorySegment
Grass/Platform/Win32/WriteFileServiceSegment.lean	d2af8572fdc3	85	theorem	serviceHistorySegment_zero
Grass/Platform/Win32/WriteFileServiceSegment.lean	d2af8572fdc3	98	theorem	returnedAfterSegment
Grass/Platform/Win32/WriteFileStabilization.lean	9a9a01212f03	15	theorem	sequence_monotone
Grass/Platform/Win32/WriteFileStabilization.lean	9a9a01212f03	21	theorem	eventually_constant_of_bounded_monotone
Grass/Platform/Win32/WriteFileStabilization.lean	9a9a01212f03	85	def	InfiniteContinuation.shift
Grass/Platform/Win32/WriteFileStabilization.lean	9a9a01212f03	101	theorem	InfiniteContinuation.shift_point
Grass/Platform/Win32/WriteFileStabilization.lean	9a9a01212f03	109	theorem	InfiniteContinuation.shift_action
Grass/Platform/Win32/WriteFileStabilization.lean	9a9a01212f03	117	theorem	InfiniteContinuation.shift_output
Grass/Platform/Win32/WriteFileStabilization.lean	9a9a01212f03	127	theorem	InfiniteContinuation.shift_historyAt
Grass/Platform/Win32/WriteFileStabilization.lean	9a9a01212f03	148	theorem	InfiniteContinuation.shift_root_published
Grass/Platform/Win32/WriteFileStabilization.lean	9a9a01212f03	159	theorem	InfiniteContinuation.stabilizes
Grass/Platform/Win32/WriteFileStackPlan.lean	9aff61ce664f	24	inductive	Failure
Grass/Platform/Win32/WriteFileStackPlan.lean	9aff61ce664f	38	def	checked?
Grass/Platform/Win32/WriteFileStackPlan.lean	9aff61ce664f	74	def	deriveLoaded?
Grass/Platform/Win32/WriteFileStackPlan.lean	9aff61ce664f	86	theorem	checked?_fields
Grass/Platform/Win32/WriteFileStackPlan.lean	9aff61ce664f	97	theorem	checked?_plan
Grass/Platform/Win32/WriteFileStackPlan.lean	9aff61ce664f	105	theorem	checked?_entry
Grass/Platform/Win32/WriteFileStackPlan.lean	9aff61ce664f	113	theorem	loaded_common
Grass/Platform/Win32/WriteFileStackPlan.lean	9aff61ce664f	130	theorem	loaded_continuation_exact
Grass/Platform/Win32/WriteFileStackPlan.lean	9aff61ce664f	145	theorem	loaded_return_provenance_exact
Grass/Platform/Win32/WriteFileStackPlan.lean	9aff61ce664f	160	theorem	loaded_return_range_exact
Grass/Platform/Win32/WriteFileStackPlan.lean	9aff61ce664f	174	theorem	loaded_entry_exact
Grass/Process/Sequential/Machine.lean	eb5ea5e53d69	81	abbrev	EffectDemand
Grass/Process/Sequential/Machine.lean	eb5ea5e53d69	89	abbrev	EffectResult
Grass/Process/Sequential/Machine.lean	eb5ea5e53d69	102	inductive	SequentialDecision
Grass/Process/Sequential/Machine.lean	eb5ea5e53d69	119	def	AtFrontier
Grass/Process/Sequential/Machine.lean	eb5ea5e53d69	124	theorem	not_atFrontier_internal
Grass/Process/Sequential/Machine.lean	eb5ea5e53d69	129	theorem	atFrontier_effect
Grass/Process/Sequential/Machine.lean	eb5ea5e53d69	134	theorem	atFrontier_terminal
Grass/Process/Sequential/Machine.lean	eb5ea5e53d69	147	structure	SequentialMachine
Grass/Process/Sequential/Machine.lean	eb5ea5e53d69	200	def	InternalStep
Grass/Process/Sequential/Machine.lean	eb5ea5e53d69	204	inductive	InternalSteps
Grass/Process/Sequential/Machine.lean	eb5ea5e53d69	220	theorem	reachesFrontier
Grass/Process/Sequential/Machine.lean	eb5ea5e53d69	245	theorem	atFrontier_iff
Grass/Refinement/Console/WriteFileConsoleHistory.lean	c687bf915b33	30	def	extendConsole?
Grass/Refinement/Console/WriteFileConsoleHistory.lean	c687bf915b33	49	theorem	extendConsole?_accepted
Grass/Refinement/Console/WriteFileConsoleHistory.lean	c687bf915b33	59	theorem	extendConsole?_target
Grass/Refinement/Console/WriteFileConsoleHistory.lean	c687bf915b33	71	theorem	extendConsole?_start
Grass/Refinement/Console/WriteFileConsoleHistory.lean	c687bf915b33	77	theorem	extendConsole?_endpoint
Grass/Refinement/Console/WriteFileConsoleHistory.lean	c687bf915b33	85	theorem	extendConsole?_positive
Grass/Refinement/Console/WriteFileConsoleHistory.lean	c687bf915b33	93	theorem	extendConsole?_positive_events
Grass/Refinement/Console/WriteFileConsoleHistory.lean	c687bf915b33	102	theorem	extendConsole?_zero
Grass/Refinement/Console/WriteFileConsoleHistory.lean	c687bf915b33	112	theorem	extendConsole?_failed_return
Grass/Refinement/Console/WriteFileEventualNonresponse.lean	f0a81b7d31d5	27	theorem	Aligned.eventually_fixedNonresponse
Grass/Refinement/Console/WriteFileHistory.lean	62e084cccc4f	25	structure	Start
Grass/Refinement/Console/WriteFileHistory.lean	62e084cccc4f	38	def	HandoffRelation
Grass/Refinement/Console/WriteFileHistory.lean	62e084cccc4f	44	def	RootAligned
Grass/Refinement/Console/WriteFileHistory.lean	62e084cccc4f	50	abbrev	Located
Grass/Refinement/Console/WriteFileHistory.lean	62e084cccc4f	54	def	positiveUpper
Grass/Refinement/Console/WriteFileHistory.lean	62e084cccc4f	70	def	advanceUpper
Grass/Refinement/Console/WriteFileHistory.lean	62e084cccc4f	85	def	fold
Grass/Refinement/Console/WriteFileHistory.lean	62e084cccc4f	99	structure	Aligned
Grass/Refinement/Console/WriteFileHistory.lean	62e084cccc4f	111	def	upper
Grass/Refinement/Console/WriteFileHistory.lean	62e084cccc4f	114	def	endpoint
Grass/Refinement/Console/WriteFileHistory.lean	62e084cccc4f	117	theorem	upper_located
Grass/Refinement/Console/WriteFileHistory.lean	62e084cccc4f	121	theorem	endpoint_full
Grass/Refinement/Console/WriteFileHistory.lean	62e084cccc4f	133	def	extend
Grass/Refinement/Console/WriteFileHistory.lean	62e084cccc4f	138	theorem	history_transport
Grass/Refinement/Console/WriteFileHistory.lean	62e084cccc4f	150	def	alignedAt
Grass/Refinement/Console/WriteFileHistory.lean	62e084cccc4f	160	theorem	alignedAt_start
Grass/Refinement/Console/WriteFileHistory.lean	62e084cccc4f	167	theorem	alignedAt_zero_upper
Grass/Refinement/Console/WriteFileHistory.lean	62e084cccc4f	173	theorem	extend_start
Grass/Refinement/Console/WriteFileHistory.lean	62e084cccc4f	179	theorem	extend_zero
Grass/Refinement/Console/WriteFileHistory.lean	62e084cccc4f	188	theorem	alignedAt_fixed_upper
Grass/Refinement/Console/WriteFileHistory.lean	62e084cccc4f	199	def	publicationPath
Grass/Refinement/Console/WriteFileHistory.lean	62e084cccc4f	213	theorem	extend_positive
Grass/Refinement/Console/WriteFileHistory.lean	62e084cccc4f	223	theorem	extend_positive_events
Grass/Refinement/Console/WriteFileHistory.lean	62e084cccc4f	238	theorem	extend_positive_choices
Grass/Refinement/Console/WriteFileHistory.lean	62e084cccc4f	256	theorem	output_exact
Grass/Refinement/Console/WriteFileNonresponse.lean	9061bfb52791	27	structure	Stalled
Grass/Refinement/Console/WriteFileNonresponse.lean	9061bfb52791	36	def	waiting
Grass/Refinement/Console/WriteFileNonresponse.lean	9061bfb52791	40	def	complete
Grass/Refinement/Console/WriteFileNonresponse.lean	9061bfb52791	43	theorem	same_cut
Grass/Refinement/Console/WriteFileNonresponse.lean	9061bfb52791	47	theorem	pending
Grass/Refinement/Console/WriteFileNonresponse.lean	9061bfb52791	54	structure	FixedNonresponse
Grass/Refinement/Console/WriteFileNonresponse.lean	9061bfb52791	62	def	waiting
Grass/Refinement/Console/WriteFileNonresponse.lean	9061bfb52791	66	def	complete
Grass/Refinement/Console/WriteFileNonresponse.lean	9061bfb52791	70	def	historyAt
Grass/Refinement/Console/WriteFileNonresponse.lean	9061bfb52791	74	def	alignedAt
Grass/Refinement/Console/WriteFileNonresponse.lean	9061bfb52791	78	theorem	upper_at
Grass/Refinement/Console/WriteFileNonresponse.lean	9061bfb52791	82	theorem	cut_at
Grass/Refinement/Console/WriteFileNonresponse.lean	9061bfb52791	90	theorem	output_empty
Grass/Refinement/Console/WriteFileNonresponse.lean	9061bfb52791	93	theorem	pending_at
Grass/Refinement/Console/WriteFileNonresponse.lean	9061bfb52791	97	theorem	same_cut
Grass/Refinement/Console/WriteFilePolicy.lean	a3fc9431cad4	30	structure	Returned
Grass/Refinement/Console/WriteFilePolicy.lean	a3fc9431cad4	39	def	cursor
Grass/Refinement/Console/WriteFilePolicy.lean	a3fc9431cad4	43	def	count
Grass/Refinement/Console/WriteFilePolicy.lean	a3fc9431cad4	49	def	response
Grass/Refinement/Console/WriteFilePolicy.lean	a3fc9431cad4	53	def	decision
Grass/Refinement/Console/WriteFilePolicy.lean	a3fc9431cad4	57	theorem	success_count
Grass/Refinement/Console/WriteFilePolicy.lean	a3fc9431cad4	63	theorem	failure_no_count
Grass/Refinement/Console/WriteFilePolicy.lean	a3fc9431cad4	67	theorem	response_emitted
Grass/Refinement/Console/WriteFilePolicy.lean	a3fc9431cad4	73	def	decisionCut
Grass/Refinement/Console/WriteFilePolicy.lean	a3fc9431cad4	77	theorem	decisionCut_exact
Grass/Refinement/Console/WriteFilePolicy.lean	a3fc9431cad4	85	theorem	failure_decision
Grass/Refinement/Console/WriteFilePolicy.lean	a3fc9431cad4	89	theorem	zero_success_decision
Grass/Refinement/Console/WriteFilePolicy.lean	a3fc9431cad4	96	theorem	partial_success_decision
Grass/Refinement/Console/WriteFilePolicy.lean	a3fc9431cad4	109	theorem	full_success_decision
Grass/Refinement/Console/WriteFilePolicy.lean	a3fc9431cad4	125	def	cause
Grass/Refinement/Console/WriteFilePolicy.lean	a3fc9431cad4	130	theorem	finish_allowed
Grass/Refinement/Console/WriteFilePolicy.lean	a3fc9431cad4	147	def	logicalFinish
Grass/Refinement/Console/WriteFilePolicy.lean	a3fc9431cad4	155	theorem	finish_events
Grass/Refinement/Console/WriteFilePolicy.lean	a3fc9431cad4	161	theorem	finish_no_republication
Grass/Refinement/Console/WriteFilePolicy.lean	a3fc9431cad4	171	def	logicalComplete
Grass/Refinement/Console/WriteFilePolicy.lean	a3fc9431cad4	179	theorem	retry_ready
Grass/Refinement/Console/WriteFilePolicy.lean	a3fc9431cad4	191	theorem	retry_proper
Grass/Refinement/Console/WriteFilePolicy.lean	a3fc9431cad4	212	def	projectedStatus
Grass/Refinement/Console/WriteFileProjection.lean	be14ae2b48ac	21	def	cut
Grass/Refinement/Console/WriteFileProjection.lean	be14ae2b48ac	31	theorem	prefix_exact
Grass/Refinement/Console/WriteFileProjection.lean	be14ae2b48ac	38	theorem	history_prefix_exact
Grass/Refinement/Console/WriteFileProjection.lean	be14ae2b48ac	51	theorem	publication_between
Grass/Refinement/Console/WriteFileProjection.lean	be14ae2b48ac	61	theorem	positive_step
Grass/Refinement/Console/WriteFileProjection.lean	be14ae2b48ac	75	theorem	zero_step
Grass/Refinement/Console/WriteFileProjection.lean	be14ae2b48ac	86	theorem	same_occurrence
Grass/Refinement/Console/WriteFileStaticArgument.lean	0abf2122c143	21	def	requestOf
Grass/Refinement/Console/WriteFileStaticArgument.lean	0abf2122c143	26	theorem	requestOf_buffer
Grass/Refinement/Console/WriteFileStaticArgument.lean	0abf2122c143	31	theorem	requestOf_bytes
Grass/Refinement/Console/WriteFileStaticArgument.lean	0abf2122c143	38	theorem	requestOf_input
Grass/Refinement/Console/WriteFileStaticArgument.lean	0abf2122c143	47	theorem	requestOf_bytes_remaining
Grass/Refinement/Console/WriteHistory.lean	56a57656c5fd	26	def	system
Grass/Refinement/Console/WriteHistory.lean	56a57656c5fd	42	theorem	step_iff
Grass/Refinement/Console/WriteHistory.lean	56a57656c5fd	54	def	historyBytes
Grass/Refinement/Console/WriteHistory.lean	56a57656c5fd	59	theorem	historyBytes_append
Grass/Refinement/Console/WriteHistory.lean	56a57656c5fd	66	theorem	steps_accounting
Grass/Refinement/Console/WriteHistory.lean	56a57656c5fd	84	theorem	runs_accounting
Grass/Refinement/Console/WriteHistory.lean	56a57656c5fd	96	theorem	run_prefix
Grass/Refinement/Console/WriteHistory.lean	56a57656c5fd	103	theorem	run_success
Grass/Refinement/Console/WriteHistory.lean	56a57656c5fd	112	theorem	run_noProgress
Grass/Refinement/Console/WriteHistory.lean	56a57656c5fd	122	theorem	run_writeFailed
Grass/Refinement/Console/WriteHistory.lean	56a57656c5fd	129	theorem	run_unavailable
Grass/Refinement/Console/WriteWaiting.lean	0b0890642742	23	def	protocol
Grass/Refinement/Console/WriteWaiting.lean	0b0890642742	30	def	boundary
Grass/Refinement/Console/WriteWaiting.lean	0b0890642742	73	def	waitOfHeld
Grass/Refinement/Console/WriteWaiting.lean	0b0890642742	80	theorem	wait_occurrence_exact
Grass/Refinement/Console/WriteWaiting.lean	0b0890642742	93	theorem	wait_prefix
Grass/Refinement/Console/WriteWaiting.lean	0b0890642742	101	theorem	wait_no_internal_step
Grass/Refinement/Console/WriteWaiting.lean	0b0890642742	114	def	initialHistory
Grass/Refinement/Console/WriteWaiting.lean	0b0890642742	118	def	stdoutOccurrence
Grass/Refinement/Console/WriteWaiting.lean	0b0890642742	125	theorem	stdout_held
Grass/Refinement/Console/WriteWaiting.lean	0b0890642742	129	def	readyHistory
Grass/Refinement/Console/WriteWaiting.lean	0b0890642742	135	def	writeOccurrence
Grass/Refinement/Console/WriteWaiting.lean	0b0890642742	142	theorem	write_held
Grass/Refinement/Console/WriteWaiting.lean	0b0890642742	151	def	waitingAtWrite
Grass/Refinement/Console/WriteWaitingGap.lean	fd541875aa43	15	theorem	held_output_proper
Grass/Refinement/Console/WriteWaitingGap.lean	fd541875aa43	37	theorem	no_full_output_wait
Grass/Refinement/Console/WriteWaitingGap.lean	fd541875aa43	50	def	full_output_wait
Grass/Std/Console/Process.lean	ea0433673e3f	32	inductive	Demand
Grass/Std/Console/Process.lean	ea0433673e3f	37	def	Demand.Result
Grass/Std/Console/Process.lean	ea0433673e3f	42	def	boundary
Grass/Std/Console/Process.lean	ea0433673e3f	50	inductive	Completion
Grass/Std/Console/Process.lean	ea0433673e3f	55	inductive	State
Grass/Std/Console/Process.lean	ea0433673e3f	64	def	startCursor
Grass/Std/Console/Process.lean	ea0433673e3f	67	def	continueAt
Grass/Std/Console/Process.lean	ea0433673e3f	72	def	OutcomeValid
Grass/Std/Console/Process.lean	ea0433673e3f	80	def	Valid
Grass/Std/Console/Process.lean	ea0433673e3f	85	theorem	continueAt_valid
Grass/Std/Console/Process.lean	ea0433673e3f	98	def	decide
Grass/Std/Console/Process.lean	ea0433673e3f	114	def	rank
Grass/Std/Console/Process.lean	ea0433673e3f	119	def	machine
Grass/Std/Console/Process.lean	ea0433673e3f	167	def	program
Grass/Std/Console/Process.lean	ea0433673e3f	171	def	emittedPrefix
Grass/Std/Console/Process.lean	ea0433673e3f	177	def	bytesOf
Grass/Std/Console/Process.lean	ea0433673e3f	182	theorem	internal_bytes
Grass/Std/Console/Process.lean	ea0433673e3f	198	theorem	effect_bytes
Grass/Std/Console/Process.lean	ea0433673e3f	216	theorem	step_accounting
Grass/Std/Console/Process.lean	ea0433673e3f	243	theorem	terminal_prefix
Grass/Std/Console/Process.lean	ea0433673e3f	259	theorem	state_prefix
Grass/Std/Console/Process.lean	ea0433673e3f	267	theorem	terminal_success
Grass/Std/Console/Process.lean	ea0433673e3f	283	theorem	terminal_noProgress
Grass/Std/Console/Process.lean	ea0433673e3f	295	theorem	terminal_unavailable
Grass/Std/Console/WriteAll.lean	1b0fdfe77461	18	inductive	WriteOutcome
Grass/Std/Console/WriteAll.lean	1b0fdfe77461	25	structure	WriteCursor
Grass/Std/Console/WriteAll.lean	1b0fdfe77461	30	def	WriteCursor.remaining
Grass/Std/Console/WriteAll.lean	1b0fdfe77461	35	structure	WriteCount
Grass/Std/Console/WriteAll.lean	1b0fdfe77461	40	inductive	WriteResponse
Grass/Std/Console/WriteAll.lean	1b0fdfe77461	45	inductive	WriteNext
Grass/Std/Console/WriteAll.lean	1b0fdfe77461	50	def	WriteNext.cursor
Grass/Std/Console/WriteAll.lean	1b0fdfe77461	55	def	WriteResponse.count
Grass/Std/Console/WriteAll.lean	1b0fdfe77461	61	def	advance
Grass/Std/Console/WriteAll.lean	1b0fdfe77461	76	def	respond
Grass/Std/Console/WriteAll.lean	1b0fdfe77461	93	theorem	prefix_suffix_conservation
Grass/Std/Console/WriteAll.lean	1b0fdfe77461	98	theorem	advance_prefix_exact
Grass/Std/Console/WriteAll.lean	1b0fdfe77461	105	def	WriteResponse.emitted
Grass/Std/Console/WriteAll.lean	1b0fdfe77461	111	theorem	response_emitted_exact
Grass/Std/Console/WriteAll.lean	1b0fdfe77461	123	theorem	respond_prefix_exact
Grass/Std/Console/WriteAll.lean	1b0fdfe77461	136	theorem	respond_retry_decreases
Grass/Std/Console/WriteAll.lean	1b0fdfe77461	152	theorem	respond_success_complete
Grass/Std/Console/WriteAll.lean	1b0fdfe77461	169	theorem	respond_noProgress_unchanged
Grass/Std/Console/WriteAll.lean	1b0fdfe77461	185	theorem	respond_failure_advances
Grass/Std/Console/WriteAll.lean	1b0fdfe77461	191	def	fullRemainingCount
Grass/Std/Console/WriteAll.lean	1b0fdfe77461	197	theorem	respond_failure_may_commit_all
Grass/Std/Logical/Text.lean	173a692f2ff2	29	structure	String
Grass/Std/Logical/Text.lean	173a692f2ff2	102	def	utf8
Grass/Std/Logical/Text.lean	173a692f2ff2	115	theorem	toHostBytes_utf8
Grass/Std/Logical/Text.lean	173a692f2ff2	120	theorem	length_utf8
Grass/Std/Logical/Text.lean	173a692f2ff2	123	theorem	utf8_empty
Grass/Std/Logical/Text.lean	173a692f2ff2	136	theorem	isValidUTF8_utf8
Grass/Std/Logical/Text.lean	173a692f2ff2	149	def	decode
Grass/Std/Logical/Text.lean	173a692f2ff2	153	theorem	decode_utf8
Grass/Std/Logical/Text.lean	173a692f2ff2	165	def	decode?
Grass/Std/Logical/Text.lean	173a692f2ff2	168	theorem	decode?_utf8
Grass/Std/Logical/Text.lean	173a692f2ff2	173	theorem	utf8_decode
Grass/Std/Logical/Text.lean	173a692f2ff2	188	theorem	utf8_append
Grass/Std/Logical/Text.lean	173a692f2ff2	196	theorem	utf8_injective
Grass/Std/Logical/Vec.lean	bd236c976b53	102	structure	Vec
Grass/Std/Logical/Vec.lean	bd236c976b53	113	theorem	toList_fromList
Grass/Std/Logical/Vec.lean	bd236c976b53	115	theorem	fromList_toList
Grass/Std/Logical/Vec.lean	bd236c976b53	117	theorem	toList_injective
Grass/Std/Logical/Vec.lean	bd236c976b53	125	def	empty
Grass/Std/Logical/Vec.lean	bd236c976b53	144	theorem	emptyCollection_eq_empty
Grass/Std/Logical/Vec.lean	bd236c976b53	152	theorem	default_eq_empty
Grass/Std/Logical/Vec.lean	bd236c976b53	155	def	singleton
Grass/Std/Logical/Vec.lean	bd236c976b53	158	def	replicate
Grass/Std/Logical/Vec.lean	bd236c976b53	165	def	length
Grass/Std/Logical/Vec.lean	bd236c976b53	168	def	isEmpty
Grass/Std/Logical/Vec.lean	bd236c976b53	172	def	get?
Grass/Std/Logical/Vec.lean	bd236c976b53	183	def	get
Grass/Std/Logical/Vec.lean	bd236c976b53	185	theorem	length_fromList
Grass/Std/Logical/Vec.lean	bd236c976b53	187	theorem	get?_fromList
Grass/Std/Logical/Vec.lean	bd236c976b53	189	theorem	length_empty
Grass/Std/Logical/Vec.lean	bd236c976b53	191	theorem	get?_empty
Grass/Std/Logical/Vec.lean	bd236c976b53	193	theorem	length_singleton
Grass/Std/Logical/Vec.lean	bd236c976b53	195	theorem	get?_singleton_zero
Grass/Std/Logical/Vec.lean	bd236c976b53	197	theorem	length_replicate
Grass/Std/Logical/Vec.lean	bd236c976b53	200	theorem	get?_replicate
Grass/Std/Logical/Vec.lean	bd236c976b53	204	theorem	isEmpty_iff_length_eq_zero
Grass/Std/Logical/Vec.lean	bd236c976b53	208	theorem	get?_eq_some_get
Grass/Std/Logical/Vec.lean	bd236c976b53	235	theorem	get_eq_iff_get?_eq
Grass/Std/Logical/Vec.lean	bd236c976b53	240	theorem	get?_eq_none
Grass/Std/Logical/Vec.lean	bd236c976b53	247	theorem	get?_eq_none_iff
Grass/Std/Logical/Vec.lean	bd236c976b53	259	theorem	get?_eq_some_iff
Grass/Std/Logical/Vec.lean	bd236c976b53	279	theorem	get?_isSome_iff
Grass/Std/Logical/Vec.lean	bd236c976b53	285	theorem	lt_of_get?_eq_some
Grass/Std/Logical/Vec.lean	bd236c976b53	290	theorem	eq_empty_iff_length_eq_zero
Grass/Std/Logical/Vec.lean	bd236c976b53	310	def	ofFn
Grass/Std/Logical/Vec.lean	bd236c976b53	312	theorem	length_ofFn
Grass/Std/Logical/Vec.lean	bd236c976b53	315	theorem	get?_ofFn
Grass/Std/Logical/Vec.lean	bd236c976b53	322	def	range
Grass/Std/Logical/Vec.lean	bd236c976b53	324	theorem	length_range
Grass/Std/Logical/Vec.lean	bd236c976b53	327	theorem	get?_range
Grass/Std/Logical/Vec.lean	bd236c976b53	340	theorem	ext_of_get?
Grass/Std/Logical/Vec.lean	bd236c976b53	344	theorem	ext_of_get
Grass/Std/Logical/Vec.lean	bd236c976b53	352	theorem	ofFn_congr
Grass/Std/Logical/Vec.lean	bd236c976b53	367	def	set
Grass/Std/Logical/Vec.lean	bd236c976b53	369	theorem	length_set
Grass/Std/Logical/Vec.lean	bd236c976b53	372	theorem	get?_set_self
Grass/Std/Logical/Vec.lean	bd236c976b53	378	theorem	get?_set_ne
Grass/Std/Logical/Vec.lean	bd236c976b53	385	theorem	get?_set
Grass/Std/Logical/Vec.lean	bd236c976b53	401	def	push
Grass/Std/Logical/Vec.lean	bd236c976b53	407	def	pop?
Grass/Std/Logical/Vec.lean	bd236c976b53	410	theorem	length_push
Grass/Std/Logical/Vec.lean	bd236c976b53	413	theorem	get?_push_lt
Grass/Std/Logical/Vec.lean	bd236c976b53	418	theorem	get?_push_self
Grass/Std/Logical/Vec.lean	bd236c976b53	447	theorem	get?_push
Grass/Std/Logical/Vec.lean	bd236c976b53	457	theorem	pop?_empty
Grass/Std/Logical/Vec.lean	bd236c976b53	460	theorem	pop?_push
Grass/Std/Logical/Vec.lean	bd236c976b53	465	theorem	length_of_pop?
Grass/Std/Logical/Vec.lean	bd236c976b53	476	theorem	pop?_isSome_iff
Grass/Std/Logical/Vec.lean	bd236c976b53	508	theorem	recOnPush
Grass/Std/Logical/Vec.lean	bd236c976b53	528	def	append
Grass/Std/Logical/Vec.lean	bd236c976b53	533	def	take
Grass/Std/Logical/Vec.lean	bd236c976b53	536	def	drop
Grass/Std/Logical/Vec.lean	bd236c976b53	539	def	splitAt
Grass/Std/Logical/Vec.lean	bd236c976b53	544	abbrev	truncate
Grass/Std/Logical/Vec.lean	bd236c976b53	549	abbrev	clear
Grass/Std/Logical/Vec.lean	bd236c976b53	555	theorem	truncate_eq_take
Grass/Std/Logical/Vec.lean	bd236c976b53	557	theorem	length_truncate
Grass/Std/Logical/Vec.lean	bd236c976b53	561	theorem	clear_eq_empty
Grass/Std/Logical/Vec.lean	bd236c976b53	563	theorem	length_clear
Grass/Std/Logical/Vec.lean	bd236c976b53	581	theorem	toList_empty
Grass/Std/Logical/Vec.lean	bd236c976b53	583	theorem	toList_append
Grass/Std/Logical/Vec.lean	bd236c976b53	585	theorem	length_append
Grass/Std/Logical/Vec.lean	bd236c976b53	588	theorem	get?_append_left
Grass/Std/Logical/Vec.lean	bd236c976b53	593	theorem	get?_append_right
Grass/Std/Logical/Vec.lean	bd236c976b53	598	theorem	empty_append
Grass/Std/Logical/Vec.lean	bd236c976b53	602	theorem	append_empty
Grass/Std/Logical/Vec.lean	bd236c976b53	606	theorem	append_assoc
Grass/Std/Logical/Vec.lean	bd236c976b53	610	theorem	length_take
Grass/Std/Logical/Vec.lean	bd236c976b53	613	theorem	length_drop
Grass/Std/Logical/Vec.lean	bd236c976b53	617	theorem	append_splitAt
Grass/Std/Logical/Vec.lean	bd236c976b53	621	theorem	splitAt_eq
Grass/Std/Logical/Vec.lean	bd236c976b53	623	theorem	get?_take
Grass/Std/Logical/Vec.lean	bd236c976b53	631	theorem	get?_drop
Grass/Std/Logical/Vec.lean	bd236c976b53	646	theorem	take_append
Grass/Std/Logical/Vec.lean	bd236c976b53	657	theorem	drop_append
Grass/Std/Logical/Vec.lean	bd236c976b53	671	theorem	take_append_of_length_eq
Grass/Std/Logical/Vec.lean	bd236c976b53	677	theorem	drop_append_of_length_eq
Grass/Std/Logical/Vec.lean	bd236c976b53	683	theorem	take_length
Grass/Std/Logical/Vec.lean	bd236c976b53	688	theorem	drop_length
Grass/Std/Logical/Vec.lean	bd236c976b53	723	def	IsPrefix
Grass/Std/Logical/Vec.lean	bd236c976b53	725	theorem	take_zero
Grass/Std/Logical/Vec.lean	bd236c976b53	729	theorem	drop_zero
Grass/Std/Logical/Vec.lean	bd236c976b53	733	theorem	drop_drop
Grass/Std/Logical/Vec.lean	bd236c976b53	737	theorem	take_take
Grass/Std/Logical/Vec.lean	bd236c976b53	743	theorem	drop_eq_empty_iff
Grass/Std/Logical/Vec.lean	bd236c976b53	760	theorem	take_add
Grass/Std/Logical/Vec.lean	bd236c976b53	769	theorem	length_drop_lt_of_pos
Grass/Std/Logical/Vec.lean	bd236c976b53	774	theorem	isPrefix_refl
Grass/Std/Logical/Vec.lean	bd236c976b53	784	theorem	isPrefix_append
Grass/Std/Logical/Vec.lean	bd236c976b53	786	theorem	IsPrefix.trans
Grass/Std/Logical/Vec.lean	bd236c976b53	792	theorem	IsPrefix.length_le
Grass/Std/Logical/Vec.lean	bd236c976b53	799	theorem	take_isPrefix
Grass/Std/Logical/Vec.lean	bd236c976b53	805	theorem	take_isPrefix_take
Grass/Std/Logical/Vec.lean	bd236c976b53	826	theorem	recOnCons
Grass/Std/Logical/Vec.lean	bd236c976b53	840	def	map
Grass/Std/Logical/Vec.lean	bd236c976b53	852	def	mapIdx
Grass/Std/Logical/Vec.lean	bd236c976b53	855	def	foldl
Grass/Std/Logical/Vec.lean	bd236c976b53	858	def	foldr
Grass/Std/Logical/Vec.lean	bd236c976b53	861	def	zipWith
Grass/Std/Logical/Vec.lean	bd236c976b53	864	theorem	length_map
Grass/Std/Logical/Vec.lean	bd236c976b53	869	theorem	get?_map
Grass/Std/Logical/Vec.lean	bd236c976b53	873	theorem	map_empty
Grass/Std/Logical/Vec.lean	bd236c976b53	875	theorem	map_singleton
Grass/Std/Logical/Vec.lean	bd236c976b53	877	theorem	map_push
Grass/Std/Logical/Vec.lean	bd236c976b53	884	theorem	push_eq_append_singleton
Grass/Std/Logical/Vec.lean	bd236c976b53	886	theorem	length_mapIdx
Grass/Std/Logical/Vec.lean	bd236c976b53	891	theorem	get?_mapIdx
Grass/Std/Logical/Vec.lean	bd236c976b53	896	theorem	mapIdx_const
Grass/Std/Logical/Vec.lean	bd236c976b53	902	theorem	map_map
Grass/Std/Logical/Vec.lean	bd236c976b53	907	theorem	map_append
Grass/Std/Logical/Vec.lean	bd236c976b53	911	theorem	length_zipWith
Grass/Std/Logical/Vec.lean	bd236c976b53	917	theorem	get?_zipWith
Grass/Std/Logical/Vec.lean	bd236c976b53	922	theorem	foldl_empty
Grass/Std/Logical/Vec.lean	bd236c976b53	925	theorem	foldr_empty
Grass/Std/Logical/Vec.lean	bd236c976b53	929	theorem	foldl_push
Grass/Std/Logical/Vec.lean	bd236c976b53	934	theorem	foldr_push
Grass/Std/Logical/Vec.lean	bd236c976b53	950	theorem	foldr_cons
Grass/Std/Logical/Vec.lean	bd236c976b53	962	theorem	foldl_cons
Grass/Std/Logical/Vec.lean	bd236c976b53	971	def	all
Grass/Std/Logical/Vec.lean	bd236c976b53	974	def	any
Grass/Std/Logical/Vec.lean	bd236c976b53	977	def	find?
Grass/Std/Logical/Vec.lean	bd236c976b53	980	def	contains
Grass/Std/Logical/Vec.lean	bd236c976b53	983	def	Mem
Grass/Std/Logical/Vec.lean	bd236c976b53	987	theorem	mem_iff_mem_toList
Grass/Std/Logical/Vec.lean	bd236c976b53	993	theorem	mem_singleton
Grass/Std/Logical/Vec.lean	bd236c976b53	996	theorem	mem_append
Grass/Std/Logical/Vec.lean	bd236c976b53	999	theorem	mem_push
Grass/Std/Logical/Vec.lean	bd236c976b53	1024	theorem	mem_iff_exists_get?
Grass/Std/Logical/Vec.lean	bd236c976b53	1027	theorem	not_mem_empty
Grass/Std/Logical/Vec.lean	bd236c976b53	1030	theorem	all_eq_true_iff
Grass/Std/Logical/Vec.lean	bd236c976b53	1033	theorem	any_eq_true_iff
Grass/Std/Logical/Vec.lean	bd236c976b53	1036	theorem	contains_iff_mem
Grass/Std/Logical/Vec.lean	bd236c976b53	1043	theorem	find?_eq_some
Grass/Std/Logical/Vec.lean	bd236c976b53	1096	theorem	getElem_eq_get
Grass/Std/Logical/Vec.lean	bd236c976b53	1099	theorem	getElem?_eq_get?
Grass/Std/Logical/Vec.lean	bd236c976b53	1116	theorem	forIn_eq_forIn_toList
Grass/Std/Logical/Vec.lean	bd236c976b53	1130	theorem	eq_iff_get?_eq
Grass/Std/Logical/Vec.lean	bd236c976b53	1170	def	flatten
Grass/Std/Logical/Vec.lean	bd236c976b53	1173	theorem	flatten_empty
Grass/Std/Logical/Vec.lean	bd236c976b53	1175	theorem	flatten_singleton
Grass/Std/Logical/Vec.lean	bd236c976b53	1187	def	sum
Grass/Std/Logical/Vec.lean	bd236c976b53	1189	theorem	sum_empty
Grass/Std/Logical/Vec.lean	bd236c976b53	1195	theorem	sum_push
Grass/Std/Logical/Vec.lean	bd236c976b53	1198	theorem	sum_append
Grass/Std/Logical/Vec.lean	bd236c976b53	1206	theorem	length_flatten
Grass/Std/Logical/Vec.lean	bd236c976b53	1214	theorem	flatten_append
Grass/Std/Logical/Vec.lean	bd236c976b53	1221	theorem	flatten_push
Grass/Std/Logical/Vec.lean	bd236c976b53	1234	theorem	get?_flatten_cons
Grass/Std/Logical/Vec.lean	bd236c976b53	1247	def	IsChunking
Grass/Std/Logical/Vec.lean	bd236c976b53	1249	theorem	isChunking_singleton
Grass/Std/Logical/Vec.lean	bd236c976b53	1276	theorem	chunk_extensional
Grass/Std/Logical/Vec.lean	bd236c976b53	1283	def	AllNonEmpty
Grass/Std/Logical/Vec.lean	bd236c976b53	1285	theorem	allNonEmpty_empty
Grass/Std/Logical/Vec.lean	bd236c976b53	1297	theorem	length_le_length_flatten
Grass/Std/Logical/Vec.lean	bd236c976b53	1317	def	insertAt
Grass/Std/Logical/Vec.lean	bd236c976b53	1320	def	eraseAt
Grass/Std/Logical/Vec.lean	bd236c976b53	1322	theorem	length_insertAt
Grass/Std/Logical/Vec.lean	bd236c976b53	1326	theorem	length_eraseAt
Grass/Std/Logical/Vec.lean	bd236c976b53	1343	theorem	get?_insertAt_lt
Grass/Std/Logical/Vec.lean	bd236c976b53	1348	theorem	get?_insertAt_self
Grass/Std/Logical/Vec.lean	bd236c976b53	1353	theorem	get?_insertAt_gt
Grass/Std/Logical/Vec.lean	bd236c976b53	1358	theorem	get?_eraseAt_lt
Grass/Std/Logical/Vec.lean	bd236c976b53	1363	theorem	get?_eraseAt_ge
Grass/Std/Logical/Vec.lean	bd236c976b53	1429	abbrev	ByteArray
Spikes/1_Hello_World/Program.lean	07ea21de464b	8	def	policy
Spikes/1_Hello_World/Program.lean	07ea21de464b	14	def	projection
Spikes/1_Hello_World/Program.lean	07ea21de464b	20	def	plan
Spikes/1_Hello_World/Program.lean	07ea21de464b	23	def	payload
Spikes/1_Hello_World/Program.lean	07ea21de464b	25	def	helloStatics
Spikes/1_Hello_World/Program.lean	07ea21de464b	29	def	helloSource
Spikes/1_Hello_World/Program.lean	07ea21de464b	92	def	helloVerified
Spikes/1_Hello_World/Program.lean	07ea21de464b	97	def	bytes
Spikes/1_Hello_World/Spec.lean	06789ced138e	6	def	resources
Spikes/1_Hello_World/Spec.lean	06789ced138e	9	def	message
Spikes/1_Hello_World/Spec.lean	06789ced138e	11	inductive	HelloOutcome
Spikes/1_Hello_World/Spec.lean	06789ced138e	15	def	outcomePolicy
Spikes/1_Hello_World/Spec.lean	06789ced138e	21	def	helloContract
Spikes/1_Hello_World/Spec.lean	06789ced138e	25	def	helloSpec
Spikes/1_Hello_World/Spec.lean	06789ced138e	30	theorem	helloSpecCorrect
Spikes/1_Hello_World/Spec.lean	06789ced138e	34	def	spec
Tests/ABI/Win64/UnwindCorpus.lean	aabecc8714a2	64	inductive	Step
Tests/ABI/Win64/UnwindCorpus.lean	aabecc8714a2	76	def	instr
Tests/ABI/Win64/UnwindCorpus.lean	aabecc8714a2	83	def	directive
Tests/ABI/Win64/UnwindCorpus.lean	aabecc8714a2	104	def	length
Tests/ABI/Win64/UnwindCorpus.lean	aabecc8714a2	112	def	op
Tests/ABI/Win64/UnwindCorpus.lean	aabecc8714a2	119	def	frame
Tests/ABI/Win64/UnwindCorpus.lean	aabecc8714a2	131	def	placeSteps
Tests/ABI/Win64/UnwindCorpus.lean	aabecc8714a2	139	structure	Row
Tests/ABI/Win64/UnwindCorpus.lean	aabecc8714a2	157	def	rowOf
Tests/ABI/Win64/UnwindCorpus.lean	aabecc8714a2	166	def	pushable
Tests/ABI/Win64/UnwindCorpus.lean	aabecc8714a2	170	def	singlePushRows
Tests/ABI/Win64/UnwindCorpus.lean	aabecc8714a2	175	def	pairPushRows
Tests/ABI/Win64/UnwindCorpus.lean	aabecc8714a2	181	def	smallAllocRows
Tests/ABI/Win64/UnwindCorpus.lean	aabecc8714a2	189	def	largeAllocRows
Tests/ABI/Win64/UnwindCorpus.lean	aabecc8714a2	195	def	pushAllocRows
Tests/ABI/Win64/UnwindCorpus.lean	aabecc8714a2	202	def	frameRows
Tests/ABI/Win64/UnwindCorpus.lean	aabecc8714a2	215	def	spike1Rows
Tests/ABI/Win64/UnwindCorpus.lean	aabecc8714a2	221	def	corpus
Tests/ABI/Win64/UnwindCorpus.lean	aabecc8714a2	228	theorem	spike1Row_matches_theorem
Tests/ABI/Win64/UnwindCorpus.lean	aabecc8714a2	238	def	main
Tests/Artifact/PE/Exceptions.lean	8e5cd4950b18	11	def	textSection
Tests/Artifact/PE/Exceptions.lean	8e5cd4950b18	14	def	tableSection
Tests/Artifact/PE/Exceptions.lean	8e5cd4950b18	17	def	unwindSection
Tests/Artifact/PE/Exceptions.lean	8e5cd4950b18	20	def	binding
Tests/Artifact/PE/Exceptions.lean	8e5cd4950b18	23	def	tableDescription
Tests/Artifact/PE/Exceptions.lean	8e5cd4950b18	25	def	prototype
Tests/Artifact/PE/Exceptions.lean	8e5cd4950b18	27	def	prototypeLayout
Tests/Artifact/PE/Exceptions.lean	8e5cd4950b18	28	def	records
Tests/Artifact/PE/Exceptions.lean	8e5cd4950b18	29	def	finalTable
Tests/Artifact/PE/Exceptions.lean	8e5cd4950b18	30	def	description
Tests/Artifact/PE/Exceptions.lean	8e5cd4950b18	34	def	accepted
Tests/Artifact/PE/Exceptions.lean	8e5cd4950b18	37	def	plan
Tests/Assembly/FrameAddressing.lean	887ccd260e95	13	def	alloc
Tests/Assembly/FrameAddressing.lean	887ccd260e95	14	def	backing
Tests/Assembly/FrameAddressing.lean	887ccd260e95	15	def	epoch
Tests/Assembly/FrameAddressing.lean	887ccd260e95	16	def	owner
Tests/Assembly/FrameAddressing.lean	887ccd260e95	18	def	rootOffset
Tests/Assembly/FrameAddressing.lean	887ccd260e95	19	def	frameLayout
Tests/Assembly/FrameAddressing.lean	887ccd260e95	20	def	slots
Tests/Assembly/FrameAddressing.lean	887ccd260e95	21	def	base
Tests/Assembly/FrameAddressing.lean	887ccd260e95	23	def	frame
Tests/Assembly/FrameAddressing.lean	887ccd260e95	27	def	record
Tests/Assembly/FrameAddressing.lean	887ccd260e95	32	def	state
Tests/Assembly/FrameAddressing.lean	887ccd260e95	48	theorem	resolved_address_reaches_placement
Tests/Assembly/FrameAllocation.lean	4337a284261d	6	def	frame
Tests/Assembly/FrameAllocation.lean	4337a284261d	23	def	largestSignedFrame
Tests/Assembly/FrameAllocation.lean	4337a284261d	24	def	signedUpperFrame
Tests/Assembly/FrameArgument.lean	d9b13b62ceba	11	def	authored
Tests/Assembly/FrameArgument.lean	d9b13b62ceba	13	def	fromChars?
Tests/Assembly/FrameArgument.lean	d9b13b62ceba	20	def	view
Tests/Assembly/FrameArgument.lean	d9b13b62ceba	28	def	sample
Tests/Assembly/FrameArgument.lean	d9b13b62ceba	54	def	sampleLocals
Tests/Assembly/FrameLea.lean	bd127ceb88e9	10	def	authored
Tests/Assembly/FrameLea.lean	bd127ceb88e9	12	def	fromChars?
Tests/Assembly/FrameLea.lean	bd127ceb88e9	19	def	view
Tests/Assembly/FrameLea.lean	bd127ceb88e9	29	def	sample
Tests/Assembly/FrameLea.lean	bd127ceb88e9	34	def	twoLocals
Tests/Assembly/FrameLea.lean	bd127ceb88e9	42	def	reversedLocals
Tests/Assembly/FrameLoad.lean	31cf7df032ab	9	def	authored
Tests/Assembly/FrameLoad.lean	31cf7df032ab	11	def	fromChars?
Tests/Assembly/FrameLoad.lean	31cf7df032ab	18	def	view
Tests/Assembly/FrameLoad.lean	31cf7df032ab	27	def	sample
Tests/Assembly/FrameLoad.lean	31cf7df032ab	32	def	twoLocals
Tests/Assembly/FrameLoad.lean	31cf7df032ab	46	def	layout
Tests/Assembly/LoadedStaticArgument.lean	86a62c30a0e1	18	def	textName
Tests/Assembly/LoadedStaticArgument.lean	86a62c30a0e1	21	def	text
Tests/Assembly/LoadedStaticArgument.lean	86a62c30a0e1	26	def	preparedSuffix?
Tests/Assembly/LoadedStaticArgument.lean	86a62c30a0e1	62	def	patchedImportRefused?
Tests/Assembly/RipRelative.lean	844b4cda843d	6	def	view
Tests/Assembly/RipRelative.lean	844b4cda843d	20	def	boundary?
Tests/Assembly/RipRelative.lean	844b4cda843d	29	def	backwards?
Tests/Assembly/SavedPrefix.lean	1e61230d0dad	9	def	wrap
Tests/Assembly/SavedPrefix.lean	1e61230d0dad	12	def	extractChars?
Tests/Assembly/SavedPrefix.lean	1e61230d0dad	18	def	authored
Tests/Assembly/SavedPrefix.lean	1e61230d0dad	33	theorem	extracted_registers_are_distinct_and_nonvolatile
Tests/Assembly/SourceFrame.lean	6d6799f3f0e6	9	def	fromChars?
Tests/Assembly/SourceFrame.lean	6d6799f3f0e6	12	def	authored
Tests/Assembly/SourceFrame.lean	6d6799f3f0e6	14	def	view
Tests/Assembly/SourceFrame.lean	6d6799f3f0e6	22	def	sample
Tests/Assembly/SourceFrameHeader.lean	69cf16e820f3	12	def	authored
Tests/Assembly/SourceFrameHeader.lean	69cf16e820f3	14	theorem	actual_header_parses
Tests/Assembly/SourceImportBindings.lean	47b7592a25d5	9	def	plan?
Tests/Assembly/SourceImportBindings.lean	47b7592a25d5	11	def	actual
Tests/Assembly/SourceImportBindings.lean	47b7592a25d5	21	def	accepts
Tests/Assembly/SourceImportBindings.lean	47b7592a25d5	33	def	duplicateLibraryPlan?
Tests/Assembly/SourceImportBindings.lean	47b7592a25d5	39	def	duplicateSymbolLibrary
Tests/Assembly/SourceImportBindings.lean	47b7592a25d5	45	def	duplicateSymbolPlan?
Tests/Assembly/SourceImportRequests.lean	f4903822daf7	7	def	authored
Tests/Assembly/SourceImportRequests.lean	f4903822daf7	9	def	actual
Tests/Assembly/SourceInitialization.lean	d77cb4ce034c	8	def	authored
Tests/Assembly/SourceInitialization.lean	d77cb4ce034c	10	def	fromChars?
Tests/Assembly/SourceInitialization.lean	d77cb4ce034c	26	def	sample
Tests/Assembly/SourceInput.lean	2b8e23ae979c	8	def	spike1Program
Tests/Assembly/SourceInput.lean	2b8e23ae979c	9	theorem	spike1_source_ingress
Tests/Assembly/SourceInput.lean	2b8e23ae979c	18	def	helloSource
Tests/Assembly/SourceInput.lean	2b8e23ae979c	22	def	helloSource
Tests/Assembly/SourceInput.lean	2b8e23ae979c	25	def	helloSource
Tests/Assembly/SourceInput.lean	2b8e23ae979c	32	def	helloSource
Tests/Assembly/SourceLinkedImage.lean	785dc6f83ac9	13	def	payload
Tests/Assembly/SourceLinkedImage.lean	785dc6f83ac9	14	def	staticTable
Tests/Assembly/SourceLinkedImage.lean	785dc6f83ac9	16	def	codeName
Tests/Assembly/SourceLinkedImage.lean	785dc6f83ac9	17	def	staticName
Tests/Assembly/SourceLinkedImage.lean	785dc6f83ac9	18	def	pdataName
Tests/Assembly/SourceLinkedImage.lean	785dc6f83ac9	19	def	xdataName
Tests/Assembly/SourceLinkedImage.lean	785dc6f83ac9	21	def	linkedView
Tests/Assembly/SourceLinkedImageErrors.lean	5ea0f160000d	9	def	requireSome
Tests/Assembly/SourceLinkedImageErrors.lean	5ea0f160000d	13	def	missingPayload
Tests/Assembly/SourceLinkedImageErrors.lean	5ea0f160000d	17	def	run
Tests/Assembly/SourceLinkedImageErrors.lean	5ea0f160000d	30	inductive	Outcome
Tests/Assembly/SourceLinkedImageErrors.lean	5ea0f160000d	35	def	outcome
Tests/Assembly/SourcePrologue.lean	16a6c2044d96	8	def	fromChars?
Tests/Assembly/SourcePrologue.lean	16a6c2044d96	13	def	authored
Tests/Assembly/SourcePrologue.lean	16a6c2044d96	15	def	view
Tests/Assembly/SourcePrologue.lean	16a6c2044d96	26	def	sample
Tests/Assembly/SourcePrologue.lean	16a6c2044d96	45	theorem	generated_metadata_is_well_formed
Tests/Assembly/SourcePrologue.lean	16a6c2044d96	48	theorem	generated_stack_delta_is_the_computed_frame
Tests/Assembly/SourceResolve.lean	370accbceb3b	8	def	authored
Tests/Assembly/SourceResolve.lean	370accbceb3b	10	def	checkedSymbols
Tests/Assembly/SourceResolve.lean	370accbceb3b	16	def	actualView
Tests/Assembly/SourceResolve.lean	370accbceb3b	35	def	resolvesWith
Tests/Assembly/SourceResolve.lean	370accbceb3b	47	def	overflowSymbols
Tests/Assembly/SourceResolve.lean	370accbceb3b	55	def	ripOverflowSymbols
Tests/Assembly/SourceSplice.lean	aa7cd12a7f6e	10	def	authored
Tests/Assembly/SourceSplice.lean	aa7cd12a7f6e	12	def	actualView
Tests/Assembly/SourceSplice.lean	aa7cd12a7f6e	27	def	actualIndexView
Tests/Assembly/SourceSplice.lean	aa7cd12a7f6e	40	def	zeroSavedSource
Tests/Assembly/SourceSplice.lean	aa7cd12a7f6e	43	def	zeroSavedView
Tests/Assembly/SourceStore.lean	0d2a39afdde0	19	def	authored
Tests/Assembly/SourceStore.lean	0d2a39afdde0	21	def	selectedStore?
Tests/Assembly/SourceStore.lean	0d2a39afdde0	30	def	fromChars?
Tests/Assembly/SourceStore.lean	0d2a39afdde0	36	def	executeChars?
Tests/Assembly/SourceStore.lean	0d2a39afdde0	47	def	outcomeView
Tests/Assembly/SourceStore.lean	0d2a39afdde0	65	def	sample
Tests/Assembly/SourceTemplates.lean	0b1c8ec8465f	10	def	authored
Tests/Assembly/SourceTemplates.lean	0b1c8ec8465f	12	def	actual?
Tests/Assembly/SourceTemplates.lean	0b1c8ec8465f	18	def	actualCandidateCounts
Tests/Assembly/SourceTemplates.lean	0b1c8ec8465f	33	def	collision
Tests/Assembly/SourceTemplates.lean	0b1c8ec8465f	36	def	collisionRejected
Tests/Assembly/SourceTemplates.lean	0b1c8ec8465f	47	def	mismatchedFlowsRejected
Tests/Assembly/SourceTemplates.lean	0b1c8ec8465f	57	def	unsupported
Tests/Assembly/SourceTemplates.lean	0b1c8ec8465f	60	def	unsupportedRejected
Tests/Assembly/SourceUnwind.lean	0de4cb720dd4	11	def	actual
Tests/Assembly/StaticObjects.lean	6a98f607a91f	7	def	payload
Tests/Assembly/StaticObjects.lean	6a98f607a91f	8	def	suffix
Tests/Assembly/StaticObjects.lean	6a98f607a91f	11	def	bytes
Tests/Assembly/StaticObjects.lean	6a98f607a91f	12	def	align
Tests/Assembly/StaticObjects.lean	6a98f607a91f	13	def	rodata
Tests/Assembly/StaticObjects.lean	6a98f607a91f	14	def	static_objects
Tests/Assembly/StaticObjects.lean	6a98f607a91f	16	def	statics
Tests/Assembly/StaticObjects.lean	6a98f607a91f	23	def	single
Tests/Assembly/StaticObjects.lean	6a98f607a91f	42	def	duplicateDeclarations
Tests/Assembly/StaticSection.lean	49754da379c3	8	def	firstBytes
Tests/Assembly/StaticSection.lean	49754da379c3	9	def	secondBytes
Tests/Assembly/StaticSection.lean	49754da379c3	11	def	table
Tests/Assembly/StaticSection.lean	49754da379c3	16	def	sectionName
Tests/Assembly/StaticSection.lean	49754da379c3	17	def	layout
Tests/Assembly/StaticSection.lean	49754da379c3	25	def	emptyTable
Tests/Assembly/StaticSection.lean	49754da379c3	31	def	planFor
Tests/Assembly/StaticSection.lean	49754da379c3	39	def	resolveFrom
Tests/Assembly/StaticSection.lean	49754da379c3	49	def	overAlignedTable
Tests/Assembly/StaticSection.lean	49754da379c3	57	def	trailingEmptyTable
Tests/Assembly/StaticSectionEquivalence.lean	21ad2e6b2b22	15	abbrev	ObservableLayout
Tests/Assembly/StaticSectionEquivalence.lean	21ad2e6b2b22	19	def	oldCheckedOutput?
Tests/Assembly/StaticSectionEquivalence.lean	21ad2e6b2b22	37	def	oldLayoutOutput?
Tests/Assembly/StaticSectionEquivalence.lean	21ad2e6b2b22	45	theorem	oldLayoutOutput?_eq_some
Tests/Assembly/StaticSectionEquivalence.lean	21ad2e6b2b22	57	def	currentLayoutOutput?
Tests/Assembly/StaticSectionEquivalence.lean	21ad2e6b2b22	64	theorem	old_current_equivalent
Tests/Assembly/Store32.lean	a199a2e3b630	8	def	layout
Tests/Assembly/Store32.lean	a199a2e3b630	12	def	env
Tests/Assembly/Store32.lean	a199a2e3b630	13	def	input
Tests/Assembly/Store32.lean	a199a2e3b630	14	def	resolved?
Tests/Assembly/Store32.lean	a199a2e3b630	16	theorem	the_named_store_resolves
Tests/Assembly/Store32.lean	a199a2e3b630	18	theorem	the_resolved_value_has_one_exact_effect
Tests/Assembly/Store32.lean	a199a2e3b630	32	theorem	the_displacement_is_positive_bounded_and_untruncated
Tests/Assembly/Store32.lean	a199a2e3b630	40	theorem	the_instruction_is_the_rsp_store_and_decodes
Tests/Assembly/Store32.lean	a199a2e3b630	52	def	alternateLayout
Tests/Assembly/Store32.lean	a199a2e3b630	56	def	alternateEnv
Tests/Assembly/Store32.lean	a199a2e3b630	58	def	alternateResolved?
Tests/Assembly/Store32.lean	a199a2e3b630	60	theorem	the_alternate_layout_resolves
Tests/Assembly/Store32.lean	a199a2e3b630	62	theorem	the_alternate_layout_keeps_the_symbolic_laws
Tests/Assembly/Store32.lean	a199a2e3b630	73	theorem	a_missing_slot_is_refused
Tests/Assembly/Store32.lean	a199a2e3b630	76	def	outsideEnv
Tests/Assembly/Store32.lean	a199a2e3b630	79	theorem	a_slot_outside_the_local_region_is_refused
Tests/Assembly/Store32.lean	a199a2e3b630	82	def	oversizedLayout
Tests/Assembly/Store32.lean	a199a2e3b630	86	def	oversizedEnv
Tests/Assembly/Store32.lean	a199a2e3b630	88	theorem	a_displacement_outside_positive_d32_is_refused
Tests/Assembly/Store32Execution.lean	04c1b07c185d	10	def	source
Tests/Assembly/Store32Execution.lean	04c1b07c185d	11	def	slots
Tests/Assembly/Store32Execution.lean	04c1b07c185d	12	def	resolved?
Tests/Assembly/Store32Execution.lean	04c1b07c185d	15	theorem	the_source_store_resolves
Tests/Assembly/Store32Execution.lean	04c1b07c185d	17	theorem	descriptor_range_of_resolved
Tests/Assembly/Store32Execution.lean	04c1b07c185d	22	theorem	the_derived_oracle_answers_with_exact_bytes
Tests/Assembly/Store32Execution.lean	04c1b07c185d	35	theorem	the_existing_step_commits_the_resolved_value
Tests/Assembly/Store32Execution.lean	04c1b07c185d	57	theorem	the_free_profile_oracle_can_commit_the_wrong_value
Tests/Assembly/Win32Constants.lean	ae47797c3013	8	def	authored
Tests/Assembly/Win32Constants.lean	ae47797c3013	10	def	fromChars?
Tests/Assembly/Win32Constants.lean	ae47797c3013	17	def	view
Tests/Assembly/Win32Constants.lean	ae47797c3013	49	def	sample
Tests/Assembly/X86BranchLayout.lean	370eed209f7f	8	def	wrap
Tests/Assembly/X86BranchLayout.lean	370eed209f7f	11	def	layoutChars?
Tests/Assembly/X86BranchLayout.lean	370eed209f7f	17	def	closedBranches
Tests/Assembly/X86BranchLayout.lean	370eed209f7f	20	def	branchCoordinates
Tests/Assembly/X86BranchLayout.lean	370eed209f7f	30	def	shorterPrefix
Tests/Assembly/X86BranchLayout.lean	370eed209f7f	55	def	authored
Tests/Assembly/X86BranchLayout.lean	370eed209f7f	61	theorem	every_emitted_instruction_decodes
Tests/Assembly/X86BranchLayout.lean	370eed209f7f	66	theorem	every_resolved_branch_targets_its_computed_byte_position
Tests/Assembly/X86ClosedEncoding.lean	cfdd959ec8d7	9	def	spike1Program
Tests/Assembly/X86ClosedEncoding.lean	cfdd959ec8d7	10	def	parsedActual
Tests/Assembly/X86ClosedEncoding.lean	cfdd959ec8d7	13	def	readyCount
Tests/Assembly/X86ControlFlow.lean	9325b6a65682	8	def	checkChars?
Tests/Assembly/X86ControlFlow.lean	9325b6a65682	13	def	authored
Tests/Assembly/X86ControlFlow.lean	9325b6a65682	19	theorem	actual_targets_are_in_the_derived_code
Tests/Assembly/X86ControlFlow.lean	9325b6a65682	24	def	wrap
Tests/Assembly/X86Source.lean	2a370831042c	9	def	spike1Program
Tests/Assembly/X86Source.lean	2a370831042c	10	def	parsedActual
Tests/Assembly/X86Source.lean	2a370831042c	17	theorem	actual_body_complete
Tests/Assembly/X86Source.lean	2a370831042c	21	def	parseText
Tests/Console/Accounting.lean	e8b04332a5ca	9	theorem	initial_accounting
Tests/Console/Accounting.lean	e8b04332a5ca	14	theorem	cut_accounting
Tests/Console/Accounting.lean	e8b04332a5ca	20	theorem	no_infinite
Tests/Console/Behavior.lean	62d420d4c31e	9	theorem	writeFailed_at_full
Tests/Console/Behavior.lean	62d420d4c31e	13	theorem	noProgress_not_full
Tests/Console/Behavior.lean	62d420d4c31e	18	theorem	unavailable_not_after_positive
Tests/Console/Behavior.lean	62d420d4c31e	24	theorem	pending_nonempty_cut
Tests/Console/Captured.lean	d47a877e3195	8	def	base
Tests/Console/Captured.lean	d47a877e3195	11	def	once
Tests/Console/Captured.lean	d47a877e3195	12	def	twice
Tests/Console/Captured.lean	d47a877e3195	20	def	rendering
Tests/Console/CapturedDemands.lean	64f22c5cdb5b	7	def	base
Tests/Console/CapturedDemands.lean	64f22c5cdb5b	10	def	once
Tests/Console/CapturedDemands.lean	64f22c5cdb5b	11	def	twice
Tests/Console/LineBehavior.lean	b4ac5fe6b5fa	8	def	request
Tests/Console/LineBehavior.lean	b4ac5fe6b5fa	11	def	rendering
Tests/Console/LineBehavior.lean	b4ac5fe6b5fa	12	def	characterInterior
Tests/Console/LineBehavior.lean	b4ac5fe6b5fa	13	def	newlineInterior
Tests/Console/Resources.lean	6e17d022e0c5	9	def	neutralSnapshot
Tests/Console/Resources.lean	6e17d022e0c5	14	theorem	neutral_axes_empty
Tests/Console/Resources.lean	6e17d022e0c5	18	theorem	neutral_snapshot_value_exact
Tests/Console/Resources.lean	6e17d022e0c5	26	def	countingModel
Tests/Console/Resources.lean	6e17d022e0c5	28	def	exclusiveAlgebra
Tests/Console/Resources.lean	6e17d022e0c5	36	def	exclusiveModel
Tests/Console/Resources.lean	6e17d022e0c5	38	def	countingZero
Tests/Console/Resources.lean	6e17d022e0c5	65	def	countingZeroAgain
Tests/Console/TargetProjection.lean	579e9a67fd6c	9	def	captured
Tests/Console/TargetProjection.lean	579e9a67fd6c	13	def	selected
Tests/Console/TargetProjection.lean	579e9a67fd6c	16	def	target
Tests/Console/Timing.lean	d80f30252d2f	7	def	failedAt
Tests/Console/WriteFileConsoleHistory.lean	68359dd31457	17	theorem	handoffCausality
Tests/Console/WriteFileConsoleHistory.lean	68359dd31457	26	def	handoffHistory
Tests/Console/WriteFileConsoleHistory.lean	68359dd31457	30	def	captured
Tests/Console/WriteFileConsoleHistory.lean	68359dd31457	33	def	projection
Tests/Console/WriteFileConsoleHistory.lean	68359dd31457	36	theorem	projection_payload_exact
Tests/Console/WriteFileConsoleHistory.lean	68359dd31457	38	def	startCut
Tests/Console/WriteFileConsoleHistory.lean	68359dd31457	40	def	upper
Tests/Console/WriteFileConsoleHistory.lean	68359dd31457	43	def	start
Tests/Console/WriteFileConsoleHistory.lean	68359dd31457	50	def	relation
Tests/Console/WriteFileConsoleHistory.lean	68359dd31457	58	def	aligned
Tests/Console/WriteFileConsoleHistory.lean	68359dd31457	62	def	extended?
Tests/Console/WriteFileConsoleHistory.lean	68359dd31457	65	def	extended
Tests/Console/WriteFileConsoleHistory.lean	68359dd31457	68	theorem	admitted_zero_step
Tests/Console/WriteFileConsoleHistory.lean	68359dd31457	71	theorem	admitted_zero_retains_upper
Tests/Console/WriteFileConsoleHistory.lean	68359dd31457	74	def	wrongRoute?
Tests/Console/WriteFileConsoleHistory.lean	68359dd31457	77	theorem	wrong_route_general_match_still_true
Tests/Console/WriteFileConsoleHistory.lean	68359dd31457	83	theorem	wrong_route_refused
Tests/ISA/X86/InstructionDispatch.lean	4d1eb55009b5	12	def	authored
Tests/ISA/X86/InstructionDispatch.lean	4d1eb55009b5	14	def	inventory
Tests/ISA/X86/InstructionDispatch.lean	4d1eb55009b5	28	inductive	Case
Tests/ISA/X86/InstructionDispatch.lean	4d1eb55009b5	31	def	rawBytes
Tests/ISA/X86/InstructionDispatch.lean	4d1eb55009b5	37	def	backing
Tests/ISA/X86/InstructionDispatch.lean	4d1eb55009b5	38	def	memory
Tests/ISA/X86/InstructionDispatch.lean	4d1eb55009b5	46	def	machine
Tests/ISA/X86/InstructionDispatch.lean	4d1eb55009b5	47	def	descriptor
Tests/ISA/X86/InstructionDispatch.lean	4d1eb55009b5	49	inductive	Operation
Tests/ISA/X86/InstructionDispatch.lean	4d1eb55009b5	55	def	before
Tests/ISA/X86/InstructionDispatch.lean	4d1eb55009b5	57	def	reached
Tests/ISA/X86/InstructionDispatch.lean	4d1eb55009b5	58	def	resolved
Tests/ISA/X86/InstructionDispatch.lean	4d1eb55009b5	61	def	complete
Tests/ISA/X86/InstructionDispatch.lean	4d1eb55009b5	64	def	stepResult
Tests/ISA/X86/InstructionDispatch.lean	4d1eb55009b5	67	def	after
Tests/ISA/X86/InstructionDispatch.lean	4d1eb55009b5	69	def	fetch
Tests/ISA/X86/InstructionDispatch.lean	4d1eb55009b5	85	def	dispatchClass
Tests/ISA/X86/LedgerAudit.lean	0f86e8d99000	212	def	auditedModules
Tests/ISA/X86/LedgerAudit.lean	0f86e8d99000	381	def	owedBaseline
Tests/ISA/X86/LedgerAudit.lean	0f86e8d99000	447	def	notBehaviourBaseline
Tests/ISA/X86/LedgerAudit.lean	0f86e8d99000	459	def	structuralClasses
Tests/ISA/X86/LedgerAudit.lean	0f86e8d99000	490	def	notModelling
Tests/ISA/X86/LedgerAudit.lean	0f86e8d99000	502	def	modulesOnDisk
Tests/ISA/X86/LedgerAudit.lean	0f86e8d99000	514	def	generatedSuffixes
Tests/ISA/X86/LedgerAudit.lean	0f86e8d99000	531	def	userFacing
Tests/ISA/X86/LedgerAudit.lean	0f86e8d99000	559	def	isGenerated
Tests/ISA/X86/LedgerAudit.lean	0f86e8d99000	586	def	notBehaviour
Tests/ISA/X86/LedgerAudit.lean	0f86e8d99000	1064	def	owed
Tests/ISA/X86/LedgerAudit.lean	0f86e8d99000	1438	def	modeledDeclarations
Tests/ISA/X86/LedgerAudit.lean	0f86e8d99000	1484	def	subjectAnchor
Tests/ISA/X86/LedgerAudit.lean	0f86e8d99000	1494	def	anchorFault
Tests/ISA/X86/LedgerAudit.lean	0f86e8d99000	1503	def	accountedBy
Tests/ISA/X86/LedgerAudit.lean	0f86e8d99000	1514	def	basisUnconfirmed
Tests/ISA/X86/NativeCorpus.lean	5860dc7bb719	11	def	registers
Tests/ISA/X86/NativeCorpus.lean	5860dc7bb719	13	def	initial
Tests/ISA/X86/NativeCorpus.lean	5860dc7bb719	16	def	initialFlags
Tests/ISA/X86/NativeCorpus.lean	5860dc7bb719	18	def	registerValue
Tests/ISA/X86/NativeCorpus.lean	5860dc7bb719	21	def	registersOf
Tests/ISA/X86/NativeCorpus.lean	5860dc7bb719	24	def	flagsText
Tests/ISA/X86/NativeCorpus.lean	5860dc7bb719	27	def	afterInstruction
Tests/ISA/X86/NativeCorpus.lean	5860dc7bb719	30	def	afterImmediate
Tests/ISA/X86/NativeCorpus.lean	5860dc7bb719	35	def	emit
Tests/ISA/X86/NativeCorpus.lean	5860dc7bb719	43	def	emitRegisterFrom
Tests/ISA/X86/NativeCorpus.lean	5860dc7bb719	48	def	emitRegister
Tests/ISA/X86/NativeCorpus.lean	5860dc7bb719	51	def	widths
Tests/ISA/X86/NativeCorpus.lean	5860dc7bb719	53	def	widthText
Tests/ISA/X86/NativeCorpus.lean	5860dc7bb719	57	def	kindText
Tests/ISA/X86/NativeCorpus.lean	5860dc7bb719	65	def	boundaryValues
Tests/ISA/X86/NativeCorpus.lean	5860dc7bb719	74	def	boundaryState
Tests/ISA/X86/NativeCorpus.lean	5860dc7bb719	83	def	generate
Tests/ISA/X86/NativeCorpus.lean	5860dc7bb719	120	def	main
Tests/ISA/X86/NativeStackCorpus.lean	319d09763e5f	40	structure	Row
Tests/ISA/X86/NativeStackCorpus.lean	319d09763e5f	49	def	pushRow
Tests/ISA/X86/NativeStackCorpus.lean	319d09763e5f	57	def	pushRows
Tests/ISA/X86/NativeStackCorpus.lean	319d09763e5f	64	def	allocationBoundaryLayout
Tests/ISA/X86/NativeStackCorpus.lean	319d09763e5f	70	def	allocationRow?
Tests/ISA/X86/NativeStackCorpus.lean	319d09763e5f	80	def	allocationRows
Tests/ISA/X86/NativeStackCorpus.lean	319d09763e5f	87	def	sourcePrologue?
Tests/ISA/X86/NativeStackCorpus.lean	319d09763e5f	92	def	sample
Tests/ISA/X86/NativeStackCorpus.lean	319d09763e5f	96	def	authored
Tests/ISA/X86/NativeStackCorpus.lean	319d09763e5f	99	def	prologueRow?
Tests/ISA/X86/NativeStackCorpus.lean	319d09763e5f	113	def	prologueRows
Tests/ISA/X86/NativeStackCorpus.lean	319d09763e5f	122	def	rows
Tests/ISA/X86/NativeStackCorpus.lean	319d09763e5f	124	def	labels
Tests/ISA/X86/NativeStackCorpus.lean	319d09763e5f	125	def	byteStrings
Tests/ISA/X86/NativeStackCorpus.lean	319d09763e5f	127	def	pushedIndicesText
Tests/ISA/X86/NativeStackCorpus.lean	319d09763e5f	130	def	emit
Tests/ISA/X86/NativeStackCorpus.lean	319d09763e5f	141	def	generate
Tests/ISA/X86/NativeStackCorpus.lean	319d09763e5f	159	def	main
Tests/ISA/X86/RipCorpus.lean	5b1a235b4fbc	47	structure	Row
Tests/ISA/X86/RipCorpus.lean	5b1a235b4fbc	77	def	rowOf
Tests/ISA/X86/RipCorpus.lean	5b1a235b4fbc	91	def	leaRows
Tests/ISA/X86/RipCorpus.lean	5b1a235b4fbc	98	def	callRow
Tests/ISA/X86/RipCorpus.lean	5b1a235b4fbc	110	def	movRow
Tests/ISA/X86/RipCorpus.lean	5b1a235b4fbc	116	def	movQwordRow
Tests/ISA/X86/RipCorpus.lean	5b1a235b4fbc	121	def	corpus
Tests/ISA/X86/RipCorpus.lean	5b1a235b4fbc	128	def	main
Tests/ISA/X86/Spike1Addressing.lean	0f26740492e6	66	def	disp
Tests/ISA/X86/Spike1Addressing.lean	0f26740492e6	69	def	ripForm
Tests/ISA/X86/Spike1Addressing.lean	0f26740492e6	72	def	rspForm
Tests/ISA/X86/Spike1Addressing.lean	0f26740492e6	80	theorem	call_rip_modrm
Tests/ISA/X86/Spike1Addressing.lean	0f26740492e6	84	theorem	call_rip_no_sib
Tests/ISA/X86/Spike1Addressing.lean	0f26740492e6	87	theorem	call_rip_needs_no_rex
Tests/ISA/X86/Spike1Addressing.lean	0f26740492e6	96	theorem	lea_r13_rip_rex
Tests/ISA/X86/Spike1Addressing.lean	0f26740492e6	106	theorem	lea_r13_rip_modrm
Tests/ISA/X86/Spike1Addressing.lean	0f26740492e6	117	theorem	mov_rsp_modrm
Tests/ISA/X86/Spike1Addressing.lean	0f26740492e6	124	theorem	mov_rsp_sib
Tests/ISA/X86/Spike1Addressing.lean	0f26740492e6	128	theorem	mov_rsp_needs_no_rex
Tests/ISA/X86/Spike1Addressing.lean	0f26740492e6	133	theorem	lea_r9_rsp_rex
Tests/ISA/X86/Spike1Addressing.lean	0f26740492e6	138	theorem	lea_r9_rsp_modrm
Tests/ISA/X86/Spike1Addressing.lean	0f26740492e6	144	theorem	lea_r9_rsp_sib
Tests/ISA/X86/Spike1Addressing.lean	0f26740492e6	158	theorem	call_rip_is_not_absolute
Tests/ISA/X86/Spike1Addressing.lean	0f26740492e6	163	theorem	rsp_form_always_has_sib
Tests/ISA/X86/Spike1Addressing.lean	0f26740492e6	169	theorem	r12_form_always_has_sib
Tests/ISA/X86/Spike1Addressing.lean	0f26740492e6	177	theorem	r13_base_never_mod00
Tests/ISA/X86/Spike1Addressing.lean	0f26740492e6	183	theorem	no_rsp_index
Tests/ISA/X86/Spike1Addressing.lean	0f26740492e6	193	theorem	rip_round_trip
Tests/ISA/X86/Spike1Addressing.lean	0f26740492e6	198	theorem	rsp_round_trip
Tests/ISA/X86/Spike1Addressing.lean	0f26740492e6	203	theorem	r12_round_trip
Tests/ISA/X86/Spike1Addressing.lean	0f26740492e6	208	theorem	r13_round_trip
Tests/Memory/CallProtocol.lean	c161079143bf	12	def	machine
Tests/Memory/CallProtocol.lean	c161079143bf	14	def	state₀
Tests/Memory/CallProtocol.lean	c161079143bf	17	def	request
Tests/Memory/CallProtocol.lean	c161079143bf	19	def	transferredLoan
Tests/Memory/CallProtocol.lean	c161079143bf	23	def	fifthArgumentLoan
Tests/Memory/CallProtocol.lean	c161079143bf	27	def	loans
Tests/Memory/CallProtocol.lean	c161079143bf	29	def	handoff
Tests/Memory/CallProtocol.lean	c161079143bf	31	theorem	the_two_loan_handoff_succeeds
Tests/Memory/CallProtocol.lean	c161079143bf	36	theorem	metadata_round_trips_the_nonempty_handoff
Tests/Memory/CallProtocol.lean	c161079143bf	46	theorem	metadata_preserves_a_changed_machine
Tests/Memory/CallProtocol.lean	c161079143bf	58	theorem	metadata_rejects_reset_call_and_grant_supplies
Tests/Memory/CallProtocol.lean	c161079143bf	69	theorem	metadata_rejects_pending_after_its_loans_return
Tests/Memory/CallProtocol.lean	c161079143bf	80	theorem	an_empty_handoff_succeeds
Tests/Memory/CallProtocol.lean	c161079143bf	83	theorem	the_handoff_records_exact_live_loans
Tests/Memory/CallProtocol.lean	c161079143bf	93	theorem	the_caller_is_suspended
Tests/Memory/CallProtocol.lean	c161079143bf	100	theorem	the_exact_return_succeeds_and_returns_the_request
Tests/Memory/CallProtocol.lean	c161079143bf	110	theorem	the_returned_grants_are_absent_and_the_second_return_is_rejected
Tests/Memory/CallProtocol.lean	c161079143bf	122	def	firstGrant
Tests/Memory/CallProtocol.lean	c161079143bf	123	def	secondGrant
Tests/Memory/CallProtocol.lean	c161079143bf	124	def	splitLow
Tests/Memory/CallProtocol.lean	c161079143bf	125	def	splitHigh
Tests/Memory/CallProtocol.lean	c161079143bf	127	theorem	wrong_boundary_claims_are_rejected
Tests/Memory/CallProtocol.lean	c161079143bf	148	theorem	unknown_and_pending_callers_are_rejected
Tests/Memory/CallProtocol.lean	c161079143bf	157	def	emptyLoan
Tests/Memory/CallProtocol.lean	c161079143bf	160	theorem	a_bad_second_loan_exposes_no_partial_batch
Tests/Memory/CallProtocol.lean	c161079143bf	164	inductive	BoundaryOp
Tests/Memory/CallProtocol.lean	c161079143bf	167	def	exactGrant
Tests/Memory/CallProtocol.lean	c161079143bf	168	def	splitBoundary
Tests/Memory/CallProtocol.lean	c161079143bf	180	theorem	the_split_join_cycle_is_not_authority_free
Tests/Memory/CallProtocol.lean	c161079143bf	183	theorem	the_underlying_agent_split_join_cycle_runs_and_restores_the_grant
Tests/Memory/CallProtocol.lean	c161079143bf	197	theorem	pending_steps_and_authority_effects_are_rejected
Tests/Memory/CallProtocol.lean	c161079143bf	207	def	reached
Tests/Memory/CallProtocol.lean	c161079143bf	209	def	recorded
Tests/Memory/CallProtocol.lean	c161079143bf	212	theorem	partition
Tests/Memory/CallProtocol.lean	c161079143bf	236	def	fullyReturned
Tests/Memory/CallProtocolOrdering.lean	bd477d605f7b	25	def	writeData
Tests/Memory/CallProtocolOrdering.lean	bd477d605f7b	30	def	policy
Tests/Memory/CallProtocolOrdering.lean	bd477d605f7b	34	def	cause
Tests/Memory/CallProtocolOrdering.lean	bd477d605f7b	36	def	initial
Tests/Memory/CallProtocolOrdering.lean	bd477d605f7b	39	def	callerStore?
Tests/Memory/CallProtocolOrdering.lean	bd477d605f7b	43	theorem	callerStore_succeeds
Tests/Memory/CallProtocolOrdering.lean	bd477d605f7b	45	def	afterCallerStore
Tests/Memory/CallProtocolOrdering.lean	bd477d605f7b	48	def	handoff?
Tests/Memory/CallProtocolOrdering.lean	bd477d605f7b	51	theorem	handoff_succeeds
Tests/Memory/CallProtocolOrdering.lean	bd477d605f7b	53	def	handed
Tests/Memory/CallProtocolOrdering.lean	bd477d605f7b	54	def	call
Tests/Memory/CallProtocolOrdering.lean	bd477d605f7b	55	def	pending
Tests/Memory/CallProtocolOrdering.lean	bd477d605f7b	56	def	record
Tests/Memory/CallProtocolOrdering.lean	bd477d605f7b	58	def	providerWrite?
Tests/Memory/CallProtocolOrdering.lean	bd477d605f7b	62	theorem	providerWrite_succeeds
Tests/Memory/CallProtocolOrdering.lean	bd477d605f7b	64	def	afterProviderWrite
Tests/Memory/CallProtocolOrdering.lean	bd477d605f7b	67	def	return?
Tests/Memory/CallProtocolOrdering.lean	bd477d605f7b	70	theorem	return_succeeds
Tests/Memory/CallProtocolOrdering.lean	bd477d605f7b	72	def	returned
Tests/Memory/CallProtocolOrdering.lean	bd477d605f7b	73	def	afterReturn
Tests/Memory/CallProtocolOrdering.lean	bd477d605f7b	75	def	callerLoad?
Tests/Memory/CallProtocolOrdering.lean	bd477d605f7b	79	theorem	callerLoad_succeeds
Tests/Memory/CallProtocolOrdering.lean	bd477d605f7b	81	def	afterCallerLoad
Tests/Memory/CallProtocolOrdering.lean	bd477d605f7b	86	def	callerStoreEvent
Tests/Memory/CallProtocolOrdering.lean	bd477d605f7b	89	def	providerEvent
Tests/Memory/CallProtocolOrdering.lean	bd477d605f7b	92	def	callerLoadEvent
Tests/Memory/CallProtocolOrdering.lean	bd477d605f7b	164	def	providerWithoutHandoff?
Tests/Memory/CallProtocolOrdering.lean	bd477d605f7b	168	theorem	providerWithoutHandoff_runs
Tests/Memory/CallProtocolOrdering.lean	bd477d605f7b	170	def	afterProviderWithoutHandoff
Tests/Memory/CallProtocolOrdering.lean	bd477d605f7b	178	def	thirdAgent
Tests/Memory/CallProtocolOrdering.lean	bd477d605f7b	181	def	thirdWrite
Tests/Memory/CallProtocolOrdering.lean	bd477d605f7b	183	inductive	ThirdOp
Tests/Memory/CallProtocolOrdering.lean	bd477d605f7b	196	def	callerPrefix?
Tests/Memory/CallProtocolOrdering.lean	bd477d605f7b	200	theorem	callerPrefix_succeeds
Tests/Memory/CallProtocolOrdering.lean	bd477d605f7b	202	def	afterCallerPrefix
Tests/Memory/CallProtocolOrdering.lean	bd477d605f7b	205	def	thirdWrite?
Tests/Memory/CallProtocolOrdering.lean	bd477d605f7b	209	theorem	thirdWrite_succeeds
Tests/Memory/CallProtocolOrdering.lean	bd477d605f7b	211	def	afterThirdWrite
Tests/Memory/CallProtocolOrdering.lean	bd477d605f7b	214	def	thirdHistoryHandoff?
Tests/Memory/CallProtocolOrdering.lean	bd477d605f7b	217	theorem	thirdHistoryHandoff_succeeds
Tests/Memory/CallProtocolOrdering.lean	bd477d605f7b	219	def	thirdHistoryHanded
Tests/Memory/CallProtocolOrdering.lean	bd477d605f7b	222	def	thirdHistoryProvider?
Tests/Memory/CallProtocolOrdering.lean	bd477d605f7b	226	theorem	thirdHistoryProvider_runs
Tests/Memory/CallProtocolOrdering.lean	bd477d605f7b	228	def	afterThirdHistoryProvider
Tests/Memory/CallProtocolOrdering.lean	bd477d605f7b	240	def	transitiveHandoff?
Tests/Memory/CallProtocolOrdering.lean	bd477d605f7b	243	theorem	transitiveHandoff_succeeds
Tests/Memory/CallProtocolOrdering.lean	bd477d605f7b	245	def	transitiveHanded
Tests/Memory/CallProtocolOrdering.lean	bd477d605f7b	248	def	transitiveThirdWrite?
Tests/Memory/CallProtocolOrdering.lean	bd477d605f7b	252	theorem	transitiveThirdWrite_succeeds
Tests/Memory/CallProtocolOrdering.lean	bd477d605f7b	254	def	afterTransitiveThirdWrite
Tests/Memory/CallProtocolOrdering.lean	bd477d605f7b	257	def	transitiveThirdEvent
Tests/Memory/Placement.lean	08bf6f326690	10	axiom	audit
Tests/Memory/Placement.lean	08bf6f326690	29	def	allocs
Tests/Memory/Placement.lean	08bf6f326690	30	def	backings
Tests/Memory/Placement.lean	08bf6f326690	33	def	placed
Tests/Memory/Placement.lean	08bf6f326690	37	def	unplaced
Tests/Memory/Placement.lean	08bf6f326690	39	def	placedBacking
Tests/Memory/Placement.lean	08bf6f326690	40	def	unplacedBacking
Tests/Memory/Placement.lean	08bf6f326690	41	def	offsetBacking
Tests/Memory/Placement.lean	08bf6f326690	43	def	epoch
Tests/Memory/Placement.lean	08bf6f326690	45	def	contexts
Tests/Memory/Placement.lean	08bf6f326690	50	def	someContext
Tests/Memory/Placement.lean	08bf6f326690	53	def	placedRecord
Tests/Memory/Placement.lean	08bf6f326690	60	def	unplacedRecord
Tests/Memory/Placement.lean	08bf6f326690	63	def	pageBacking
Tests/Memory/Placement.lean	08bf6f326690	66	def	state?
Tests/Memory/Placement.lean	08bf6f326690	71	def	state
Tests/Memory/Placement.lean	08bf6f326690	74	theorem	the_allocations_succeed
Tests/Memory/Placement.lean	08bf6f326690	80	theorem	placed_does_not_wrap
Tests/Memory/Placement.lean	08bf6f326690	104	theorem	disjoint_offsets_have_distinct_addresses
Tests/Memory/Placement.lean	08bf6f326690	112	theorem	the_addresses_are_where_expected
Tests/Memory/Placement.lean	08bf6f326690	118	theorem	unplaced_has_no_address
Tests/Memory/Placement.lean	08bf6f326690	131	theorem	placement_is_not_authority
Tests/Memory/Placement.lean	08bf6f326690	152	def	offsetAlloc
Tests/Memory/Placement.lean	08bf6f326690	156	def	offsetRecord
Tests/Memory/Placement.lean	08bf6f326690	163	def	offsetBackingRecord
Tests/Memory/Placement.lean	08bf6f326690	165	def	wrapped?
Tests/Memory/Placement.lean	08bf6f326690	169	def	wrapped
Tests/Memory/Placement.lean	08bf6f326690	173	theorem	the_wrapped_allocation_is_there
Tests/Memory/Placement.lean	08bf6f326690	180	theorem	the_offset_wrap_is_refused
Tests/Memory/Placement.lean	08bf6f326690	193	def	fitting?
Tests/Memory/Placement.lean	08bf6f326690	197	def	fitting
Tests/Memory/Placement.lean	08bf6f326690	199	theorem	an_offset_allocation_that_fits_is_admitted
Tests/Memory/Placement.lean	08bf6f326690	224	theorem	an_address_from_another_allocation_is_refused
Tests/Memory/Placement.lean	08bf6f326690	241	theorem	the_wrong_address_is_another_allocations_base
Tests/Memory/Placement.lean	08bf6f326690	261	def	overrunningStore
Tests/Memory/Placement.lean	08bf6f326690	286	theorem	a_block_access_out_of_bounds_is_refused
Tests/Memory/Placement.lean	08bf6f326690	292	theorem	the_same_block_access_inside_the_allocation_is_admitted
Tests/Memory/Placement.lean	08bf6f326690	300	theorem	the_refused_block_access_changes_nothing
Tests/Memory/Placement.lean	08bf6f326690	310	theorem	because
Tests/Memory/Placement.lean	08bf6f326690	324	def	freedAlloc
Tests/Memory/Placement.lean	08bf6f326690	327	def	absentAlloc
Tests/Memory/Placement.lean	08bf6f326690	330	def	laterEpoch
Tests/Memory/Placement.lean	08bf6f326690	333	def	withFreed?
Tests/Memory/Placement.lean	08bf6f326690	336	def	withFreed
Tests/Memory/Placement.lean	08bf6f326690	340	theorem	the_liveness_fixtures_are_real
Tests/Memory/Placement.lean	08bf6f326690	352	theorem	an_underrunning_block_access_is_refused
Tests/Memory/Placement.lean	08bf6f326690	362	def	fittingStore
Tests/Memory/Placement.lean	08bf6f326690	365	theorem	the_fitting_store_is_admitted
Tests/Memory/Placement.lean	08bf6f326690	369	theorem	an_absent_allocation_is_refused
Tests/Memory/Placement.lean	08bf6f326690	375	theorem	a_dead_allocation_is_refused
Tests/Memory/Placement.lean	08bf6f326690	387	theorem	a_stale_epoch_is_refused
Tests/Memory/Placement.lean	08bf6f326690	396	theorem	the_freed_allocation_is_the_one_that_is_dead
Tests/Memory/Placement.lean	08bf6f326690	407	theorem	a_provenance_in_another_space_is_refused
Tests/Memory/Placement.lean	08bf6f326690	435	def	misalignedStore
Tests/Memory/Placement.lean	08bf6f326690	440	theorem	a_misaligned_block_access_is_not_denied
Tests/Memory/Placement.lean	08bf6f326690	448	theorem	a_misaligned_block_access_commits
Tests/Memory/Placement.lean	08bf6f326690	457	theorem	the_aligned_store_is_well_formed
Tests/Memory/Placement.lean	08bf6f326690	475	def	placedProv
Tests/Memory/Placement.lean	08bf6f326690	480	def	afterTeardown
Tests/Memory/Placement.lean	08bf6f326690	482	theorem	the_teardown_succeeds
Tests/Memory/Placement.lean	08bf6f326690	484	theorem	the_torn_down_allocation_is_not_live
Tests/Memory/Placement.lean	08bf6f326690	489	theorem	the_epoch_still_matches
Tests/Memory/Placement.lean	08bf6f326690	495	def	ghostGrant
Tests/Memory/Placement.lean	08bf6f326690	501	theorem	a_grant_over_torn_down_storage_authorizes_nothing
Tests/Memory/Placement.lean	08bf6f326690	507	theorem	the_same_grant_authorizes_before_teardown
Tests/Memory/Placement.lean	08bf6f326690	512	theorem	nothing_is_granted_over_torn_down_storage
Tests/Memory/RiskOneCases.lean	745e37abc722	61	def	sourceProvenance
Tests/Memory/RiskOneCases.lean	745e37abc722	69	def	destinationProvenance
Tests/Memory/RiskOneCases.lean	745e37abc722	86	def	repMovsb
Tests/Memory/RiskOneCases.lean	745e37abc722	102	theorem	zero_count_touches_nothing
Tests/Memory/RiskOneCases.lean	745e37abc722	106	theorem	a_nonzero_count_is_two_accesses
Tests/Memory/RiskOneCases.lean	745e37abc722	114	theorem	every_small_count_is_well_formed
Tests/Memory/RiskOneCases.lean	745e37abc722	119	theorem	the_read_survives_a_write_fault
Tests/Memory/RiskOneCases.lean	745e37abc722	127	theorem	source_and_destination_do_not_overlap
Tests/Memory/RiskOneCases.lean	745e37abc722	135	def	lockedWordProvenance
Tests/Memory/RiskOneCases.lean	745e37abc722	147	def	lockCmpxchg16b
Tests/Memory/RiskOneCases.lean	745e37abc722	155	theorem	the_locked_rmw_is_well_formed
Tests/Memory/RiskOneCases.lean	745e37abc722	161	theorem	the_locked_rmw_is_both
Tests/Memory/RiskOneCases.lean	745e37abc722	169	theorem	the_locked_rmw_declares_its_ordering
Tests/Memory/RiskOneCases.lean	745e37abc722	189	theorem	the_failed_compare_is_indistinguishable
Tests/Memory/Spike1Block.lean	3881cd089cf5	60	def	backings
Tests/Memory/Spike1Block.lean	3881cd089cf5	61	def	stackBacking
Tests/Memory/Spike1Block.lean	3881cd089cf5	62	def	imageBacking
Tests/Memory/Spike1Block.lean	3881cd089cf5	64	def	stackBackingRecord
Tests/Memory/Spike1Block.lean	3881cd089cf5	65	def	imageBackingRecord
Tests/Memory/Spike1Block.lean	3881cd089cf5	72	def	stackRecord
Tests/Memory/Spike1Block.lean	3881cd089cf5	80	def	imageRecord
Tests/Memory/Spike1Block.lean	3881cd089cf5	87	def	state₀?
Tests/Memory/Spike1Block.lean	3881cd089cf5	92	def	state₀
Tests/Memory/Spike1Block.lean	3881cd089cf5	95	theorem	the_allocations_succeed
Tests/Memory/Spike1Block.lean	3881cd089cf5	105	def	transferredWrite
Tests/Memory/Spike1Block.lean	3881cd089cf5	110	def	fifthArgumentWrite
Tests/Memory/Spike1Block.lean	3881cd089cf5	115	def	importRead
Tests/Memory/Spike1Block.lean	3881cd089cf5	119	def	returnAddressWrite
Tests/Memory/Spike1Block.lean	3881cd089cf5	124	def	transferredRead
Tests/Memory/Spike1Block.lean	3881cd089cf5	129	def	zeros
Tests/Memory/Spike1Block.lean	3881cd089cf5	133	def	returnAddress
Tests/Memory/Spike1Block.lean	3881cd089cf5	154	def	agentWrite
Tests/Memory/Spike1Block.lean	3881cd089cf5	160	def	transferredCount
Tests/Memory/Spike1Block.lean	3881cd089cf5	163	def	betweenStoreAndReload
Tests/Memory/Spike1Block.lean	3881cd089cf5	174	def	stateAfterFifthArgument
Tests/Memory/Spike1Block.lean	3881cd089cf5	178	def	stackRecordAfterFifthArgument
Tests/Memory/Spike1Block.lean	3881cd089cf5	181	theorem	stack_record_after_fifth_argument_present
Tests/Memory/Spike1Block.lean	3881cd089cf5	185	def	stateAtCall
Tests/Memory/Spike1Block.lean	3881cd089cf5	190	theorem	stateAtCall_eq
Tests/Memory/Spike1Block.lean	3881cd089cf5	202	def	stateAtReload
Tests/Memory/Spike1Block.lean	3881cd089cf5	209	theorem	the_fifth_argument_write_is_not_refused
Tests/Memory/Spike1Block.lean	3881cd089cf5	212	theorem	the_store_is_not_refused
Tests/Memory/Spike1Block.lean	3881cd089cf5	219	theorem	nothing_between_touches_the_slot
Tests/Memory/Spike1Block.lean	3881cd089cf5	225	theorem	the_slot_is_inside_the_store
Tests/Memory/Spike1Block.lean	3881cd089cf5	239	theorem	the_slot_survives_the_call
Tests/Memory/Spike1Block.lean	3881cd089cf5	267	theorem	the_reload_observes_the_agents_count
Tests/Memory/Spike1Block.lean	3881cd089cf5	277	theorem	the_agents_count_is_not_the_stored_zero
Tests/Memory/Spike1Block.lean	3881cd089cf5	284	theorem	the_agent_write_is_not_refused
Tests/Memory/Spike1Block.lean	3881cd089cf5	293	theorem	the_reload_is_not_refused
Tests/Memory/Spike1Block.lean	3881cd089cf5	302	theorem	the_initialization_came_from_the_agent
Tests/Memory/Spike1Block.lean	3881cd089cf5	313	theorem	the_reload_before_the_store_is_refused
Tests/Memory/Spike1Policy.lean	b32cb2dbdaa4	54	def	vocabulary
Tests/Memory/Spike1Policy.lean	b32cb2dbdaa4	77	def	profile
Tests/Memory/Spike1Policy.lean	b32cb2dbdaa4	92	def	storedBytes
Tests/Memory/Spike1Policy.lean	b32cb2dbdaa4	98	def	indeterminateByte
Tests/Memory/Spike1Policy.lean	b32cb2dbdaa4	103	def	policy
Tests/Memory/Spike1Policy.lean	b32cb2dbdaa4	118	inductive	Op
Tests/Memory/Spike1Policy.lean	b32cb2dbdaa4	188	def	machine₀
Tests/Memory/Spike1Policy.lean	b32cb2dbdaa4	191	def	stepThread
Tests/Memory/Spike1Policy.lean	b32cb2dbdaa4	207	theorem	the_ud2_faults
Tests/Memory/Spike1Policy.lean	b32cb2dbdaa4	219	theorem	the_ud2_without_a_plan_does_not_fault
Tests/Memory/Spike1Policy.lean	b32cb2dbdaa4	244	theorem	the_spike_lend_runs
Tests/Memory/Spike1Policy.lean	b32cb2dbdaa4	269	theorem	the_loan_is_issued_to_a_context_not_yet_seen
Tests/Memory/Spike1Policy.lean	b32cb2dbdaa4	285	theorem	the_reload_is_refused_by_the_loan_rule
Tests/Memory/Spike1Policy.lean	b32cb2dbdaa4	299	theorem	without_the_lend_the_reload_commits
Tests/Memory/Spike1Policy.lean	b32cb2dbdaa4	321	theorem	the_conforming_return_unblocks_the_reload
Tests/Memory/Spike1Policy.lean	b32cb2dbdaa4	337	theorem	the_store_steps
Tests/Memory/Spike1Policy.lean	b32cb2dbdaa4	345	theorem	the_fifth_argument_store_steps
Tests/Memory/Spike1Policy.lean	b32cb2dbdaa4	353	theorem	the_push_steps
Tests/Memory/Spike1Policy.lean	b32cb2dbdaa4	363	theorem	the_call_steps
Tests/Memory/Spike1Policy.lean	b32cb2dbdaa4	373	theorem	the_effectless_operations_step
Tests/Memory/Spike1Policy.lean	b32cb2dbdaa4	382	theorem	the_reload_before_the_store_is_refused
Tests/Memory/Spike1Policy.lean	b32cb2dbdaa4	391	theorem	the_reload_after_the_store_steps
Tests/Memory/Spike1Policy.lean	b32cb2dbdaa4	405	def	agentOperation
Tests/Memory/Spike1Policy.lean	b32cb2dbdaa4	429	theorem	the_agent_write_is_refused
Tests/Memory/Spike1Policy.lean	b32cb2dbdaa4	446	theorem	the_agent_step_runs
Tests/Memory/Spike1Reference.lean	4a70dd4f4f26	47	def	allocSupply₀
Tests/Memory/Spike1Reference.lean	4a70dd4f4f26	48	def	allocSupply₁
Tests/Memory/Spike1Reference.lean	4a70dd4f4f26	51	def	stackAlloc
Tests/Memory/Spike1Reference.lean	4a70dd4f4f26	54	def	imageAlloc
Tests/Memory/Spike1Reference.lean	4a70dd4f4f26	56	def	allocSupply₂
Tests/Memory/Spike1Reference.lean	4a70dd4f4f26	59	def	pageCrossAlloc
Tests/Memory/Spike1Reference.lean	4a70dd4f4f26	61	def	epochSupply₀
Tests/Memory/Spike1Reference.lean	4a70dd4f4f26	64	def	epoch₀
Tests/Memory/Spike1Reference.lean	4a70dd4f4f26	66	def	contextSupply₀
Tests/Memory/Spike1Reference.lean	4a70dd4f4f26	68	def	grantSupply₀
Tests/Memory/Spike1Reference.lean	4a70dd4f4f26	71	def	mainThread
Tests/Memory/Spike1Reference.lean	4a70dd4f4f26	76	def	apiAgent
Tests/Memory/Spike1Reference.lean	4a70dd4f4f26	86	def	stackBaseAddress
Tests/Memory/Spike1Reference.lean	4a70dd4f4f26	89	def	frameBaseOffset
Tests/Memory/Spike1Reference.lean	4a70dd4f4f26	92	def	frameLayout
Tests/Memory/Spike1Reference.lean	4a70dd4f4f26	96	def	stackSlotBytes
Tests/Memory/Spike1Reference.lean	4a70dd4f4f26	100	def	entryStackOffset
Tests/Memory/Spike1Reference.lean	4a70dd4f4f26	102	def	savedR12Index
Tests/Memory/Spike1Reference.lean	4a70dd4f4f26	104	def	savedR13Index
Tests/Memory/Spike1Reference.lean	4a70dd4f4f26	106	def	savedR14Index
Tests/Memory/Spike1Reference.lean	4a70dd4f4f26	109	def	shadowRange
Tests/Memory/Spike1Reference.lean	4a70dd4f4f26	110	def	fifthArgumentRange
Tests/Memory/Spike1Reference.lean	4a70dd4f4f26	112	def	transferredRange
Tests/Memory/Spike1Reference.lean	4a70dd4f4f26	113	def	paddingRange
Tests/Memory/Spike1Reference.lean	4a70dd4f4f26	114	def	savedR12Range
Tests/Memory/Spike1Reference.lean	4a70dd4f4f26	116	def	savedR13Range
Tests/Memory/Spike1Reference.lean	4a70dd4f4f26	118	def	savedR14Range
Tests/Memory/Spike1Reference.lean	4a70dd4f4f26	120	def	returnAddressRange
Tests/Memory/Spike1Reference.lean	4a70dd4f4f26	124	def	stackAddress
Tests/Memory/Spike1Reference.lean	4a70dd4f4f26	128	def	stackProvenance
Tests/Memory/Spike1Reference.lean	4a70dd4f4f26	133	def	frameStep
Tests/Memory/Spike1Reference.lean	4a70dd4f4f26	139	def	transferredStep
Tests/Memory/Spike1Reference.lean	4a70dd4f4f26	143	def	fifthArgumentStep
Tests/Memory/Spike1Reference.lean	4a70dd4f4f26	155	def	savedR12Step
Tests/Memory/Spike1Reference.lean	4a70dd4f4f26	159	def	returnSlotStep
Tests/Memory/Spike1Reference.lean	4a70dd4f4f26	163	def	transferredProvenance
Tests/Memory/Spike1Reference.lean	4a70dd4f4f26	166	def	fifthArgumentProvenance
Tests/Memory/Spike1Reference.lean	4a70dd4f4f26	170	def	savedR12Provenance
Tests/Memory/Spike1Reference.lean	4a70dd4f4f26	174	def	returnSlotProvenance
Tests/Memory/Spike1Reference.lean	4a70dd4f4f26	183	def	pageCrossProvenance
Tests/Memory/Spike1Reference.lean	4a70dd4f4f26	188	def	imageProvenance
Tests/Memory/Spike1Reference.lean	4a70dd4f4f26	193	def	rdataStep
Tests/Memory/Spike1Reference.lean	4a70dd4f4f26	202	def	payloadStep
Tests/Memory/Spike1Reference.lean	4a70dd4f4f26	206	def	importStep
Tests/Memory/Spike1Reference.lean	4a70dd4f4f26	210	def	payloadProvenance
Tests/Memory/Spike1Reference.lean	4a70dd4f4f26	214	def	importProvenance
Tests/Memory/Spike1Reference.lean	4a70dd4f4f26	225	def	spaceTable
Tests/Memory/Spike1Reference.lean	4a70dd4f4f26	228	def	access
Tests/Memory/Spike1Reference.lean	4a70dd4f4f26	255	def	pushR12
Tests/Memory/Spike1Reference.lean	4a70dd4f4f26	266	def	movEcxImm
Tests/Memory/Spike1Reference.lean	4a70dd4f4f26	277	def	leaPayload
Tests/Memory/Spike1Reference.lean	4a70dd4f4f26	280	def	payloadPointer
Tests/Memory/Spike1Reference.lean	4a70dd4f4f26	286	def	movWriteFileOverlappedZero
Tests/Memory/Spike1Reference.lean	4a70dd4f4f26	299	def	movTransferredZero
Tests/Memory/Spike1Reference.lean	4a70dd4f4f26	312	def	leaTransferred
Tests/Memory/Spike1Reference.lean	4a70dd4f4f26	324	def	callImportWriteFile
Tests/Memory/Spike1Reference.lean	4a70dd4f4f26	332	def	slotLoan
Tests/Memory/Spike1Reference.lean	4a70dd4f4f26	351	def	callWithLoan
Tests/Memory/Spike1Reference.lean	4a70dd4f4f26	371	def	movEaxTransferred
Tests/Memory/Spike1Reference.lean	4a70dd4f4f26	376	def	invalidOpcode
Tests/Memory/Spike1Reference.lean	4a70dd4f4f26	397	def	ud2Containment
Tests/Memory/Spike1Reference.lean	4a70dd4f4f26	410	def	divideError
Tests/Memory/Spike1Reference.lean	4a70dd4f4f26	420	def	divMem
Tests/Memory/Spike1Reference.lean	4a70dd4f4f26	436	def	splitPageStore
Tests/Memory/Spike1Reference.lean	4a70dd4f4f26	443	theorem	div_read_survives_divide_error
Tests/Memory/Spike1Reference.lean	4a70dd4f4f26	451	theorem	div_compute_step_declares_fault
Tests/Memory/Spike1Reference.lean	4a70dd4f4f26	462	theorem	splitPage_visibility_is_not_answerable_here
Tests/Memory/Spike1Reference.lean	4a70dd4f4f26	480	theorem	pushR12_wellFormed
Tests/Memory/Spike1Reference.lean	4a70dd4f4f26	482	theorem	movEcxImm_wellFormed
Tests/Memory/Spike1Reference.lean	4a70dd4f4f26	484	theorem	leaPayload_wellFormed
Tests/Memory/Spike1Reference.lean	4a70dd4f4f26	486	theorem	leaTransferred_wellFormed
Tests/Memory/Spike1Reference.lean	4a70dd4f4f26	488	theorem	ud2Containment_wellFormed
Tests/Memory/Spike1Reference.lean	4a70dd4f4f26	490	theorem	movTransferredZero_wellFormed
Tests/Memory/Spike1Reference.lean	4a70dd4f4f26	493	theorem	movWriteFileOverlappedZero_wellFormed
Tests/Memory/Spike1Reference.lean	4a70dd4f4f26	496	theorem	movEaxTransferred_wellFormed
Tests/Memory/Spike1Reference.lean	4a70dd4f4f26	499	theorem	callImportWriteFile_wellFormed
Tests/Memory/Spike1Reference.lean	4a70dd4f4f26	504	theorem	divMem_wellFormed
Tests/Memory/Spike1Reference.lean	4a70dd4f4f26	506	theorem	splitPageStore_wellFormed
Tests/Memory/Spike1Reference.lean	4a70dd4f4f26	516	def	writeThroughReadOnly
Tests/Memory/Spike1Reference.lean	4a70dd4f4f26	528	theorem	writeThroughReadOnly_not_wellFormed
Tests/Memory/Spike1Reference.lean	4a70dd4f4f26	532	def	accessInUndeclaredSpace
Tests/Memory/Spike1Reference.lean	4a70dd4f4f26	547	theorem	accessInUndeclaredSpace_not_admitted
Tests/Memory/Spike1Reference.lean	4a70dd4f4f26	555	theorem	nothing_admitted_without_spaces
Tests/Memory/Spike1Reference.lean	4a70dd4f4f26	564	theorem	lea_performs_no_access
Tests/Memory/Spike1Reference.lean	4a70dd4f4f26	568	theorem	payloadPointer_provenance
Tests/Memory/Spike1Reference.lean	4a70dd4f4f26	572	theorem	call_has_two_substeps
Tests/Memory/Spike1Reference.lean	4a70dd4f4f26	576	theorem	call_import_read_survives_stack_fault
Tests/Memory/Spike1Reference.lean	4a70dd4f4f26	584	theorem	call_claims_no_atomicity
Tests/Memory/Spike1Reference.lean	4a70dd4f4f26	592	theorem	ud2_discharges_nothing
Tests/Memory/Spike1Reference.lean	4a70dd4f4f26	600	theorem	range_immediately_below_shifted_frame
Tests/Memory/Spike1Reference.lean	4a70dd4f4f26	622	theorem	push_and_call_share_storage
Tests/Memory/Spike1Reference.lean	4a70dd4f4f26	638	theorem	call_slots_are_disjoint_and_contained
Tests/Memory/Spike1Reference.lean	4a70dd4f4f26	654	theorem	computed_stack_geometry
Tests/Memory/Spike1Reference.lean	4a70dd4f4f26	665	theorem	body_stack_slots_are_disjoint
Tests/Memory/Spike1Reference.lean	4a70dd4f4f26	684	theorem	return_address_is_below_frame
Tests/Memory/Spike1Reference.lean	4a70dd4f4f26	692	theorem	stack_and_image_distinct
Tests/Platform/Win32ApiDispatch.lean	c56bbadaf916	18	def	kernelSymbols
Tests/Platform/Win32ApiDispatch.lean	c56bbadaf916	25	def	kernelLibrary
Tests/Platform/Win32ApiDispatch.lean	c56bbadaf916	28	def	customLibrary
Tests/Platform/Win32ApiDispatch.lean	c56bbadaf916	32	def	description
Tests/Platform/Win32ApiDispatch.lean	c56bbadaf916	36	def	targets
Tests/Platform/Win32ApiDispatch.lean	c56bbadaf916	40	theorem	api_bytes_getStdHandle
Tests/Platform/Win32ApiDispatch.lean	c56bbadaf916	42	theorem	api_bytes_writeFile
Tests/Platform/Win32ApiDispatch.lean	c56bbadaf916	44	theorem	api_bytes_exitProcess
Tests/Platform/Win32ApiDispatch.lean	c56bbadaf916	46	theorem	api_bytes_unknown
Tests/Platform/Win32ApiDispatch.lean	c56bbadaf916	47	theorem	api_bytes_lowercase_refused
Tests/Platform/Win32ApiDispatch.lean	c56bbadaf916	49	def	check
Tests/Platform/Win32ApiDispatch.lean	c56bbadaf916	106	theorem	exit_request_does_not_match_writeFile
Tests/Platform/Win32ApiRequest.lean	aeb5368f1bd7	13	def	contextSupply
Tests/Platform/Win32ApiRequest.lean	aeb5368f1bd7	16	def	thirdCaller
Tests/Platform/Win32ApiRequest.lean	aeb5368f1bd7	19	def	initial
Tests/Platform/Win32ApiRequest.lean	aeb5368f1bd7	24	def	stdHandoff
Tests/Platform/Win32ApiRequest.lean	aeb5368f1bd7	27	theorem	stdHandoff_exists
Tests/Platform/Win32ApiRequest.lean	aeb5368f1bd7	29	def	stdCall
Tests/Platform/Win32ApiRequest.lean	aeb5368f1bd7	30	def	afterStd
Tests/Platform/Win32ApiRequest.lean	aeb5368f1bd7	33	def	additionalLoan
Tests/Platform/Win32ApiRequest.lean	aeb5368f1bd7	39	def	writeLoans
Tests/Platform/Win32ApiRequest.lean	aeb5368f1bd7	41	def	writeHandoff
Tests/Platform/Win32ApiRequest.lean	aeb5368f1bd7	44	theorem	writeHandoff_exists
Tests/Platform/Win32ApiRequest.lean	aeb5368f1bd7	46	def	writeCall
Tests/Platform/Win32ApiRequest.lean	aeb5368f1bd7	47	def	afterWrite
Tests/Platform/Win32ApiRequest.lean	aeb5368f1bd7	49	def	stdRecord
Tests/Platform/Win32ApiRequest.lean	aeb5368f1bd7	52	def	writeApiRecord
Tests/Platform/Win32ApiRequest.lean	aeb5368f1bd7	55	def	writeRecord
Tests/Platform/Win32ApiRequest.lean	aeb5368f1bd7	58	theorem	mixed_pending_entries_retained_and_calls_distinct
Tests/Platform/Win32ApiRequest.lean	aeb5368f1bd7	64	theorem	selected_write_record_is_the_exact_embedded_occurrence
Tests/Platform/Win32ApiRequest.lean	aeb5368f1bd7	67	theorem	selecting_getStdHandle_yields_none
Tests/Platform/Win32ApiRequest.lean	aeb5368f1bd7	70	theorem	write_batch_ids_are_distinct
Tests/Platform/Win32ApiRequest.lean	aeb5368f1bd7	72	theorem	partition
Tests/Platform/Win32ApiRequest.lean	aeb5368f1bd7	79	theorem	actual_batch_is_semantic_then_additional
Tests/Platform/Win32ApiRequest.lean	aeb5368f1bd7	83	theorem	actual_batch_has_all_three_ids
Tests/Platform/Win32ApiRequest.lean	aeb5368f1bd7	88	theorem	semantic_and_additional_grants_are_exact
Tests/Platform/Win32ApiRequest.lean	aeb5368f1bd7	96	theorem	prefix_only_return_is_rejected
Tests/Platform/Win32ApiRequest.lean	aeb5368f1bd7	100	def	fullReturn
Tests/Platform/Win32ApiRequest.lean	aeb5368f1bd7	102	theorem	fullReturn_exists
Tests/Platform/Win32ApiRequest.lean	aeb5368f1bd7	104	def	returnedRecord
Tests/Platform/Win32ApiRequest.lean	aeb5368f1bd7	105	def	afterReturn
Tests/Platform/Win32ApiRequest.lean	aeb5368f1bd7	107	theorem	full_return_removes_only_writeFile
Tests/Platform/Win32ApiRequest.lean	aeb5368f1bd7	113	theorem	full_return_preserves_supplies_and_appends_one_boundary
Tests/Platform/Win32ConsoleEnvironment.lean	67043246e0a3	10	def	processes
Tests/Platform/Win32ConsoleEnvironment.lean	67043246e0a3	11	def	contexts
Tests/Platform/Win32ConsoleEnvironment.lean	67043246e0a3	12	def	routes
Tests/Platform/Win32ConsoleEnvironment.lean	67043246e0a3	13	def	generations
Tests/Platform/Win32ConsoleEnvironment.lean	67043246e0a3	15	def	process
Tests/Platform/Win32ConsoleEnvironment.lean	67043246e0a3	16	def	caller
Tests/Platform/Win32ConsoleEnvironment.lean	67043246e0a3	17	def	provider
Tests/Platform/Win32ConsoleEnvironment.lean	67043246e0a3	18	def	stdout
Tests/Platform/Win32ConsoleEnvironment.lean	67043246e0a3	19	def	otherRoute
Tests/Platform/Win32ConsoleEnvironment.lean	67043246e0a3	20	def	generation
Tests/Platform/Win32ConsoleEnvironment.lean	67043246e0a3	21	def	nextGeneration
Tests/Platform/Win32ConsoleEnvironment.lean	67043246e0a3	23	def	readOnly
Tests/Platform/Win32ConsoleEnvironment.lean	67043246e0a3	25	def	wrongRoute
Tests/Platform/Win32ConsoleEnvironment.lean	67043246e0a3	27	def	overlapped
Tests/Platform/Win32ConsoleEnvironment.lean	67043246e0a3	29	def	dummy
Tests/Platform/Win32ConsoleEnvironment.lean	67043246e0a3	32	def	bindings
Tests/Platform/Win32ConsoleEnvironment.lean	67043246e0a3	40	def	standard
Tests/Platform/Win32ConsoleEnvironment.lean	67043246e0a3	46	def	environment
Tests/Platform/Win32ConsoleEnvironment.lean	67043246e0a3	49	def	staleStandard
Tests/Platform/Win32ConsoleEnvironment.lean	67043246e0a3	55	def	staleEnvironment
Tests/Platform/Win32ConsoleEnvironment.lean	67043246e0a3	58	theorem	input_null_table_allowed
Tests/Platform/Win32ConsoleEnvironment.lean	67043246e0a3	61	theorem	output_55_table_allowed
Tests/Platform/Win32ConsoleEnvironment.lean	67043246e0a3	64	theorem	error_invalid_table_allowed
Tests/Platform/Win32ConsoleEnvironment.lean	67043246e0a3	70	theorem	stale_unresolved_table_allowed
Tests/Platform/Win32ConsoleEnvironment.lean	67043246e0a3	73	theorem	stale_unresolved_has_no_route
Tests/Platform/Win32ConsoleEnvironment.lean	67043246e0a3	77	theorem	output_independent_invalid_failure
Tests/Platform/Win32ConsoleEnvironment.lean	67043246e0a3	81	theorem	different_raw_rejected
Tests/Platform/Win32ConsoleEnvironment.lean	67043246e0a3	84	theorem	unsupported_selector_rejected
Tests/Platform/Win32ConsoleEnvironment.lean	67043246e0a3	86	theorem	readonly_binding_returned_unchanged
Tests/Platform/Win32ConsoleEnvironment.lean	67043246e0a3	87	theorem	wrong_route_binding_returned_unchanged
Tests/Platform/Win32ConsoleEnvironment.lean	67043246e0a3	88	theorem	overlapped_binding_returned_unchanged
Tests/Platform/Win32ConsoleEnvironment.lean	67043246e0a3	89	theorem	missing_binding_refused
Tests/Platform/Win32ConsoleEnvironment.lean	67043246e0a3	94	theorem	sentinel_bindings_ignored
Tests/Platform/Win32ConsoleEnvironment.lean	67043246e0a3	98	theorem	identity_retains_raw_and_generation
Tests/Platform/Win32ConsoleEnvironment.lean	67043246e0a3	102	def	recycled
Tests/Platform/Win32ConsoleEnvironment.lean	67043246e0a3	104	theorem	same_raw_different_generation_distinct
Tests/Platform/Win32ExitProcessCompletion.lean	7cb5a15f2d61	19	def	cpu
Tests/Platform/Win32ExitProcessCompletion.lean	7cb5a15f2d61	24	def	entryBefore
Tests/Platform/Win32ExitProcessCompletion.lean	7cb5a15f2d61	28	def	handoff
Tests/Platform/Win32ExitProcessCompletion.lean	7cb5a15f2d61	32	def	baseCalls
Tests/Platform/Win32ExitProcessCompletion.lean	7cb5a15f2d61	36	def	before
Tests/Platform/Win32ExitProcessCompletion.lean	7cb5a15f2d61	38	def	environment
Tests/Platform/Win32ExitProcessCompletion.lean	7cb5a15f2d61	41	def	observed
Tests/Platform/Win32ExitProcessCompletion.lean	7cb5a15f2d61	44	def	processSupply
Tests/Platform/Win32ExitProcessCompletion.lean	7cb5a15f2d61	45	def	otherProcess
Tests/Platform/Win32ExitProcessCompletion.lean	7cb5a15f2d61	47	def	check
Tests/Platform/Win32ExitProcessCompletion.lean	7cb5a15f2d61	51	def	completion?
Tests/Platform/Win32ExitProcessCompletion.lean	7cb5a15f2d61	55	def	completion
Tests/Platform/Win32ExitProcessCompletion.lean	7cb5a15f2d61	60	theorem	success_archives_exact_data
Tests/Platform/Win32ExitProcessCompletion.lean	7cb5a15f2d61	70	theorem	unrelated_pending_and_runtime_are_archived
Tests/Platform/Win32ExitProcessCompletion.lean	7cb5a15f2d61	89	def	callerControl
Tests/Platform/Win32ExitProcessCompletion.lean	7cb5a15f2d61	94	def	missingRuntime
Tests/Platform/Win32ExitProcessCompletion.lean	7cb5a15f2d61	99	def	wrongRuntimeKind
Tests/Platform/Win32ExitProcessCompletion.lean	7cb5a15f2d61	108	theorem	raw_edge
Tests/Platform/Win32ExitProcessCompletion.lean	7cb5a15f2d61	116	theorem	raw_edge_retains_terminal_archive
Tests/Platform/Win32ExitProcessCompletion.lean	7cb5a15f2d61	131	theorem	terminal_has_no_future
Tests/Platform/Win32ExitProcessRuntime.lean	ea080c61c26d	9	def	cpu
Tests/Platform/Win32ExitProcessRuntime.lean	ea080c61c26d	14	def	before
Tests/Platform/Win32ExitProcessRuntime.lean	ea080c61c26d	18	def	attempt
Tests/Platform/Win32ExitProcessRuntime.lean	ea080c61c26d	20	theorem	accepted
Tests/Platform/Win32ExitProcessRuntime.lean	ea080c61c26d	22	def	handoff
Tests/Platform/Win32GetStdHandleRawReturn.lean	a4f9505d11dd	14	def	check
Tests/Platform/Win32GetStdHandleRawReturn.lean	a4f9505d11dd	17	def	regressionFor
Tests/Platform/Win32GetStdHandleRawReturn.lean	a4f9505d11dd	59	def	regression?
Tests/Platform/Win32GetStdHandleReturn.lean	a4ff20734ca1	19	def	processes
Tests/Platform/Win32GetStdHandleReturn.lean	a4ff20734ca1	20	def	routes
Tests/Platform/Win32GetStdHandleReturn.lean	a4ff20734ca1	22	def	environmentFor
Tests/Platform/Win32GetStdHandleReturn.lean	a4ff20734ca1	32	def	check
Tests/Platform/Win32GetStdHandleReturn.lean	a4ff20734ca1	35	def	evaluatedFor
Tests/Platform/Win32GetStdHandleReturn.lean	a4ff20734ca1	53	def	regressionFor
Tests/Platform/Win32GetStdHandleReturn.lean	a4ff20734ca1	103	def	regression?
Tests/Platform/Win32HelloCall.lean	8007d88605c3	33	def	runInitializations
Tests/Platform/Win32HelloCall.lean	8007d88605c3	48	def	callerReady?
Tests/Platform/Win32HelloCall.lean	8007d88605c3	68	structure	ActualPreCall
Tests/Platform/Win32HelloCall.lean	8007d88605c3	76	structure	ActualSetup
Tests/Platform/Win32HelloCall.lean	8007d88605c3	84	def	actualSetup?
Tests/Platform/Win32HelloCall.lean	8007d88605c3	98	structure	ActualHandoff
Tests/Platform/Win32HelloCall.lean	8007d88605c3	111	theorem	transportedContinuation
Tests/Platform/Win32HelloCall.lean	8007d88605c3	115	theorem	transportedProvenance
Tests/Platform/Win32HelloCall.lean	8007d88605c3	119	theorem	transportedRange
Tests/Platform/Win32HelloCall.lean	8007d88605c3	123	def	actualHandoffFor?
Tests/Platform/Win32HelloCall.lean	8007d88605c3	210	structure	ActualResult
Tests/Platform/Win32HelloCall.lean	8007d88605c3	214	def	actualHandoff?
Tests/Platform/Win32HelloCall.lean	8007d88605c3	222	theorem	ActualHandoff.runtime_exact
Tests/Platform/Win32HelloCall.lean	8007d88605c3	229	theorem	ActualHandoff.resume_inputs
Tests/Platform/Win32HelloCall.lean	8007d88605c3	239	def	actualPrefix?
Tests/Platform/Win32HelloCall.lean	8007d88605c3	258	def	check
Tests/Platform/Win32LoaderEntry.lean	80b60cf85f2d	18	def	allocationSupply
Tests/Platform/Win32LoaderEntry.lean	80b60cf85f2d	19	def	storageSupply
Tests/Platform/Win32LoaderEntry.lean	80b60cf85f2d	20	def	epoch
Tests/Platform/Win32LoaderEntry.lean	80b60cf85f2d	21	def	thread
Tests/Platform/Win32LoaderEntry.lean	80b60cf85f2d	22	def	peer
Tests/Platform/Win32LoaderEntry.lean	80b60cf85f2d	23	def	stackId
Tests/Platform/Win32LoaderEntry.lean	80b60cf85f2d	24	def	stackStorage
Tests/Platform/Win32LoaderEntry.lean	80b60cf85f2d	25	def	returnAddress
Tests/Platform/Win32LoaderEntry.lean	80b60cf85f2d	28	def	stackBacking
Tests/Platform/Win32LoaderEntry.lean	80b60cf85f2d	33	def	stackRecord
Tests/Platform/Win32LoaderEntry.lean	80b60cf85f2d	38	def	environmentMemoryWith?
Tests/Platform/Win32LoaderEntry.lean	80b60cf85f2d	42	def	environmentMemory
Tests/Platform/Win32LoaderEntry.lean	80b60cf85f2d	44	def	environment
Tests/Platform/Win32LoaderEntry.lean	80b60cf85f2d	49	def	identitiesFrom
Tests/Platform/Win32LoaderEntry.lean	80b60cf85f2d	56	def	inputsFor
Tests/Platform/Win32LoaderEntry.lean	80b60cf85f2d	66	def	check
Tests/Platform/Win32LoaderEntry.lean	80b60cf85f2d	116	def	helloPlanFrom?
Tests/Platform/Win32LoaderEntry.lean	80b60cf85f2d	133	def	helloPlan?
Tests/Platform/Win32LoaderEntry.lean	80b60cf85f2d	136	def	helloEntry?
Tests/Platform/Win32LoaderEntry.lean	80b60cf85f2d	148	def	helloPrologue?
Tests/Platform/Win32LoaderRegion.lean	58fa94a57c08	9	def	allocations
Tests/Platform/Win32LoaderRegion.lean	58fa94a57c08	10	def	storages
Tests/Platform/Win32LoaderRegion.lean	58fa94a57c08	11	def	epochs
Tests/Platform/Win32LoaderRegion.lean	58fa94a57c08	12	def	contexts
Tests/Platform/Win32LoaderRegion.lean	58fa94a57c08	14	def	region
Tests/Platform/Win32LoaderRegion.lean	58fa94a57c08	24	def	installed
Tests/Platform/Win32MatchedReturn.lean	321e571707a2	11	def	model
Tests/Platform/Win32MatchedReturn.lean	321e571707a2	14	theorem	model_valid
Tests/Platform/Win32MatchedReturn.lean	321e571707a2	22	def	realized
Tests/Platform/Win32MatchedReturn.lean	321e571707a2	24	theorem	no_return_pending
Tests/Platform/Win32MatchedReturn.lean	321e571707a2	30	theorem	no_return_initial
Tests/Platform/Win32MatchedReturn.lean	321e571707a2	35	def	reached
Tests/Platform/Win32MatchedReturn.lean	321e571707a2	45	def	attempt
Tests/Platform/Win32MatchedReturn.lean	321e571707a2	46	def	returnedState
Tests/Platform/Win32MatchedReturn.lean	321e571707a2	47	def	rawFailure
Tests/Platform/Win32MatchedReturn.lean	321e571707a2	49	def	interpretation
Tests/Platform/Win32MatchedReturn.lean	321e571707a2	53	theorem	matched
Tests/Platform/Win32ProbeCases.lean	ea5c6a6db463	18	def	payload
Tests/Platform/Win32ProbeCases.lean	ea5c6a6db463	19	def	request
Tests/Platform/Win32ProbeCases.lean	ea5c6a6db463	23	structure	Observation
Tests/Platform/Win32ProbeCases.lean	ea5c6a6db463	28	def	Conforms
Tests/Platform/Win32ProbeCases.lean	ea5c6a6db463	46	def	observation
Tests/Platform/Win32ProbeCases.lean	ea5c6a6db463	49	def	successCases
Tests/Platform/Win32ProbeCases.lean	ea5c6a6db463	53	def	failureCases
Tests/Platform/Win32ProbeCases.lean	ea5c6a6db463	57	def	negativeCases
Tests/Platform/Win32ProbeCases.lean	ea5c6a6db463	63	theorem	successes_admitted
Tests/Platform/Win32ProbeCases.lean	ea5c6a6db463	64	theorem	failure_prefixes_admitted
Tests/Platform/Win32ProbeCases.lean	ea5c6a6db463	65	theorem	mutations_rejected
Tests/Platform/Win32ProbeCases.lean	ea5c6a6db463	68	theorem	failure_allows_every_prefix
Tests/Platform/Win32ProbeCases.lean	ea5c6a6db463	73	theorem	successful_count_matches_publication
Tests/Platform/Win32ProtocolEntry.lean	5610db0f07cf	23	def	protocol
Tests/Platform/Win32ProtocolEntry.lean	5610db0f07cf	27	def	before
Tests/Platform/Win32ProtocolEntry.lean	5610db0f07cf	31	def	commonPlan
Tests/Platform/Win32ProtocolEntry.lean	5610db0f07cf	32	def	writePlan
Tests/Platform/Win32ProtocolEntry.lean	5610db0f07cf	33	def	agent
Tests/Platform/Win32ProtocolEntry.lean	5610db0f07cf	35	def	getStdHandoff
Tests/Platform/Win32ProtocolEntry.lean	5610db0f07cf	38	def	writeHandoff
Tests/Platform/Win32ProtocolEntry.lean	5610db0f07cf	42	theorem	getStd_entry_succeeds
Tests/Platform/Win32ProtocolEntry.lean	5610db0f07cf	45	theorem	writeFile_entry_succeeds
Tests/Platform/Win32ProtocolEntry.lean	5610db0f07cf	49	theorem	getStd_complete_batch_length
Tests/Platform/Win32ProtocolEntry.lean	5610db0f07cf	51	theorem	writeFile_complete_batch_length
Tests/Platform/Win32ProtocolEntry.lean	5610db0f07cf	55	theorem	getStd_request_is_canonical
Tests/Platform/Win32ProtocolEntry.lean	5610db0f07cf	59	theorem	writeFile_request_is_canonical
Tests/Platform/Win32ProtocolEntry.lean	5610db0f07cf	65	theorem	getStd_minted_full_ordered_batch
Tests/Platform/Win32ProtocolEntry.lean	5610db0f07cf	73	theorem	writeFile_minted_full_ordered_batch
Tests/Platform/Win32ProtocolEntry.lean	5610db0f07cf	81	theorem	getStd_storage_unchanged
Tests/Platform/Win32ProtocolEntry.lean	5610db0f07cf	86	theorem	writeFile_storage_unchanged
Tests/Platform/Win32ProtocolEntry.lean	5610db0f07cf	91	theorem	getStd_fresh_and_recorded
Tests/Platform/Win32ProtocolEntry.lean	5610db0f07cf	97	theorem	writeFile_fresh_and_recorded
Tests/Platform/Win32ProtocolEntry.lean	5610db0f07cf	103	def	unrelatedCall
Tests/Platform/Win32ProtocolEntry.lean	5610db0f07cf	105	theorem	unrelated_call_is_distinct
Tests/Platform/Win32ProtocolEntry.lean	5610db0f07cf	107	theorem	shared_entry_frames_other_pending_key
Tests/Platform/Win32ProtocolEntry.lean	5610db0f07cf	112	def	pendingControl
Tests/Platform/Win32ProtocolEntry.lean	5610db0f07cf	116	theorem	pending_control_refuses_getStd
Tests/Platform/Win32ProtocolEntry.lean	5610db0f07cf	119	theorem	caller_context_refuses_as_provider
Tests/Platform/Win32ProviderResume.lean	faae046a3e49	8	def	before
Tests/Platform/Win32ProviderResume.lean	faae046a3e49	14	def	afterRead
Tests/Platform/Win32ProviderResume.lean	faae046a3e49	15	def	resumed
Tests/Platform/Win32RawPendingService.lean	5edfc0c44a3f	13	theorem	choices_between_first_frontiers
Tests/Platform/Win32RawPendingService.lean	5edfc0c44a3f	25	theorem	two_edge_pending
Tests/Platform/Win32RawPhasePreservation.lean	58af38a5e8cf	12	theorem	returned_caller_cpu_suffix
Tests/Platform/Win32RawServiceContinuation.lean	c17bfb55b37b	21	theorem	quiet_service₂
Tests/Platform/Win32RawServiceContinuation.lean	c17bfb55b37b	35	theorem	actual_two_edge_bridge
Tests/Platform/Win32RawServicePrefix.lean	3d36fe74ea65	16	def	original
Tests/Platform/Win32RawServicePrefix.lean	3d36fe74ea65	25	def	raw
Tests/Platform/Win32RawServicePrefix.lean	3d36fe74ea65	31	theorem	two_steps
Tests/Platform/Win32RawServicePrefix.lean	3d36fe74ea65	43	def	folded
Tests/Platform/Win32RawServicePrefix.lean	3d36fe74ea65	48	theorem	endpoint
Tests/Platform/Win32RawServicePrefix.lean	3d36fe74ea65	58	theorem	no_third_edge
Tests/Platform/Win32RawServicePreservation.lean	e012fd226528	14	def	rawAt
Tests/Platform/Win32RawServicePreservation.lean	e012fd226528	19	theorem	two_steps
Tests/Platform/Win32RawServicePreservation.lean	e012fd226528	32	theorem	two_edge_frame
Tests/Platform/Win32RawServicePreservation.lean	e012fd226528	44	theorem	changed_continuation_rejected
Tests/Platform/Win32RawServicePreservation.lean	e012fd226528	54	theorem	zero_edges
Tests/Platform/Win32RawState.lean	1b3a5696fb4e	9	def	cpu
Tests/Platform/Win32RawState.lean	1b3a5696fb4e	12	def	checked
Tests/Platform/Win32RawState.lean	1b3a5696fb4e	20	def	mismatched
Tests/Platform/Win32RawState.lean	1b3a5696fb4e	40	def	withRuntime
Tests/Platform/Win32RawStep.lean	fba529b49105	11	theorem	empty_graph_path
Tests/Platform/Win32RawStep.lean	fba529b49105	18	theorem	empty_graph_valid
Tests/Platform/Win32RawStep.lean	fba529b49105	25	theorem	empty_graph_realizes
Tests/Platform/Win32RawStep.lean	fba529b49105	34	def	quietEvent
Tests/Platform/Win32RawStep.lean	fba529b49105	36	def	noReturnInterpretation
Tests/Platform/Win32RawStep.lean	fba529b49105	41	theorem	quiet_service
Tests/Platform/Win32RawStep.lean	fba529b49105	54	theorem	service_cannot_acquire_stdout
Tests/Platform/Win32RawStep.lean	fba529b49105	72	theorem	call_is_not_plain_completion
Tests/Platform/Win32RawStep.lean	fba529b49105	83	theorem	uncovered_keeps_failed_view
Tests/Platform/Win32WriteFile.lean	6eba746eec2a	10	def	plan
Tests/Platform/Win32WriteFile.lean	6eba746eec2a	12	def	bytes
Tests/Platform/Win32WriteFile.lean	6eba746eec2a	14	def	fixtureBackings
Tests/Platform/Win32WriteFile.lean	6eba746eec2a	15	def	fixtureBacking
Tests/Platform/Win32WriteFile.lean	6eba746eec2a	16	def	fixtureBackingRecord
Tests/Platform/Win32WriteFile.lean	6eba746eec2a	19	def	allocation
Tests/Platform/Win32WriteFile.lean	6eba746eec2a	23	def	installed?
Tests/Platform/Win32WriteFile.lean	6eba746eec2a	26	def	installed
Tests/Platform/Win32WriteFile.lean	6eba746eec2a	28	def	memory?
Tests/Platform/Win32WriteFile.lean	6eba746eec2a	30	def	memory
Tests/Platform/Win32WriteFile.lean	6eba746eec2a	32	theorem	installed_setup_succeeds
Tests/Platform/Win32WriteFile.lean	6eba746eec2a	33	theorem	memory_setup_succeeds
Tests/Platform/Win32WriteFile.lean	6eba746eec2a	35	theorem	installed_from_door
Tests/Platform/Win32WriteFile.lean	6eba746eec2a	39	theorem	memory_from_door
Tests/Platform/Win32WriteFile.lean	6eba746eec2a	41	def	request
Tests/Platform/Win32WriteFile.lean	6eba746eec2a	46	theorem	lookup_exact
Tests/Platform/Win32WriteFile.lean	6eba746eec2a	56	def	resolved
Tests/Platform/Win32WriteFile.lean	6eba746eec2a	78	def	prepared
Tests/Platform/Win32WriteFile.lean	6eba746eec2a	101	def	initial
Tests/Platform/Win32WriteFile.lean	6eba746eec2a	104	def	handed
Tests/Platform/Win32WriteFile.lean	6eba746eec2a	106	theorem	handoff_exists
Tests/Platform/Win32WriteFile.lean	6eba746eec2a	108	def	call
Tests/Platform/Win32WriteFile.lean	6eba746eec2a	109	def	pending
Tests/Platform/Win32WriteFile.lean	6eba746eec2a	110	def	record
Tests/Platform/Win32WriteFile.lean	6eba746eec2a	113	def	initialPrefix
Tests/Platform/Win32WriteFile.lean	6eba746eec2a	121	def	noEffects
Tests/Platform/Win32WriteFile.lean	6eba746eec2a	126	theorem	noEffects_valid
Tests/Platform/Win32WriteFile.lean	6eba746eec2a	131	theorem	handoffCausality
Tests/Platform/Win32WriteFile.lean	6eba746eec2a	138	def	startHistory
Tests/Platform/Win32WriteFile.lean	6eba746eec2a	141	theorem	initial_output_empty
Tests/Platform/Win32WriteFile.lean	6eba746eec2a	143	def	quietAction
Tests/Platform/Win32WriteFile.lean	6eba746eec2a	150	def	quietResult
Tests/Platform/Win32WriteFile.lean	6eba746eec2a	152	def	quietState
Tests/Platform/Win32WriteFile.lean	6eba746eec2a	153	def	quietPrefix
Tests/Platform/Win32WriteFile.lean	6eba746eec2a	162	theorem	quietStep
Tests/Platform/Win32WriteFile.lean	6eba746eec2a	182	def	quietHistory
Tests/Platform/Win32WriteFile.lean	6eba746eec2a	185	theorem	missing_entry_edge_rejected
Tests/Platform/Win32WriteFile.lean	6eba746eec2a	191	theorem	wrong_occurrence_dispatch_rejected
Tests/Platform/Win32WriteFile.lean	6eba746eec2a	196	theorem	quiet_history_output
Tests/Platform/Win32WriteFile.lean	6eba746eec2a	199	theorem	cyclic_initial_graph_rejected
Tests/Platform/Win32WriteFile.lean	6eba746eec2a	204	theorem	missing_loan_rejected
Tests/Platform/Win32WriteFile.lean	6eba746eec2a	211	theorem	invented_accepted_start_rejected
Tests/Platform/Win32WriteFile.lean	6eba746eec2a	215	theorem	wrong_call_rejected
Tests/Platform/Win32WriteFile.lean	6eba746eec2a	221	theorem	initialized_bytes_match
Tests/Platform/Win32WriteFile.lean	6eba746eec2a	223	theorem	uninitialized_input_rejected
Tests/Platform/Win32WriteFile.lean	6eba746eec2a	226	theorem	substituted_bytes_rejected
Tests/Platform/Win32WriteFile.lean	6eba746eec2a	229	theorem	overlapping_slot_rejected
Tests/Platform/Win32WriteFile.lean	6eba746eec2a	233	theorem	first_chunk
Tests/Platform/Win32WriteFile.lean	6eba746eec2a	235	theorem	next_chunk
Tests/Platform/Win32WriteFile.lean	6eba746eec2a	237	theorem	zero_progress
Tests/Platform/Win32WriteFile.lean	6eba746eec2a	239	theorem	duplicated_prefix_rejected
Tests/Platform/Win32WriteFile.lean	6eba746eec2a	243	theorem	excess_publication_rejected
Tests/Platform/Win32WriteFile.lean	6eba746eec2a	247	theorem	backwards_publication_rejected
Tests/Platform/Win32WriteFile.lean	6eba746eec2a	253	theorem	universal_order_rejected
Tests/Platform/Win32WriteFile.lean	6eba746eec2a	259	def	countWrite
Tests/Platform/Win32WriteFile.lean	6eba746eec2a	263	inductive	CountOp
Tests/Platform/Win32WriteFile.lean	6eba746eec2a	273	def	zeroPolicy
Tests/Platform/Win32WriteFile.lean	6eba746eec2a	277	def	zeroedOutcome
Tests/Platform/Win32WriteFile.lean	6eba746eec2a	279	def	zeroedMachine
Tests/Platform/Win32WriteFile.lean	6eba746eec2a	280	def	zeroed
Tests/Platform/Win32WriteFile.lean	6eba746eec2a	282	def	handedAfterZero
Tests/Platform/Win32WriteFile.lean	6eba746eec2a	283	def	afterZero
Tests/Platform/Win32WriteFile.lean	6eba746eec2a	284	def	providerAfterZero
Tests/Platform/Win32WriteFile.lean	6eba746eec2a	287	theorem	caller_zero_clean
Tests/Platform/Win32WriteFile.lean	6eba746eec2a	288	theorem	provider_step_clean_after_handoff
Tests/Platform/Win32WriteFile.lean	6eba746eec2a	292	theorem	provider_step_retains_both_writes
Tests/Platform/Win32WriteFileConsolePublication.lean	2eaf1f7cbe29	14	def	processes
Tests/Platform/Win32WriteFileConsolePublication.lean	2eaf1f7cbe29	15	def	routes
Tests/Platform/Win32WriteFileConsolePublication.lean	2eaf1f7cbe29	16	def	generations
Tests/Platform/Win32WriteFileConsolePublication.lean	2eaf1f7cbe29	18	def	process
Tests/Platform/Win32WriteFileConsolePublication.lean	2eaf1f7cbe29	19	def	otherProcess
Tests/Platform/Win32WriteFileConsolePublication.lean	2eaf1f7cbe29	20	def	stdout
Tests/Platform/Win32WriteFileConsolePublication.lean	2eaf1f7cbe29	21	def	otherRoute
Tests/Platform/Win32WriteFileConsolePublication.lean	2eaf1f7cbe29	22	def	generation
Tests/Platform/Win32WriteFileConsolePublication.lean	2eaf1f7cbe29	23	def	otherGeneration
Tests/Platform/Win32WriteFileConsolePublication.lean	2eaf1f7cbe29	25	def	binding
Tests/Platform/Win32WriteFileConsolePublication.lean	2eaf1f7cbe29	28	def	environment
Tests/Platform/Win32WriteFileConsolePublication.lean	2eaf1f7cbe29	36	def	observation
Tests/Platform/Win32WriteFileConsolePublication.lean	2eaf1f7cbe29	39	abbrev	receipt
Tests/Platform/Win32WriteFileConsolePublication.lean	2eaf1f7cbe29	41	def	check
Tests/Platform/Win32WriteFileConsolePublication.lean	2eaf1f7cbe29	46	theorem	exact_quiet_publication_is_stdout
Tests/Platform/Win32WriteFileConsolePublication.lean	2eaf1f7cbe29	51	def	wrongCallerEnvironment
Tests/Platform/Win32WriteFileConsolePublication.lean	2eaf1f7cbe29	57	def	wrongProviderEnvironment
Tests/Platform/Win32WriteFileConsolePublication.lean	2eaf1f7cbe29	75	def	readOnlyEnvironment
Tests/Platform/Win32WriteFileConsolePublication.lean	2eaf1f7cbe29	81	def	overlappedEnvironment
Tests/Platform/Win32WriteFileConsolePublication.lean	2eaf1f7cbe29	87	def	unresolvedEnvironment
Tests/Platform/Win32WriteFileConsolePublication.lean	2eaf1f7cbe29	94	def	otherBinding
Tests/Platform/Win32WriteFileConsolePublication.lean	2eaf1f7cbe29	95	def	otherRouteEnvironment
Tests/Platform/Win32WriteFileConsolePublication.lean	2eaf1f7cbe29	97	def	otherRouteObservation
Tests/Platform/Win32WriteFileConsolePublication.lean	2eaf1f7cbe29	102	theorem	matching_wrong_route_is_not_stdout
Tests/Platform/Win32WriteFileConsolePublication.lean	2eaf1f7cbe29	107	theorem	quiet_output_is_actual_zero_suffix
Tests/Platform/Win32WriteFileNonresponse.lean	d5d88f04c151	14	def	syntheticStall
Tests/Platform/Win32WriteFileNonresponse.lean	d5d88f04c151	17	theorem	syntheticEndpoint
Tests/Platform/Win32WriteFileNonresponse.lean	d5d88f04c151	21	def	noStall
Tests/Platform/Win32WriteFileNonresponse.lean	d5d88f04c151	23	theorem	noStall_rejected
Tests/Platform/Win32WriteFileNonresponse.lean	d5d88f04c151	28	def	wrongOccurrenceStall
Tests/Platform/Win32WriteFileNonresponse.lean	d5d88f04c151	31	theorem	wrongOccurrence_rejected
Tests/Platform/Win32WriteFileNonresponse.lean	d5d88f04c151	39	theorem	fixedCut_historyAt_succ_published
Tests/Platform/Win32WriteFileNonresponse.lean	d5d88f04c151	52	theorem	fullAccepted_endpoint_requires_only_witness
Tests/Platform/Win32WriteFilePrepare.lean	4cb85345b185	22	def	result
Tests/Platform/Win32WriteFilePrepare.lean	4cb85345b185	25	theorem	actual_call_prepares
Tests/Platform/Win32WriteFilePrepare.lean	4cb85345b185	27	def	preparedEntry
Tests/Platform/Win32WriteFilePrepare.lean	4cb85345b185	29	def	generatedRequest
Tests/Platform/Win32WriteFilePrepare.lean	4cb85345b185	32	def	planned
Tests/Platform/Win32WriteFilePrepare.lean	4cb85345b185	34	theorem	prepared_entry_reaches_stack_plan
Tests/Platform/Win32WriteFilePrepare.lean	4cb85345b185	36	def	protocol
Tests/Platform/Win32WriteFilePrepare.lean	4cb85345b185	39	def	before
Tests/Platform/Win32WriteFilePrepare.lean	4cb85345b185	42	def	handed
Tests/Platform/Win32WriteFilePrepare.lean	4cb85345b185	45	theorem	prepared_request_reaches_protocol_entry
Tests/Platform/Win32WriteFilePrepare.lean	4cb85345b185	47	def	handoff
Tests/Platform/Win32WriteFilePrepare.lean	4cb85345b185	49	theorem	recorded_count_is_supplied_canonical_count
Tests/Platform/Win32WriteFilePrepare.lean	4cb85345b185	52	theorem	canonical_count_retained
Tests/Platform/Win32WriteFilePrepare.lean	4cb85345b185	56	theorem	canonical_buffer_retained
Tests/Platform/Win32WriteFilePrepare.lean	4cb85345b185	60	theorem	payload_retained
Tests/Platform/Win32WriteFilePrepare.lean	4cb85345b185	64	theorem	handle_from_actual_rcx
Tests/Platform/Win32WriteFilePrepare.lean	4cb85345b185	68	theorem	requested_from_actual_low_r8
Tests/Platform/Win32WriteFilePrepare.lean	4cb85345b185	72	def	wrongCountState
Tests/Platform/Win32WriteFilePrepare.lean	4cb85345b185	76	theorem	mismatched_count_address_refuses
Tests/Platform/Win32WriteFilePrepare.lean	4cb85345b185	80	def	wrongBufferState
Tests/Platform/Win32WriteFilePrepare.lean	4cb85345b185	84	theorem	mismatched_buffer_address_refuses
Tests/Platform/Win32WriteFilePrepare.lean	4cb85345b185	88	theorem	wrong_payload_refuses
Tests/Platform/Win32WriteFilePrepare.lean	4cb85345b185	92	theorem	wrong_payload_size_refuses
Tests/Platform/Win32WriteFilePrepare.lean	4cb85345b185	96	theorem	wrong_buffer_size_refuses
Tests/Platform/Win32WriteFilePrepare.lean	4cb85345b185	101	theorem	wrong_count_size_refuses
Tests/Platform/Win32WriteFilePrepare.lean	4cb85345b185	106	theorem	wrong_fifth_slot_refuses
Tests/Platform/Win32WriteFilePrepare.lean	4cb85345b185	110	def	highR8State
Tests/Platform/Win32WriteFilePrepare.lean	4cb85345b185	114	theorem	requested_uses_low_dword
Tests/Platform/Win32WriteFilePrepare.lean	4cb85345b185	118	def	uninitializedBuffer
Tests/Platform/Win32WriteFilePrepare.lean	4cb85345b185	120	def	uninitializedBufferState
Tests/Platform/Win32WriteFilePrepare.lean	4cb85345b185	124	theorem	uninitialized_payload_refuses
Tests/Platform/Win32WriteFilePrepare.lean	4cb85345b185	128	def	overlappingCount
Tests/Platform/Win32WriteFilePrepare.lean	4cb85345b185	130	def	overlappingCountState
Tests/Platform/Win32WriteFilePrepare.lean	4cb85345b185	134	theorem	overlapping_buffer_count_refuses
Tests/Platform/Win32WriteFilePrepare.lean	4cb85345b185	138	def	uninitializedFifth
Tests/Platform/Win32WriteFilePrepare.lean	4cb85345b185	140	def	uninitializedFifthState
Tests/Platform/Win32WriteFilePrepare.lean	4cb85345b185	144	theorem	uninitialized_fifth_refuses
Tests/Platform/Win32WriteFilePrepare.lean	4cb85345b185	148	def	nonzeroFifth
Tests/Platform/Win32WriteFilePrepare.lean	4cb85345b185	150	def	nonzeroFifthState
Tests/Platform/Win32WriteFilePrepare.lean	4cb85345b185	154	theorem	initialized_nonzero_fifth_refuses
Tests/Platform/Win32WriteFilePrepare.lean	4cb85345b185	158	theorem	mismatched_provenance_space_refuses
Tests/Platform/Win32WriteFilePrepare.lean	4cb85345b185	165	def	lowPlacementMemory?
Tests/Platform/Win32WriteFilePrepare.lean	4cb85345b185	172	def	lowPlacementMemory
Tests/Platform/Win32WriteFilePrepare.lean	4cb85345b185	174	def	overflowRspState
Tests/Platform/Win32WriteFilePrepare.lean	4cb85345b185	183	def	lowFifth
Tests/Platform/Win32WriteFilePrepare.lean	4cb85345b185	185	theorem	wrapping_address_would_match_as_bitvector
Tests/Platform/Win32WriteFilePrepare.lean	4cb85345b185	188	theorem	wrapping_fifth_address_refuses
Tests/Platform/Win32WriteFileRawReturn.lean	ecfe9e7d0033	38	theorem	installedStep
Tests/Platform/Win32WriteFileRawReturn.lean	ecfe9e7d0033	50	theorem	installed_retains_provider_result
Tests/Platform/Win32WriteFileRawReturn.lean	ecfe9e7d0033	63	theorem	installed_retains_exact_suffix
Tests/Platform/Win32WriteFileRawReturn.lean	ecfe9e7d0033	75	def	failed
Tests/Platform/Win32WriteFileRawReturn.lean	ecfe9e7d0033	76	def	noncanonicalSuccess
Tests/Platform/Win32WriteFileRawReturn.lean	ecfe9e7d0033	78	theorem	failure_without_count_conforms
Tests/Platform/Win32WriteFileRawReturn.lean	ecfe9e7d0033	83	theorem	nonzero_without_count_rejected
Tests/Platform/Win32WriteFileRawReturn.lean	ecfe9e7d0033	88	theorem	noncanonical_bool_is_retained
Tests/Platform/Win32WriteFileReturn.lean	ce482d0fa69e	16	def	returnAttempt
Tests/Platform/Win32WriteFileReturn.lean	ce482d0fa69e	22	def	failed
Tests/Platform/Win32WriteFileReturn.lean	ce482d0fa69e	32	def	zeroDword
Tests/Platform/Win32WriteFileReturn.lean	ce482d0fa69e	34	def	encodedCount
Tests/Platform/Win32WriteFileReturn.lean	ce482d0fa69e	39	def	countAccess?
Tests/Platform/Win32WriteFileReturn.lean	ce482d0fa69e	42	def	countAccess
Tests/Platform/Win32WriteFileReturn.lean	ce482d0fa69e	46	theorem	count_access_resolves
Tests/Platform/Win32WriteFileReturn.lean	ce482d0fa69e	48	theorem	encodedCount_fits
Tests/Platform/Win32WriteFileReturn.lean	ce482d0fa69e	51	def	initializedMemory
Tests/Platform/Win32WriteFileReturn.lean	ce482d0fa69e	54	theorem	initialized_zero_dword
Tests/Platform/Win32WriteFileReturn.lean	ce482d0fa69e	72	def	nonOneSuccess
Tests/Platform/Win32WriteFileReturn.lean	ce482d0fa69e	78	def	wrongCount
Tests/Platform/Win32WriteFileService.lean	ae8396b33a2d	11	def	returnSlot
Tests/Platform/Win32WriteFileService.lean	ae8396b33a2d	12	def	homeSlot
Tests/Platform/Win32WriteFileService.lean	ae8396b33a2d	13	def	fifthSlot
Tests/Platform/Win32WriteFileService.lean	ae8396b33a2d	17	def	runtime
Tests/Platform/Win32WriteFileService.lean	ae8396b33a2d	26	theorem	runtime_has_exact_three_abi_extras
Tests/Platform/Win32WriteFileService.lean	ae8396b33a2d	31	theorem	runtime_full_batch_has_two_semantic_plus_three_abi
Tests/Platform/Win32WriteFileService.lean	ae8396b33a2d	34	def	handed
Tests/Platform/Win32WriteFileService.lean	ae8396b33a2d	38	theorem	full_batch_handoff_exists
Tests/Platform/Win32WriteFileService.lean	ae8396b33a2d	40	def	call
Tests/Platform/Win32WriteFileService.lean	ae8396b33a2d	41	def	protocol₀
Tests/Platform/Win32WriteFileService.lean	ae8396b33a2d	42	def	record
Tests/Platform/Win32WriteFileService.lean	ae8396b33a2d	45	def	prefix₀
Tests/Platform/Win32WriteFileService.lean	ae8396b33a2d	52	def	action
Tests/Platform/Win32WriteFileService.lean	ae8396b33a2d	53	def	result₁
Tests/Platform/Win32WriteFileService.lean	ae8396b33a2d	55	def	protocol₁
Tests/Platform/Win32WriteFileService.lean	ae8396b33a2d	56	def	prefix₁
Tests/Platform/Win32WriteFileService.lean	ae8396b33a2d	63	theorem	step₁
Tests/Platform/Win32WriteFileService.lean	ae8396b33a2d	83	def	unrelatedCall
Tests/Platform/Win32WriteFileService.lean	ae8396b33a2d	85	theorem	unrelated_call_is_distinct
Tests/Platform/Win32WriteFileService.lean	ae8396b33a2d	87	def	cpu₀
Tests/Platform/Win32WriteFileService.lean	ae8396b33a2d	90	def	checked₀
Tests/Platform/Win32WriteFileService.lean	ae8396b33a2d	94	def	before
Tests/Platform/Win32WriteFileService.lean	ae8396b33a2d	99	theorem	before_has_unrelated_runtime_entry
Tests/Platform/Win32WriteFileService.lean	ae8396b33a2d	102	def	receipt₁
Tests/Platform/Win32WriteFileService.lean	ae8396b33a2d	114	theorem	receipt₁_tracks_actual_post_frontier
Tests/Platform/Win32WriteFileService.lean	ae8396b33a2d	115	theorem	receipt₁_preserves_plan
Tests/Platform/Win32WriteFileService.lean	ae8396b33a2d	116	theorem	receipt₁_preserves_frame
Tests/Platform/Win32WriteFileService.lean	ae8396b33a2d	117	theorem	receipt₁_preserves_fifth
Tests/Platform/Win32WriteFileService.lean	ae8396b33a2d	118	theorem	receipt₁_preserves_unrelated_runtime
Tests/Platform/Win32WriteFileService.lean	ae8396b33a2d	123	def	result₂
Tests/Platform/Win32WriteFileService.lean	ae8396b33a2d	125	def	protocol₂
Tests/Platform/Win32WriteFileService.lean	ae8396b33a2d	126	def	prefix₂
Tests/Platform/Win32WriteFileService.lean	ae8396b33a2d	133	theorem	step₂
Tests/Platform/Win32WriteFileService.lean	ae8396b33a2d	153	def	receipt₂
Tests/Platform/Win32WriteFileService.lean	ae8396b33a2d	165	theorem	consecutive_receipts_share_frontier_and_plan
Tests/Platform/Win32WriteFileService.lean	ae8396b33a2d	172	theorem	every_receipt_uses_actual_runtime
Tests/Platform/Win32WriteFileService.lean	ae8396b33a2d	179	theorem	every_receipt_starts_at_actual_zero
Tests/Platform/Win32WriteFileService.lean	ae8396b33a2d	188	theorem	invented_runtime_frontier_rejected
Tests/Platform/Win32WriteFileStackPlan.lean	3197eac665cc	28	def	callDescription
Tests/Platform/Win32WriteFileStackPlan.lean	3197eac665cc	38	def	plan
Tests/Platform/Win32WriteFileStackPlan.lean	3197eac665cc	39	def	image
Tests/Platform/Win32WriteFileStackPlan.lean	3197eac665cc	41	theorem	actual_iat_rva
Tests/Platform/Win32WriteFileStackPlan.lean	3197eac665cc	45	def	preparedInputs?
Tests/Platform/Win32WriteFileStackPlan.lean	3197eac665cc	69	def	inputs
Tests/Platform/Win32WriteFileStackPlan.lean	3197eac665cc	70	def	loaded
Tests/Platform/Win32WriteFileStackPlan.lean	3197eac665cc	71	def	initial
Tests/Platform/Win32WriteFileStackPlan.lean	3197eac665cc	72	def	cpu
Tests/Platform/Win32WriteFileStackPlan.lean	3197eac665cc	73	def	called
Tests/Platform/Win32WriteFileStackPlan.lean	3197eac665cc	74	def	binding
Tests/Platform/Win32WriteFileStackPlan.lean	3197eac665cc	77	theorem	actual_call_target
Tests/Platform/Win32WriteFileStackPlan.lean	3197eac665cc	78	theorem	actual_call_entry_rsp
Tests/Platform/Win32WriteFileStackPlan.lean	3197eac665cc	82	def	resolveArgument?
Tests/Platform/Win32WriteFileStackPlan.lean	3197eac665cc	94	theorem	placement_of_valid
Tests/Platform/Win32WriteFileStackPlan.lean	3197eac665cc	107	theorem	separation_of_valid
Tests/Platform/Win32WriteFileStackPlan.lean	3197eac665cc	127	def	stackRecord
Tests/Platform/Win32WriteFileStackPlan.lean	3197eac665cc	128	def	stackProvenance
Tests/Platform/Win32WriteFileStackPlan.lean	3197eac665cc	130	def	request
Tests/Platform/Win32WriteFileStackPlan.lean	3197eac665cc	135	def	bufferResolved
Tests/Platform/Win32WriteFileStackPlan.lean	3197eac665cc	136	def	countResolved
Tests/Platform/Win32WriteFileStackPlan.lean	3197eac665cc	137	def	fifthArgument
Tests/Platform/Win32WriteFileStackPlan.lean	3197eac665cc	138	def	fifthResolved
Tests/Platform/Win32WriteFileStackPlan.lean	3197eac665cc	140	def	prepared
Tests/Platform/Win32WriteFileStackPlan.lean	3197eac665cc	155	def	entry
Tests/Platform/Win32WriteFileStackPlan.lean	3197eac665cc	170	def	overlapInputs
Tests/Platform/Win32WriteFileStackPlan.lean	3197eac665cc	173	def	overlapLoaded
Tests/Platform/Win32WriteFileStackPlan.lean	3197eac665cc	174	def	overlapInitial
Tests/Platform/Win32WriteFileStackPlan.lean	3197eac665cc	175	def	overlapCpu
Tests/Platform/Win32WriteFileStackPlan.lean	3197eac665cc	176	def	overlapCalled
Tests/Platform/Win32WriteFileStackPlan.lean	3197eac665cc	177	def	overlapBinding
Tests/Platform/Win32WriteFileStackPlan.lean	3197eac665cc	180	def	overlapRequest
Tests/Platform/Win32WriteFileStackPlan.lean	3197eac665cc	182	def	overlapBufferResolved
Tests/Platform/Win32WriteFileStackPlan.lean	3197eac665cc	184	def	overlapCountResolved
Tests/Platform/Win32WriteFileStackPlan.lean	3197eac665cc	186	def	overlapFifthResolved
Tests/Platform/Win32WriteFileStackPlan.lean	3197eac665cc	189	def	overlapPrepared
Tests/Platform/Win32WriteFileStackPlan.lean	3197eac665cc	205	def	overlapEntry
Tests/Platform/Win32WriteFileStackPlan.lean	3197eac665cc	220	def	commonResult
Tests/Platform/Win32WriteFileStackPlan.lean	3197eac665cc	222	def	writeFileResult
Tests/Platform/Win32WriteFileStackPlan.lean	3197eac665cc	225	def	sharedPlanFields?
Tests/Platform/Win32WriteFileStackPlan.lean	3197eac665cc	234	theorem	constructive_writeFile_plan_exists
Tests/Platform/Win32WriteFileStackPlan.lean	3197eac665cc	235	theorem	shared_return_home_fields_are_identical
Tests/Platform/Win32WriteFileStackPlan.lean	3197eac665cc	237	def	overlapResult
Tests/Platform/Win32WriteFileStackPlan.lean	3197eac665cc	240	def	refused_for_home_count_overlap
Tests/Platform/Win32WriteFileStackPlan.lean	3197eac665cc	245	theorem	semantic_home_overlap_is_specific
Tests/Process/BlendFixtures.lean	87c5739850c3	30	inductive	LogDemand
Tests/Process/BlendFixtures.lean	87c5739850c3	35	inductive	TimerDemand
Tests/Process/BlendFixtures.lean	87c5739850c3	40	def	logger
Tests/Process/BlendFixtures.lean	87c5739850c3	50	def	timer
Tests/Process/BlendFixtures.lean	87c5739850c3	60	abbrev	BothDemands
Tests/Process/BlendFixtures.lean	87c5739850c3	63	def	bothResults
Tests/Process/BlendFixtures.lean	87c5739850c3	68	def	combined
Tests/Process/BlendFixtures.lean	87c5739850c3	80	def	loggerIn
Tests/Process/BlendFixtures.lean	87c5739850c3	99	def	timerIn
Tests/Process/BlendFixtures.lean	87c5739850c3	124	def	weave
Tests/Process/BlendFixtures.lean	87c5739850c3	143	theorem	the_write_is_the_loggers
Tests/Process/BlendFixtures.lean	87c5739850c3	153	theorem	the_write_routes_to_the_logger
Tests/Process/BlendFixtures.lean	87c5739850c3	161	theorem	the_timer_stutters_on_it
Tests/Process/BlendFixtures.lean	87c5739850c3	169	inductive	AlphaDemand
Tests/Process/BlendFixtures.lean	87c5739850c3	173	inductive	BetaDemand
Tests/Process/BlendFixtures.lean	87c5739850c3	176	def	alpha
Tests/Process/BlendFixtures.lean	87c5739850c3	185	def	beta
Tests/Process/BlendFixtures.lean	87c5739850c3	195	def	shared
Tests/Process/BlendFixtures.lean	87c5739850c3	211	def	alphaIn
Tests/Process/BlendFixtures.lean	87c5739850c3	224	def	betaIn
Tests/Process/BlendFixtures.lean	87c5739850c3	237	theorem	the_real_overlap
Tests/Process/BlendFixtures.lean	87c5739850c3	254	theorem	one_result_answers_both
Tests/Process/BlendFixtures.lean	87c5739850c3	259	theorem	the_overlap_is_not_a_weave
Tests/Process/SequentialEffectFixtures.lean	0a488c1907e8	31	inductive	ConsoleDemand
Tests/Process/SequentialEffectFixtures.lean	0a488c1907e8	42	def	ConsoleResult
Tests/Process/SequentialEffectFixtures.lean	0a488c1907e8	47	def	console
Tests/Process/SequentialEffectFixtures.lean	0a488c1907e8	61	inductive	GreetState
Tests/Process/SequentialEffectFixtures.lean	0a488c1907e8	68	def	greetRank
Tests/Process/SequentialEffectFixtures.lean	0a488c1907e8	78	def	greetDecide
Tests/Process/SequentialEffectFixtures.lean	0a488c1907e8	94	def	greet
Tests/Process/SequentialEffectFixtures.lean	0a488c1907e8	120	theorem	they
Tests/Process/SequentialEffectFixtures.lean	0a488c1907e8	122	theorem	greet_reaches_frontier
Tests/Process/SequentialEffectFixtures.lean	0a488c1907e8	128	theorem	greet_starts_at_an_effect
Tests/Process/SequentialEffectFixtures.lean	0a488c1907e8	131	theorem	greet_decide_eq
Tests/Process/SequentialEffectFixtures.lean	0a488c1907e8	134	theorem	greet_can_finish
Tests/Specification/TextLine.lean	b2b15f254a67	9	def	message
Tests/Std/ConsoleWrite.lean	30148280d2cf	13	def	payload
Tests/Std/ConsoleWrite.lean	30148280d2cf	14	def	initial
Tests/Std/ConsoleWrite.lean	30148280d2cf	15	def	one
Tests/Std/ConsoleWrite.lean	30148280d2cf	16	def	second
Tests/Std/ConsoleWrite.lean	30148280d2cf	17	def	two
Tests/Std/PartialWrite.lean	093a96103bdd	62	structure	WriteState
Tests/Std/PartialWrite.lean	093a96103bdd	73	def	committed
Tests/Std/PartialWrite.lean	093a96103bdd	76	def	remaining
Tests/Std/PartialWrite.lean	093a96103bdd	79	def	start
Tests/Std/PartialWrite.lean	093a96103bdd	82	theorem	start_committed
Tests/Std/PartialWrite.lean	093a96103bdd	86	theorem	start_remaining
Tests/Std/PartialWrite.lean	093a96103bdd	92	theorem	conserved
Tests/Std/PartialWrite.lean	093a96103bdd	97	theorem	remaining_length
Tests/Std/PartialWrite.lean	093a96103bdd	103	theorem	remaining_empty_iff
Tests/Std/PartialWrite.lean	093a96103bdd	110	def	step
Tests/Std/PartialWrite.lean	093a96103bdd	114	theorem	step_payload
Tests/Std/PartialWrite.lean	093a96103bdd	124	theorem	step_commits_exactly
Tests/Std/PartialWrite.lean	093a96103bdd	130	theorem	step_extends
Tests/Std/PartialWrite.lean	093a96103bdd	136	theorem	step_remaining
Tests/Std/PartialWrite.lean	093a96103bdd	149	theorem	step_shortens
Tests/Std/PartialWrite.lean	093a96103bdd	165	def	hi
Tests/Std/PartialWrite.lean	093a96103bdd	167	def	s0
Tests/Std/PartialWrite.lean	093a96103bdd	169	def	s1
Tests/Std/PartialWrite.lean	093a96103bdd	171	def	s2
Tests/Std/VecRepresentation.lean	397e9c5f296b	98	structure	AVec
Tests/Std/VecRepresentation.lean	397e9c5f296b	104	def	empty
Tests/Std/VecRepresentation.lean	397e9c5f296b	105	def	length
Tests/Std/VecRepresentation.lean	397e9c5f296b	106	def	push
Tests/Std/VecRepresentation.lean	397e9c5f296b	107	def	get?
Tests/Std/VecRepresentation.lean	397e9c5f296b	108	def	append
Tests/Std/VecRepresentation.lean	397e9c5f296b	109	def	take
Tests/Std/VecRepresentation.lean	397e9c5f296b	113	theorem	toArray_injective
Tests/Std/VecRepresentation.lean	397e9c5f296b	116	theorem	length_empty
Tests/Std/VecRepresentation.lean	397e9c5f296b	118	theorem	length_push
Tests/Std/VecRepresentation.lean	397e9c5f296b	121	theorem	get?_push
Tests/Std/VecRepresentation.lean	397e9c5f296b	127	theorem	length_append
Tests/Std/VecRepresentation.lean	397e9c5f296b	131	theorem	length_take
Tests/Std/VecRepresentation.lean	397e9c5f296b	145	def	buildReadVec
Tests/Std/VecRepresentation.lean	397e9c5f296b	156	def	buildReadAVec
Tests/Std/VecRepresentation.lean	397e9c5f296b	168	def	timed
Tests/Std/VecRepresentation.lean	397e9c5f296b	175	def	emitterBench
Tests/Std/VecRepresentation.lean	397e9c5f296b	200	structure	KVec
Tests/Std/VecRepresentation.lean	397e9c5f296b	205	def	bigAVec
Tests/Std/VecRepresentation.lean	397e9c5f296b	206	def	bigAVec'
Tests/Std/VecRepresentation.lean	397e9c5f296b	207	def	bigKVec
Tests/Std/VecRepresentation.lean	397e9c5f296b	208	def	bigKVec'
Tools/DisasmHello.lean	55af332f9345	10	def	require
Tools/DisasmHello.lean	55af332f9345	14	def	statics
Tools/DisasmHello.lean	55af332f9345	18	def	name
Tools/DisasmHello.lean	55af332f9345	20	def	produce
Tools/DisasmHello.lean	55af332f9345	36	def	main
Tools/EmitGrassHello.lean	2ecbc6cb8101	7	def	main
Tools/disasm/check.py	1e60e78b87b6	20	def	invoke
Tools/disasm/check.py	1e60e78b87b6	26	def	reconstruct
Tools/disasm/check.py	1e60e78b87b6	30	def	main
Tools/x86-native/run.py	865d04fb185b	19	def	require
Tools/x86-native/run.py	865d04fb185b	24	def	observe
Tools/x86-native/run.py	865d04fb185b	46	def	differences
Tools/x86-native/run.py	865d04fb185b	67	def	self_test
Tools/x86-native/run.py	865d04fb185b	99	def	parse_flags
Tools/x86-native/run.py	865d04fb185b	114	def	parse_corpus_flags
Tools/x86-native/run.py	865d04fb185b	125	def	corpus_controls
Tools/x86-native/run.py	865d04fb185b	140	def	main
docs/AMD_SOURCE_MIGRATION.md	992597f5e13f	83	theorem	for
docs/DECISIONS.md	1134f15637f2	95	theorem	and
docs/DECISIONS.md	1134f15637f2	542	opaque	certificates,
docs/DECISIONS.md	1134f15637f2	866	theorem	without
docs/ENDPOINT_INDEX.md	4b0eeb8d153b	26	theorem	is
docs/IMPLEMENTATION_RATCHET.md	06e30750f705	61	structure	EvidenceEnvelope
docs/IMPLEMENTATION_RATCHET.md	06e30750f705	103	structure	ElaborationReportV1
docs/MODULES.md	ab0f9ead8e40	205	opaque	facet
docs/PLATFORM_ABI.md	6656a92e9fb3	96	structure	ConcreteResponsiveStrategy
docs/PLATFORM_ABI.md	6656a92e9fb3	102	structure	ResponsivenessBridge
docs/PLATFORM_ABI.md	6656a92e9fb3	213	structure	TerminalProtocolLaws
docs/PROCESS.md	01841138926f	59	structure	ProcessVocabulary
docs/PROCESS.md	01841138926f	68	inductive	ProcessEvent
docs/PROCESS.md	01841138926f	75	structure	ViewFacet
docs/PROCESS.md	01841138926f	79	structure	ProcessSpec
docs/PROCESS.md	01841138926f	92	structure	DeterministicProcess
docs/PROCESS.md	01841138926f	133	structure	StructuralProcessNetwork
docs/PROCESS.md	01841138926f	196	inductive	SerialCallDisposition
docs/PROCESS.md	01841138926f	200	structure	SerialFunctionContract
docs/PROCESS.md	01841138926f	224	inductive	SerialCallVisibility
docs/PROCESS.md	01841138926f	233	structure	FiniteStutteringCallSimulation
docs/PROCESS.md	01841138926f	247	structure	SerialFunctionImplementation
docs/PROCESS.md	01841138926f	253	structure	ProcessStepUsingContract
docs/PROCESS.md	01841138926f	270	theorem	ProcessStep.callSerial
docs/PROCESS.md	01841138926f	314	inductive	ProcessRunState
docs/PROCESS.md	01841138926f	320	inductive	ProcessRunInitial
docs/PROCESS.md	01841138926f	331	inductive	ProcessRunTransition
docs/PROCESS.md	01841138926f	397	structure	ProtocolRegistry
docs/PROCESS.md	01841138926f	401	structure	DriverBoundary
docs/PROCESS.md	01841138926f	408	structure	ProcessGraph
docs/PROCESS.md	01841138926f	421	structure	ProcessTopologyCore
docs/PROCESS.md	01841138926f	427	structure	ProcessTopology
docs/PROCESS.md	01841138926f	434	theorem	ProcessTopology.allCancellationContracts
docs/PROCESS.md	01841138926f	438	theorem	ProcessTopology.allSupervisionContracts
docs/PROCESS.md	01841138926f	442	structure	ProcessRef
docs/PROCESS.md	01841138926f	447	structure	ChannelId
docs/PROCESS.md	01841138926f	453	structure	MessageOccurrence
docs/PROCESS.md	01841138926f	458	abbrev	ChannelOccurrence
docs/PROCESS.md	01841138926f	554	inductive	ProcessLifecycle
docs/PROCESS.md	01841138926f	563	inductive	ProcessParentage
docs/PROCESS.md	01841138926f	574	structure	ProcessInstance
docs/PROCESS.md	01841138926f	582	structure	LogicalProcessNetworkCore
docs/PROCESS.md	01841138926f	594	structure	WorldAgreement
docs/PROCESS.md	01841138926f	607	structure	NetworkAssertion
docs/PROCESS.md	01841138926f	615	def	logicalWorldAgreement
docs/PROCESS.md	01841138926f	620	structure	ChannelContract
docs/PROCESS.md	01841138926f	652	structure	ProcessPlan
docs/PROCESS.md	01841138926f	660	abbrev	LogicalProcessNetwork
docs/PROCESS.md	01841138926f	783	structure	NonemptyByteChunk
docs/PROCESS.md	01841138926f	787	inductive	ByteIngressEvent
docs/PROCESS.md	01841138926f	792	inductive	ByteIngressPhase
docs/PROCESS.md	01841138926f	800	structure	ByteIngressResolution
docs/PROCESS.md	01841138926f	807	structure	ByteIngressState
docs/PROCESS.md	01841138926f	818	inductive	ByteEgressDemand
docs/PROCESS.md	01841138926f	822	inductive	ByteEgressPhase
docs/PROCESS.md	01841138926f	831	structure	ByteEgressResolution
docs/PROCESS.md	01841138926f	841	structure	ByteEgressState
docs/PROCESS.md	01841138926f	848	inductive	ByteIngressTransition
docs/PROCESS.md	01841138926f	903	inductive	ByteEgressTransition
docs/PROCESS.md	01841138926f	949	theorem	ingress_resolution_phase_table
docs/PROCESS.md	01841138926f	960	theorem	egress_resolution_phase_table
docs/PROCESS.md	01841138926f	970	theorem	ingress_transition_preserves_conservation
docs/PROCESS.md	01841138926f	974	theorem	egress_transition_preserves_conservation
docs/PROCESS.md	01841138926f	978	theorem	ingress_resolution_consumes_exact_token
docs/PROCESS.md	01841138926f	982	theorem	egress_resolution_consumes_exact_token
docs/PROCESS.md	01841138926f	986	theorem	no_ingress_step_after_terminal
docs/PROCESS.md	01841138926f	989	theorem	no_egress_step_after_terminal
docs/PROCESS.md	01841138926f	1018	theorem	ingress_completed_functional_rechunk
docs/PROCESS.md	01841138926f	1024	theorem	capacity_aware_ingress_rechunk
docs/PROCESS.md	01841138926f	1030	theorem	egress_functional_rechunk
docs/PROCESS.md	01841138926f	1035	theorem	egress_possible_projections
docs/PROCESS.md	01841138926f	1040	theorem	egress_partial_conservation
docs/PROCESS.md	01841138926f	1043	theorem	parser_chunking_invariant
docs/PROCESS.md	01841138926f	1071	inductive	NetworkTransition
docs/PROCESS.md	01841138926f	1098	def	NetworkTransition.allocatedNominals
docs/PROCESS.md	01841138926f	1101	structure	NetworkStep
docs/PROCESS.md	01841138926f	1146	structure	ChildRequest
docs/PROCESS.md	01841138926f	1150	structure	LocalDemandOccurrence
docs/PROCESS.md	01841138926f	1157	structure	ChildDemandBinding
docs/PROCESS.md	01841138926f	1175	structure	ChildOccurrence
docs/PROCESS.md	01841138926f	1187	inductive	ChildLifecycleEvent
docs/PROCESS.md	01841138926f	1270	structure	SelectiveReceive
docs/PROCESS.md	01841138926f	1304	inductive	TerminationMode
docs/PROCESS.md	01841138926f	1309	structure	ProcessTerminationContract
docs/PROCESS.md	01841138926f	1329	inductive	TerminationDemand
docs/PROCESS.md	01841138926f	1364	inductive	CancellationMask
docs/PROCESS.md	01841138926f	1369	structure	CancellationSummary
docs/PROCESS.md	01841138926f	1382	structure	CancellationBackedContract
docs/PROCESS.md	01841138926f	1389	inductive	TerminationFacet
docs/PROCESS.md	01841138926f	1402	def	CancellationSummary.seq
docs/PROCESS.md	01841138926f	1407	theorem	CancellationSummary.seq_assoc
docs/PROCESS.md	01841138926f	1410	def	CancellationSummary.toCooperativeTerminationFacet
docs/PROCESS.md	01841138926f	1419	def	CancellationSummary.toSupervisedTerminationFacet
docs/PROCESS.md	01841138926f	1513	structure	ProcessCorrect
docs/PROCESS.md	01841138926f	1529	theorem	ProcessRun.observationCausality
docs/PROCESS.md	01841138926f	1536	structure	ProcessNetworkAdequate
docs/PROCESS.md	01841138926f	1546	structure	ProcessNetworkSimulation
docs/PROCESS.md	01841138926f	1556	structure	ResourceAxisRealization
docs/PROCESS.md	01841138926f	1574	structure	ResourceAxisRealizationFamily
docs/PROCESS.md	01841138926f	1588	structure	ProcessPlanRealizes
docs/PROCESS.md	01841138926f	1627	structure	ClosedBlendProvenance
docs/PROCESS.md	01841138926f	1643	inductive	ProcessPlanSource
docs/PROCESS.md	01841138926f	1659	structure	ProcessRealization
docs/PROCESS.md	01841138926f	1682	abbrev	EffectDemand
docs/PROCESS.md	01841138926f	1684	abbrev	EffectResult
docs/PROCESS.md	01841138926f	1695	inductive	SequentialDecision
docs/PROCESS.md	01841138926f	1702	structure	SequentialMachine
docs/PROCESS.md	01841138926f	1732	structure	DirectRelationalProgram
docs/PROCESS.md	01841138926f	1769	structure	StandardSequentialDerivation
docs/PROCESS.md	01841138926f	1777	def	SequentialAdapter.deriveStandard
docs/PROCESS.md	01841138926f	1781	def	verified
docs/PROCESS.md	01841138926f	1824	structure	StandardSequentialRealization
docs/PROCESS.md	01841138926f	1829	structure	StandardRealizerEntry
docs/PROCESS.md	01841138926f	1837	structure	StandardRealizerRegistry
docs/PROCESS.md	01841138926f	1843	structure	ExactStandardRealizerLookup
docs/PROCESS.md	01841138926f	1851	def	ProcessRealization.standard
docs/PROCESS.md	01841138926f	1865	def	processRealization
docs/PROCESS.md	01841138926f	1915	def	ProcessRealization.flatten
docs/PROCESS.md	01841138926f	1917	theorem	flatten_correct
docs/PROCESS.md	01841138926f	1922	structure	RegisteredProcess
docs/PROCESS.md	01841138926f	1929	def	ProcessRealization.register
docs/PROCESS.md	01841138926f	1949	theorem	flatten_sequential_roundtrip
docs/PROCESS.md	01841138926f	1994	def	Independent
docs/PROCESS.md	01841138926f	2003	theorem	independent_diamond
docs/PROCESS.md	01841138926f	2011	theorem	syscall_linearizations_equivalent
docs/PROCESS.md	01841138926f	2037	structure	CompleteSerializations
docs/PROCESS.md	01841138926f	2050	structure	SerializablePlan
docs/PROCESS.md	01841138926f	2055	structure	ResponsiveSerialSelection
docs/PROCESS.md	01841138926f	2061	def	ProcessRealization.asSerialFunction
docs/PROCESS.md	01841138926f	2067	theorem	asSerialFunction_correct
docs/PROCESS.md	01841138926f	2074	def	ProcessRealization.serialize
docs/PROCESS.md	01841138926f	2078	theorem	serialize_correct
docs/PROCESS.md	01841138926f	2082	theorem	serialize_refines_flatten
docs/PROCESS.md	01841138926f	2086	theorem	serialize_as_child
docs/PROCESS.md	01841138926f	2149	structure	ProcessDriver
docs/PROCESS.md	01841138926f	2202	structure	ProcessScopeSummary
docs/PROCESS.md	01841138926f	2209	structure	CancellationPolicy
docs/PROCESS.md	01841138926f	2216	def	CancellationPolicy.Covers
docs/PROCESS.md	01841138926f	2221	def	CancellationPolicy.RegionsDeclared
docs/PROCESS.md	01841138926f	2226	def	CancellationPolicy.PointsDeclared
docs/PROCESS.md	01841138926f	2231	structure	ScopedCancellationCertificate
docs/PROCESS.md	01841138926f	2267	structure	ScopedProcessPlan
docs/PROCESS.md	01841138926f	2275	structure	SubsystemRealization
docs/PROCESS.md	01841138926f	2282	theorem	SubsystemRealization.siblingInsensitive
docs/PROCESS.md	01841138926f	2298	structure	ProcessLoopInvariant
docs/PROCESS.md	01841138926f	2343	structure	NetworkResourceState
docs/PROCESS.md	01841138926f	2353	structure	ResourceMetric
docs/PROCESS.md	01841138926f	2373	structure	ResourceInvariant
docs/PROCESS.md	01841138926f	2381	structure	ChannelCapacity
docs/PROCESS.md	01841138926f	2386	structure	CapacityCredit
docs/PROCESS.md	01841138926f	2392	structure	ChannelCapacityLedger
docs/PROCESS.md	01841138926f	2401	structure	CapacityTransitionLaw
docs/PROCESS.md	01841138926f	2407	def	EveryNetworkStepHasExactCapacityTransitionLaw
docs/PROCESS.md	01841138926f	2412	structure	NetworkResourceCertificate
docs/PROCESS.md	01841138926f	2431	inductive	HoldingCompositionRule
docs/PROCESS.md	01841138926f	2437	structure	ResourceCompositionDerivation
docs/PROCESS.md	01841138926f	2447	structure	ScopePartition
docs/PROCESS.md	01841138926f	2454	structure	ScopeBoundaryFlux
docs/PROCESS.md	01841138926f	2478	theorem	subgraph_bound
docs/PROCESS.md	01841138926f	2485	structure	ResiduatedResourceAxis
docs/PROCESS.md	01841138926f	2495	theorem	subgraph_residual_bound
docs/PROCESS.md	01841138926f	2504	theorem	compose_resource_bounds
docs/PROCESS.md	01841138926f	2512	theorem	nested_scope_bound
docs/PROCESS.md	01841138926f	2518	theorem	insufficient_credit_disables_send
docs/PROCESS.md	01841138926f	2522	theorem	insufficient_credit_is_backpressure_frontier
docs/PROCESS.md	01841138926f	2558	theorem	one_web_request_memory_bound
docs/PROCESS.md	01841138926f	2662	structure	WeaveInvariantMixin
docs/PROCESS.md	01841138926f	2674	structure	WeaveInvariantFamily
docs/PROCESS.md	01841138926f	2680	def	WeaveInvariantFamily.aggregate
docs/PROOF_FEASIBILITY.md	4ed1cb9a7cc3	40	structure	DirectRelationalProgram
docs/PROOF_FEASIBILITY.md	4ed1cb9a7cc3	58	structure	DirectProgramRealizes
docs/PROOF_FEASIBILITY.md	4ed1cb9a7cc3	268	structure	ServerCompositionWitness
docs/PROOF_FEASIBILITY.md	4ed1cb9a7cc3	545	structure	LocalSchedulerCoverage
docs/PROOF_FEASIBILITY.md	4ed1cb9a7cc3	556	structure	ProductiveSchedulerExtension
docs/RAW_PHASE_PRESERVATION.md	3bd253c128fd	60	theorem	derives
docs/README.md	394df881c96c	79	theorem	and
docs/SEMANTICS.md	96831657037a	159	structure	ConstructionCapturedCapabilityMap
docs/SEMANTICS.md	96831657037a	168	structure	SelectedResourceSemantics
docs/SEMANTICS.md	96831657037a	172	def	SelectedResourceSemantics.requiredAxes
docs/SEMANTICS.md	96831657037a	177	def	SelectedResourceSemantics.lookup
docs/SEMANTICS.md	96831657037a	186	structure	SpecProcess
docs/SEMANTICS.md	96831657037a	199	def	SpecProcess.driverBoundary
docs/SEMANTICS.md	96831657037a	203	def	SpecProcess.progress
docs/SEMANTICS.md	96831657037a	206	def	SpecProcess.capture
docs/SEMANTICS.md	96831657037a	218	def	SpecProcess.ofRelational
docs/SEMANTICS.md	96831657037a	223	structure	RequirementSubstitution
docs/SEMANTICS.md	96831657037a	232	def	SpecProcess.appendFragment
docs/SEMANTICS.md	96831657037a	237	theorem	SpecProcess.appendFragment_recaptures_exactly
docs/SEMANTICS.md	96831657037a	241	def	SpecProcess.withProgress
docs/SEMANTICS.md	96831657037a	246	theorem	SpecProcess.withProgress_recaptures_exactly
docs/SEMANTICS.md	96831657037a	250	def	SpecProcess.withOutcomes
docs/SEMANTICS.md	96831657037a	254	theorem	SpecProcess.withOutcomes_recaptures_exactly
docs/SEMANTICS.md	96831657037a	259	def	SpecProcess.withLiveness
docs/SEMANTICS.md	96831657037a	263	def	SpecProcess.withFailures
docs/SEMANTICS.md	96831657037a	267	def	SpecProcess.acceptInput
docs/SEMANTICS.md	96831657037a	271	def	SpecProcess.onResourceExhaustion
docs/SEMANTICS.md	96831657037a	275	theorem	every_spec_modifier_appends_and_recaptures
docs/SEMANTICS.md	96831657037a	278	structure	RelationalSpec
docs/SEMANTICS.md	96831657037a	284	structure	StreamSpec
docs/SEMANTICS.md	96831657037a	290	structure	TraceSpec
docs/SEMANTICS.md	96831657037a	296	structure	ProtocolSpec
docs/SEMANTICS.md	96831657037a	302	def	SpecProcess.fromRelationalSpec
docs/SEMANTICS.md	96831657037a	303	def	SpecProcess.fromStreamSpec
docs/SEMANTICS.md	96831657037a	304	def	SpecProcess.fromTraceSpec
docs/SEMANTICS.md	96831657037a	305	def	SpecProcess.fromProtocolSpec
docs/SEMANTICS.md	96831657037a	307	theorem	natural_frontends_denote_one_contract
docs/SEMANTICS.md	96831657037a	310	structure	TargetProjection
docs/SEMANTICS.md	96831657037a	355	theorem	prevents
docs/SEMANTICS.md	96831657037a	427	inductive	RequirementKind
docs/SEMANTICS.md	96831657037a	432	structure	TheoremDemand
docs/SEMANTICS.md	96831657037a	438	structure	RequirementFamily
docs/SEMANTICS.md	96831657037a	554	structure	ResponsiveStrategyWitness
docs/SEMANTICS.md	96831657037a	681	structure	only
docs/SPIKE_1.md	c3279d7365d6	95	inductive	HelloOutcome
docs/SPIKE_1.md	c3279d7365d6	99	def	outcomePolicy
docs/SPIKE_1.md	c3279d7365d6	125	def	message
docs/SPIKE_1.md	c3279d7365d6	127	def	resources
docs/SPIKE_1.md	c3279d7365d6	130	def	helloContract
docs/SPIKE_1.md	c3279d7365d6	134	def	helloSpec
docs/SPIKE_1.md	c3279d7365d6	139	theorem	helloSpecCorrect
docs/SPIKE_1.md	c3279d7365d6	143	def	spec
docs/SPIKE_1.md	c3279d7365d6	145	def	policy
docs/SPIKE_1.md	c3279d7365d6	151	def	projection
docs/SPIKE_1.md	c3279d7365d6	178	def	plan
docs/SPIKE_1.md	c3279d7365d6	239	def	helloVerified
docs/SPIKE_1.md	c3279d7365d6	258	def	bytes
docs/SPIKE_1.md	c3279d7365d6	276	inductive	ProviderWriteCause
docs/SPIKE_1.md	c3279d7365d6	281	structure	HelloObservation
docs/SPIKE_1.md	c3279d7365d6	286	def	HelloObservation.Accepts
docs/SPIKE_1.md	c3279d7365d6	413	def	win32WriteAll
docs/SPIKE_1.md	c3279d7365d6	446	theorem	loop_partition
docs/SPIKE_1.md	c3279d7365d6	447	theorem	loop_output_prefix
docs/SPIKE_1.md	c3279d7365d6	448	theorem	positive_write_decreases
docs/SPIKE_1.md	c3279d7365d6	449	theorem	loop_internal_termination
docs/SPIKE_1.md	c3279d7365d6	450	theorem	win32WriteAll_refines
docs/SPIKE_1.md	c3279d7365d6	451	theorem	chunkSchedule_refines
docs/SPIKE_1.md	c3279d7365d6	680	structure	PendingWriteInvariant
docs/SPIKE_1.md	c3279d7365d6	699	structure	PendingExitInvariant
docs/SPIKE_1.md	c3279d7365d6	783	def	helloCertificate
docs/SPIKE_1.md	c3279d7365d6	823	def	helloSource
docs/SPIKE_1.md	c3279d7365d6	931	theorem	hello_erasure
docs/SPIKE_1.md	c3279d7365d6	989	theorem	pe_write_parse
docs/SPIKE_1.md	c3279d7365d6	993	theorem	pe_parse_canonical
docs/SPIKE_1.md	c3279d7365d6	996	theorem	emission_exact
docs/SPIKE_1.md	c3279d7365d6	999	theorem	hello_artifact_connection
docs/SPIKE_1.md	c3279d7365d6	1004	theorem	loaded_execution_connected
docs/SPIKE_1.md	c3279d7365d6	1022	theorem	loaded_initial_valid
docs/SPIKE_1.md	c3279d7365d6	1034	theorem	image_loadable
docs/SPIKE_1.md	c3279d7365d6	1046	theorem	emitted_excess_count_containment
docs/SPIKE_1.md	c3279d7365d6	1121	theorem	spike1_emitted_sound
docs/SPIKE_1.md	c3279d7365d6	1280	def	policy
docs/SPIKE_1.md	c3279d7365d6	1286	def	projection
docs/SPIKE_1.md	c3279d7365d6	1292	def	plan
docs/SPIKE_1.md	c3279d7365d6	1295	def	payload
docs/SPIKE_1.md	c3279d7365d6	1297	def	helloStatics
docs/SPIKE_1.md	c3279d7365d6	1301	def	helloSource
docs/SPIKE_1.md	c3279d7365d6	1364	def	helloVerified
docs/SPIKE_1.md	c3279d7365d6	1369	def	bytes
docs/SPIKE_1.md	c3279d7365d6	1383	def	resources
docs/SPIKE_1.md	c3279d7365d6	1386	def	message
docs/SPIKE_1.md	c3279d7365d6	1388	inductive	HelloOutcome
docs/SPIKE_1.md	c3279d7365d6	1392	def	outcomePolicy
docs/SPIKE_1.md	c3279d7365d6	1398	def	helloContract
docs/SPIKE_1.md	c3279d7365d6	1402	def	helloSpec
docs/SPIKE_1.md	c3279d7365d6	1407	theorem	helloSpecCorrect
docs/SPIKE_1.md	c3279d7365d6	1411	def	spec
docs/SPIKE_2.md	4dedf941ac78	59	def	format
docs/SPIKE_2.md	4dedf941ac78	60	def	order
docs/SPIKE_2.md	4dedf941ac78	68	inductive	SortOutcome
docs/SPIKE_2.md	4dedf941ac78	71	structure	Occurrence
docs/SPIKE_2.md	4dedf941ac78	75	def	Occurrence.le
docs/SPIKE_2.md	4dedf941ac78	78	def	stableSorted
docs/SPIKE_2.md	4dedf941ac78	99	def	resources
docs/SPIKE_2.md	4dedf941ac78	104	def	lineStreamFormat
docs/SPIKE_2.md	4dedf941ac78	107	def	lineParserRequirement
docs/SPIKE_2.md	4dedf941ac78	111	def	sortSuite
docs/SPIKE_2.md	4dedf941ac78	118	def	sortSpec
docs/SPIKE_2.md	4dedf941ac78	125	theorem	sortSpecCorrect
docs/SPIKE_2.md	4dedf941ac78	130	theorem	successfulTraceIffStableSorted
docs/SPIKE_2.md	4dedf941ac78	138	def	spec
docs/SPIKE_2.md	4dedf941ac78	140	def	policy
docs/SPIKE_2.md	4dedf941ac78	146	def	projection
docs/SPIKE_2.md	4dedf941ac78	162	def	plan
docs/SPIKE_2.md	4dedf941ac78	172	def	sortVerified
docs/SPIKE_2.md	4dedf941ac78	179	def	bytes
docs/SPIKE_2.md	4dedf941ac78	201	def	ByteLineFormat.decode
docs/SPIKE_2.md	4dedf941ac78	202	def	ByteLineFormat.encode
docs/SPIKE_2.md	4dedf941ac78	204	theorem	decode_ordinals
docs/SPIKE_2.md	4dedf941ac78	241	inductive	SortOutcome
docs/SPIKE_2.md	4dedf941ac78	247	inductive	SortFailureCause
docs/SPIKE_2.md	4dedf941ac78	255	structure	SortObservation
docs/SPIKE_2.md	4dedf941ac78	261	def	SortObservation.Accepts
docs/SPIKE_2.md	4dedf941ac78	296	def	sortProcessRealization
docs/SPIKE_2.md	4dedf941ac78	299	theorem	sortProcessPlan_realizes
docs/SPIKE_2.md	4dedf941ac78	334	inductive	SortPhase
docs/SPIKE_2.md	4dedf941ac78	392	structure	PhysicalLineDesc
docs/SPIKE_2.md	4dedf941ac78	396	def	LineDesc
docs/SPIKE_2.md	4dedf941ac78	400	theorem	lineDesc_size
docs/SPIKE_2.md	4dedf941ac78	401	theorem	lineDesc_addr
docs/SPIKE_2.md	4dedf941ac78	405	structure	SortStorage
docs/SPIKE_2.md	4dedf941ac78	435	inductive	ReallocResult
docs/SPIKE_2.md	4dedf941ac78	472	def	outputBuffer
docs/SPIKE_2.md	4dedf941ac78	475	structure	BufferedStdoutState
docs/SPIKE_2.md	4dedf941ac78	501	structure	StableSortContract
docs/SPIKE_2.md	4dedf941ac78	557	def	stableSortModel
docs/SPIKE_2.md	4dedf941ac78	560	theorem	stableSortModelCorrect
docs/SPIKE_2.md	4dedf941ac78	564	def	sortAlgorithmScope
docs/SPIKE_2.md	4dedf941ac78	570	theorem	sortSourceRefinesModel
docs/SPIKE_2.md	4dedf941ac78	575	theorem	stableSortContractConnects
docs/SPIKE_2.md	4dedf941ac78	627	def	SortFrame
docs/SPIKE_2.md	4dedf941ac78	675	def	sortSource
docs/SPIKE_2.md	4dedf941ac78	1301	theorem	sort_erasure
docs/SPIKE_2.md	4dedf941ac78	1331	theorem	emission_exact
docs/SPIKE_2.md	4dedf941ac78	1334	theorem	pe_round_trip
docs/SPIKE_2.md	4dedf941ac78	1337	theorem	sort_emitted_sound
docs/SPIKE_2.md	4dedf941ac78	1461	def	policy
docs/SPIKE_2.md	4dedf941ac78	1467	def	projection
docs/SPIKE_2.md	4dedf941ac78	1470	def	stableSortContract
docs/SPIKE_2.md	4dedf941ac78	1473	def	stableSortModel
docs/SPIKE_2.md	4dedf941ac78	1476	theorem	stableSortModelCorrect
docs/SPIKE_2.md	4dedf941ac78	1480	def	plan
docs/SPIKE_2.md	4dedf941ac78	1483	def	sortStaticObjects
docs/SPIKE_2.md	4dedf941ac78	1492	structure	PhysicalLineDesc
docs/SPIKE_2.md	4dedf941ac78	1496	def	LineDesc
docs/SPIKE_2.md	4dedf941ac78	1498	structure	SortFrameLayout
docs/SPIKE_2.md	4dedf941ac78	1525	def	SortFrame
docs/SPIKE_2.md	4dedf941ac78	1527	def	compareRecords
docs/SPIKE_2.md	4dedf941ac78	1561	def	flushOutput
docs/SPIKE_2.md	4dedf941ac78	1601	def	bufferAppend
docs/SPIKE_2.md	4dedf941ac78	1639	def	failureExit
docs/SPIKE_2.md	4dedf941ac78	1645	def	sortConstructorClosure
docs/SPIKE_2.md	4dedf941ac78	1652	def	sortSource
docs/SPIKE_2.md	4dedf941ac78	2014	def	lineParserScope
docs/SPIKE_2.md	4dedf941ac78	2020	def	lineParserRepresentation
docs/SPIKE_2.md	4dedf941ac78	2030	def	sortAlgorithmScope
docs/SPIKE_2.md	4dedf941ac78	2036	def	lineDescRepresentation
docs/SPIKE_2.md	4dedf941ac78	2049	theorem	sortSourceRefinesModel
docs/SPIKE_2.md	4dedf941ac78	2054	def	sortAlgorithmRequirement
docs/SPIKE_2.md	4dedf941ac78	2057	theorem	stableSortContractConnects
docs/SPIKE_2.md	4dedf941ac78	2062	def	sortImplementationBinding
docs/SPIKE_2.md	4dedf941ac78	2080	def	parserWitness
docs/SPIKE_2.md	4dedf941ac78	2087	def	sortVerified
docs/SPIKE_2.md	4dedf941ac78	2094	def	bytes
docs/SPIKE_2.md	4dedf941ac78	2109	def	resources
docs/SPIKE_2.md	4dedf941ac78	2114	def	format
docs/SPIKE_2.md	4dedf941ac78	2116	def	order
docs/SPIKE_2.md	4dedf941ac78	2118	inductive	SortOutcome
docs/SPIKE_2.md	4dedf941ac78	2124	structure	Occurrence
docs/SPIKE_2.md	4dedf941ac78	2128	def	Occurrence.le
docs/SPIKE_2.md	4dedf941ac78	2131	def	stableSorted
docs/SPIKE_2.md	4dedf941ac78	2141	def	lineStreamFormat
docs/SPIKE_2.md	4dedf941ac78	2144	def	lineParserRequirement
docs/SPIKE_2.md	4dedf941ac78	2148	def	sortSuite
docs/SPIKE_2.md	4dedf941ac78	2157	def	sortSpec
docs/SPIKE_2.md	4dedf941ac78	2164	theorem	sortSpecCorrect
docs/SPIKE_2.md	4dedf941ac78	2169	theorem	successfulTraceIffStableSorted
docs/SPIKE_2.md	4dedf941ac78	2177	def	spec
docs/SPIKE_AUTHORING.md	8223f722f257	87	theorem	or
docs/SPIKE_AUTHORING.md	8223f722f257	170	theorem	annotated_authored_source_exact
docs/SPIKE_AUTHORING.md	8223f722f257	173	theorem	typed_source_closure_exact
docs/SPIKE_AUTHORING.md	8223f722f257	176	theorem	constructor_expansion_exact
docs/SPIKE_AUTHORING.md	8223f722f257	179	theorem	process_cfg_extraction_exact
docs/SPIKE_AUTHORING.md	8223f722f257	182	theorem	machine_manifest_exact
docs/SPIKE_AUTHORING.md	8223f722f257	185	theorem	residual_goal_report_exact
docs/SPIKE_AUTHORING.md	8223f722f257	188	theorem	emitted_artifact_exact
docs/SPIKE_AUTHORING.md	8223f722f257	191	theorem	generated_evidence_not_authored
docs/SPIKE_AUTHORING.md	8223f722f257	194	theorem	every_concise_step_has_authority
docs/SPIKE_PROOF_BURDEN.md	6713d9d3c160	14	theorem	type,
docs/STDLIB.md	7052839652a4	15	abbrev	Byte
docs/STDLIB.md	7052839652a4	16	abbrev	ByteArray
docs/VISION.md	c57bfdda5dda	68	structure	may
Grass/Assembly/SourceWitness.lean	6c3ae45a64fa	16	structure	Inputs
Grass/Assembly/SourceWitness.lean	6c3ae45a64fa	23	structure	Result
Grass/Assembly/SourceWitness.lean	6c3ae45a64fa	44	def	produce?
Grass/Assembly/SourceWitness.lean	6c3ae45a64fa	73	theorem	eq_some_get
Grass/Assembly/WriteAllGuardSource.lean	74ce14bc2b77	13	def	loadInstruction
Grass/Assembly/WriteAllGuardSource.lean	74ce14bc2b77	14	def	testInstruction
Grass/Assembly/WriteAllGuardSource.lean	74ce14bc2b77	15	def	zeroInstruction
Grass/Assembly/WriteAllGuardSource.lean	74ce14bc2b77	16	def	cmpInstruction
Grass/Assembly/WriteAllGuardSource.lean	74ce14bc2b77	17	def	aboveInstruction
Grass/Assembly/WriteAllGuardSource.lean	74ce14bc2b77	19	def	branchTargetFor
Grass/Assembly/WriteAllGuardSource.lean	74ce14bc2b77	26	def	labelIndex
Grass/Assembly/WriteAllGuardSource.lean	74ce14bc2b77	30	structure	Candidate
Grass/Assembly/WriteAllGuardSource.lean	74ce14bc2b77	41	def	Candidate.Valid
Grass/Assembly/WriteAllGuardSource.lean	74ce14bc2b77	56	structure	Selection
Grass/Assembly/WriteAllGuardSource.lean	74ce14bc2b77	63	def	select?
Grass/Assembly/WriteAllGuardSource.lean	74ce14bc2b77	77	def	headExitInstruction
Grass/Assembly/WriteAllGuardSource.lean	74ce14bc2b77	78	def	failedInstruction
Grass/Assembly/WriteAllGuardSource.lean	74ce14bc2b77	80	structure	PrefixCandidate
Grass/Assembly/WriteAllGuardSource.lean	74ce14bc2b77	89	def	PrefixCandidate.Valid
Grass/Assembly/WriteAllGuardSource.lean	74ce14bc2b77	103	structure	AllSelection
Grass/Assembly/WriteAllGuardSource.lean	74ce14bc2b77	110	def	selectAll?
Grass/Assembly/WriteAllLoopSource.lean	33a4b23ffdfd	14	def	originInstruction
Grass/Assembly/WriteAllLoopSource.lean	33a4b23ffdfd	19	def	headInstruction
Grass/Assembly/WriteAllLoopSource.lean	33a4b23ffdfd	22	def	addInstruction
Grass/Assembly/WriteAllLoopSource.lean	33a4b23ffdfd	25	def	subInstruction
Grass/Assembly/WriteAllLoopSource.lean	33a4b23ffdfd	28	def	jumpInstruction
Grass/Assembly/WriteAllLoopSource.lean	33a4b23ffdfd	30	def	headAnnotations
Grass/Assembly/WriteAllLoopSource.lean	33a4b23ffdfd	34	structure	OutputAt
Grass/Assembly/WriteAllLoopSource.lean	33a4b23ffdfd	38	def	outputAt?
Grass/Assembly/WriteAllLoopSource.lean	33a4b23ffdfd	44	def	branchTarget
Grass/Assembly/WriteAllLoopSource.lean	33a4b23ffdfd	51	structure	Candidate
Grass/Assembly/WriteAllLoopSource.lean	33a4b23ffdfd	60	def	Candidate.Valid
Grass/Assembly/WriteAllLoopSource.lean	33a4b23ffdfd	78	structure	Selection
Grass/Assembly/WriteAllLoopSource.lean	33a4b23ffdfd	84	def	select?
Grass/Assembly/X86.lean	1b3e56ef40db	6	abbrev	ByteArray
Grass/Console/CapturedProjection.lean	a8c3a0239570	18	structure	CapturedTargetProjection
Grass/Console/CapturedProjection.lean	a8c3a0239570	26	def	componentSystem
Grass/Console/CapturedProjection.lean	a8c3a0239570	29	abbrev	componentComplete
Grass/Console/CapturedProjection.lean	a8c3a0239570	32	def	resourceSemantics
Grass/Console/CapturedProjection.lean	a8c3a0239570	37	def	wholeModel
Grass/Console/CapturedProjection.lean	a8c3a0239570	40	theorem	wholeModel_exact
Grass/Console/CapturedProjection.lean	a8c3a0239570	48	theorem	wholeModel_input_exact
Grass/Console/CapturedProjection.lean	a8c3a0239570	63	def	project
Grass/Console/CapturedProjection.lean	a8c3a0239570	68	theorem	project_componentSystem
Grass/Console/CapturedProjection.lean	a8c3a0239570	72	theorem	project_componentComplete
Grass/Console/CapturedProjection.lean	a8c3a0239570	78	theorem	project_withLiveness
Grass/Console/Contract.lean	64abab251e2a	10	structure	LineSyntax
Grass/Console/Contract.lean	64abab251e2a	14	def	lineDemands
Grass/Console/Contract.lean	64abab251e2a	32	def	lineLanguage
Grass/Console/Contract.lean	64abab251e2a	43	def	ofCapturedLine
Grass/Console/Contract.lean	64abab251e2a	49	def	writeLineContract
Grass/Console/ContractCorrect.lean	5c95a284b6fd	7	theorem	observedResponsiveAdequate
Grass/Console/ContractCorrect.lean	5c95a284b6fd	18	theorem	observedTerminatesUnderResponsive
Grass/Console/ContractCorrect.lean	5c95a284b6fd	31	theorem	lineDemandsCorrect
Grass/Console/ContractCorrect.lean	5c95a284b6fd	45	theorem	writeLineContractCorrect
Grass/Console/ObservedBehavior.lean	1c764f0cf800	24	structure	Selection
Grass/Console/ObservedBehavior.lean	1c764f0cf800	30	def	Selection.publicOutcome
Grass/Console/ObservedBehavior.lean	1c764f0cf800	34	inductive	State
Grass/Console/ObservedBehavior.lean	1c764f0cf800	39	inductive	Event
Grass/Console/ObservedBehavior.lean	1c764f0cf800	44	inductive	Choice
Grass/Console/ObservedBehavior.lean	1c764f0cf800	49	def	system
Grass/Console/ObservedBehavior.lean	1c764f0cf800	72	def	initial
Grass/Console/ObservedBehavior.lean	1c764f0cf800	78	inductive	Request
Grass/Console/ObservedBehavior.lean	1c764f0cf800	82	def	protocol
Grass/Console/ObservedBehavior.lean	1c764f0cf800	92	def	boundary
Grass/Console/ObservedBehavior.lean	1c764f0cf800	172	def	model
Grass/Console/ObservedBehavior.lean	1c764f0cf800	198	theorem	advanceStep
Grass/Console/ObservedBehavior.lean	1c764f0cf800	205	theorem	reportStep
Grass/Console/ObservedBehavior.lean	1c764f0cf800	211	theorem	observeStep
Grass/Console/ObservedBehavior.lean	1c764f0cf800	218	def	writingAt
Grass/Console/ObservedBehavior.lean	1c764f0cf800	235	theorem	writingAt_state
Grass/Console/ObservedBehavior.lean	1c764f0cf800	245	def	writingWait
Grass/Console/ObservedBehavior.lean	1c764f0cf800	251	def	reportingAt
Grass/Console/ObservedBehavior.lean	1c764f0cf800	258	theorem	reportingAt_state
Grass/Console/ObservedBehavior.lean	1c764f0cf800	262	def	observe
Grass/Console/ObservedBehavior.lean	1c764f0cf800	268	theorem	observe_terminal
Grass/Console/ObservedBehavior.lean	1c764f0cf800	274	def	reportingWait
Grass/Console/ObservedBehavior.lean	1c764f0cf800	280	theorem	no_observation_while_writing
Grass/Console/ObservedBehavior.lean	1c764f0cf800	291	def	fullCutFailure
Grass/Console/ObservedBehavior.lean	1c764f0cf800	296	theorem	reporting_has_component_terminal
Grass/Console/ObservedBehavior.lean	1c764f0cf800	315	def	rank
Grass/Console/ObservedBehavior.lean	1c764f0cf800	321	theorem	step_rank_decreases
Grass/Console/ObservedBehavior.lean	1c764f0cf800	345	theorem	no_descent
Grass/Console/ObservedBehavior.lean	1c764f0cf800	355	theorem	no_infinite_continuation
Grass/Console/ObservedBehavior.lean	1c764f0cf800	364	theorem	completionAdequate
Grass/Console/ObservedBehavior.lean	1c764f0cf800	389	def	committed
Grass/Console/ObservedBehavior.lean	1c764f0cf800	395	def	emittedBytes
Grass/Console/ObservedBehavior.lean	1c764f0cf800	402	theorem	emittedBytes_append
Grass/Console/ObservedBehavior.lean	1c764f0cf800	409	def	Accounts
Grass/Console/ObservedBehavior.lean	1c764f0cf800	413	theorem	path_accounting_aux
Grass/Console/ObservedBehavior.lean	1c764f0cf800	460	theorem	history_accounting
Grass/Console/ObservedBehavior.lean	1c764f0cf800	473	theorem	reporting_step_exact
Grass/Console/ObservedBehavior.lean	1c764f0cf800	488	def	observeAt
Grass/Console/ObservedBehavior.lean	1c764f0cf800	496	theorem	observeAt_terminal
Grass/Console/ObservedBehavior.lean	1c764f0cf800	502	theorem	observeAt_events
Grass/Console/ObservedBehavior.lean	1c764f0cf800	507	theorem	observeAt_choices
Grass/Console/ObservedEmbedding.lean	67c3a53e2980	13	abbrev	Payload
Grass/Console/ObservedEmbedding.lean	67c3a53e2980	16	inductive	Corresponds
Grass/Console/ObservedEmbedding.lean	67c3a53e2980	22	theorem	Corresponds.pending_observed
Grass/Console/ObservedEmbedding.lean	67c3a53e2980	28	structure	FinishedObserved
Grass/Console/ObservedEmbedding.lean	67c3a53e2980	33	theorem	Corresponds.finished_observed
Grass/Console/ObservedEmbedding.lean	67c3a53e2980	41	inductive	TraceMap
Grass/Console/ObservedEmbedding.lean	67c3a53e2980	57	structure	HistoryEmbedding
Grass/Console/ObservedEmbedding.lean	67c3a53e2980	65	def	embedPath
Grass/Console/ObservedEmbedding.lean	67c3a53e2980	131	def	embedHistory
Grass/Console/ObservedEmbedding.lean	67c3a53e2980	137	def	embedPermanentWait
Grass/Console/ObservedEmbedding.lean	67c3a53e2980	147	theorem	embedPermanentWait_occurrence
Grass/Console/ObservedEmbedding.lean	67c3a53e2980	154	theorem	terminal_embeds_reporting
Grass/Console/ObservedEmbedding.lean	67c3a53e2980	162	theorem	embedded_terminal_not_terminal
Grass/Console/ObservedEmbedding.lean	67c3a53e2980	170	theorem	observeEmbeddedTerminal
Grass/Console/ObservedEmbedding.lean	67c3a53e2980	191	theorem	component_infinite_impossible
Grass/Console/ObservedEmbeddingSteps.lean	6f2bf2dcde0f	14	theorem	embedHistory_advance
Grass/Console/ObservedEmbeddingSteps.lean	6f2bf2dcde0f	42	theorem	embedHistory_finish
Grass/Console/ObservedFrontier.lean	9eab90d3a7a0	15	theorem	terminal_or_permitted_wait
Grass/Console/TargetProjection.lean	bb5c8974eea5	15	structure	TargetProjection
Grass/Console/TargetProjection.lean	bb5c8974eea5	23	def	payload
Grass/Console/TargetProjection.lean	bb5c8974eea5	26	def	componentSystem
Grass/Console/TargetProjection.lean	bb5c8974eea5	29	abbrev	componentComplete
Grass/Console/TargetProjection.lean	bb5c8974eea5	32	def	status
Grass/Console/TargetProjection.lean	bb5c8974eea5	36	theorem	componentSystem_exact
Grass/Console/TargetProjection.lean	bb5c8974eea5	40	theorem	componentComplete_exact
Grass/Console/TargetProjection.lean	bb5c8974eea5	44	theorem	terminal_accounting
Grass/Console/TargetProjection.lean	bb5c8974eea5	52	def	waitingAt
Grass/Console/TargetProjection.lean	bb5c8974eea5	56	def	terminalAt
Grass/Console/TargetProjection.lean	bb5c8974eea5	62	def	utf8CRLF
Grass/Console/TargetProjection.lean	bb5c8974eea5	66	theorem	utf8CRLF_payload
Grass/Console/TargetProjection.lean	bb5c8974eea5	71	def	successOrFailure
Grass/Console/TargetProjection.lean	bb5c8974eea5	74	theorem	success_status
Grass/Console/TargetProjection.lean	bb5c8974eea5	77	theorem	writeFailed_status
Grass/Console/TargetProjection.lean	bb5c8974eea5	80	theorem	noProgress_status
Grass/Console/TargetProjection.lean	bb5c8974eea5	83	theorem	unavailable_status
Grass/Frontend/AssemblySyntax.lean	7bdd3d228df7	18	def	assemblyBody
Grass/Frontend/AssemblySyntax.lean	7bdd3d228df7	22	def	assemblyBodyFormatter
Grass/Frontend/AssemblySyntax.lean	7bdd3d228df7	26	def	assemblyBodyParenthesizer
Grass/Frontend/AssemblySyntax.lean	7bdd3d228df7	52	def	helloAssemblyDefinition
Grass/Frontend/AssemblySyntax.lean	7bdd3d228df7	61	def	exactSource
Grass/Frontend/AssemblySyntax.lean	7bdd3d228df7	71	def	identifiers
Grass/Frontend/AssemblySyntax.lean	7bdd3d228df7	75	def	elabHelloAssemblyDefinition
Grass/Frontend/AssemblySyntax.lean	7bdd3d228df7	87	def	$name
Grass/Frontend/Source.lean	3d3ea32956b2	10	structure	Layout
Grass/Frontend/Source.lean	3d3ea32956b2	16	def	win10Layout
Grass/Frontend/Source.lean	3d3ea32956b2	28	def	PlatformPlan.layout
Grass/Frontend/Source.lean	3d3ea32956b2	36	structure	Construction
Grass/Frontend/Source.lean	3d3ea32956b2	48	def	construct?
Grass/Frontend/Source.lean	3d3ea32956b2	71	inductive	SourceIngress
Grass/Frontend/Source.lean	3d3ea32956b2	78	structure	MachineSource
Grass/Frontend/Source.lean	3d3ea32956b2	90	def	ofHello?
Grass/Frontend/Source.lean	3d3ea32956b2	99	theorem	ofHello?_inputs
Grass/Frontend/Target.lean	97db4f794099	9	inductive	Target
Grass/Frontend/Target.lean	97db4f794099	14	inductive	TargetOutcomeProjection
Grass/Frontend/Target.lean	97db4f794099	21	def	encode
Grass/Frontend/Target.lean	97db4f794099	28	theorem	encode_success
Grass/Frontend/Target.lean	97db4f794099	32	theorem	encode_failure
Grass/Frontend/Target.lean	97db4f794099	38	inductive	TargetNewline
Grass/Frontend/Target.lean	97db4f794099	42	inductive	TargetEncoding
Grass/Frontend/Target.lean	97db4f794099	47	inductive	TargetProjection
Grass/Frontend/Target.lean	97db4f794099	59	def	view
Grass/Frontend/Target.lean	97db4f794099	63	def	outcome
Grass/Frontend/Target.lean	97db4f794099	67	def	rendering
Grass/Frontend/Target.lean	97db4f794099	71	def	encodeLine
Grass/Frontend/Target.lean	97db4f794099	76	def	captured
Grass/Frontend/Target.lean	97db4f794099	80	theorem	payload_exact
Grass/Frontend/Target.lean	97db4f794099	83	theorem	encodeLine_exact
Grass/Frontend/Target.lean	97db4f794099	94	structure	DriverBoundaryView
Grass/Frontend/Target.lean	97db4f794099	98	def	writeLineCapability
Grass/Frontend/Target.lean	97db4f794099	101	def	DriverBoundaryView.requirements
Grass/Frontend/Target.lean	97db4f794099	106	def	SpecProcess.driverBoundary
Grass/Frontend/Target.lean	97db4f794099	113	inductive	PlatformPlan
Grass/Refinement/Console/WriteAllBody.lean	c0aee8e4b2b5	18	def	sourceLoad
Grass/Refinement/Console/WriteAllBody.lean	c0aee8e4b2b5	50	theorem	sourceLoad_result
Grass/Refinement/Console/WriteAllBody.lean	c0aee8e4b2b5	79	theorem	load_operand
Grass/Refinement/Console/WriteAllBody.lean	c0aee8e4b2b5	98	theorem	load_destination
Grass/Refinement/Console/WriteAllBody.lean	c0aee8e4b2b5	105	theorem	load_gpr_frame
Grass/Refinement/Console/WriteAllBody.lean	c0aee8e4b2b5	114	theorem	cursor_after_load_checks
Grass/Refinement/Console/WriteAllBody.lean	c0aee8e4b2b5	131	structure	FactoryLoad
Grass/Refinement/Console/WriteAllBody.lean	c0aee8e4b2b5	154	def	FactoryLoad.source
Grass/Refinement/Console/WriteAllBody.lean	c0aee8e4b2b5	161	theorem	FactoryLoad.result_exact
Grass/Refinement/Console/WriteAllBody.lean	c0aee8e4b2b5	168	theorem	FactoryLoad.actual_result
Grass/Refinement/Console/WriteAllBody.lean	c0aee8e4b2b5	176	theorem	FactoryLoad.descriptor_exact
Grass/Refinement/Console/WriteAllBody.lean	c0aee8e4b2b5	191	structure	Run
Grass/Refinement/Console/WriteAllBody.lean	c0aee8e4b2b5	206	theorem	Run.reenters_head
Grass/Refinement/Console/WriteAllBody.lean	c0aee8e4b2b5	262	theorem	Run.returned_reenters_head
Grass/Refinement/Console/WriteAllFactory.lean	181d33344b5c	16	def	update
Grass/Refinement/Console/WriteAllFactory.lean	181d33344b5c	31	theorem	update_result
Grass/Refinement/Console/WriteAllFactory.lean	181d33344b5c	50	theorem	update_fetches
Grass/Refinement/Console/WriteAllFactory.lean	181d33344b5c	71	theorem	update_reenters_head
Grass/Refinement/Console/WriteAllGuards.lean	fc01305b100a	12	theorem	source_branch_target
Grass/Refinement/Console/WriteAllGuards.lean	fc01305b100a	59	structure	SameCodeSite
Grass/Refinement/Console/WriteAllGuards.lean	fc01305b100a	73	structure	SourceChecks
Grass/Refinement/Console/WriteAllGuards.lean	fc01305b100a	89	theorem	SourceChecks.zero_target
Grass/Refinement/Console/WriteAllGuards.lean	fc01305b100a	101	theorem	SourceChecks.above_target
Grass/Refinement/Console/WriteAllGuards.lean	fc01305b100a	114	structure	TestZeroRun
Grass/Refinement/Console/WriteAllGuards.lean	fc01305b100a	123	def	TestZeroRun.result
Grass/Refinement/Console/WriteAllGuards.lean	fc01305b100a	126	theorem	TestZeroRun.zero_flag
Grass/Refinement/Console/WriteAllGuards.lean	fc01305b100a	138	structure	SourceGuard
Grass/Refinement/Console/WriteAllGuards.lean	fc01305b100a	148	theorem	source_failure_target
Grass/Refinement/Console/WriteAllGuards.lean	fc01305b100a	159	theorem	source_success_target
Grass/Refinement/Console/WriteAllGuards.lean	fc01305b100a	174	structure	SourceGuards
Grass/Refinement/Console/WriteAllGuards.lean	fc01305b100a	191	theorem	SourceGuards.head_target
Grass/Refinement/Console/WriteAllGuards.lean	fc01305b100a	204	theorem	SourceGuards.failure_target
Grass/Refinement/Console/WriteAllHead.lean	a5bbd561664c	12	structure	AuthoredUpdate
Grass/Refinement/Console/WriteAllHead.lean	a5bbd561664c	20	theorem	AuthoredUpdate.target_is_head
Grass/Refinement/Console/WriteAllHead.lean	a5bbd561664c	33	theorem	AuthoredUpdate.rip_head
Grass/Refinement/Console/WriteAllHead.lean	a5bbd561664c	44	theorem	AuthoredUpdate.reenters_head
Grass/Refinement/Console/WriteAllX86.lean	8f1b3266775f	18	theorem	test_eax_zero
Grass/Refinement/Console/WriteAllX86.lean	8f1b3266775f	31	theorem	cmp_count_no_violation
Grass/Refinement/Console/WriteAllX86.lean	8f1b3266775f	56	structure	CursorRegisters
Grass/Refinement/Console/WriteAllX86.lean	8f1b3266775f	65	structure	UpdateRun
Grass/Refinement/Console/WriteAllX86.lean	8f1b3266775f	77	def	UpdateRun.result
Grass/Refinement/Console/WriteAllX86.lean	8f1b3266775f	79	theorem	UpdateRun.pointer_exact
Grass/Refinement/Console/WriteAllX86.lean	8f1b3266775f	86	theorem	UpdateRun.remaining_exact
Grass/Refinement/Console/WriteAllX86.lean	8f1b3266775f	97	theorem	UpdateRun.rip_target
Grass/Refinement/Console/WriteAllX86.lean	8f1b3266775f	100	theorem	UpdateRun.gpr_frame
Grass/Refinement/Console/WriteAllX86.lean	8f1b3266775f	106	theorem	UpdateRun.state_frame
Grass/Refinement/Console/WriteAllX86.lean	8f1b3266775f	113	theorem	UpdateRun.events_append
Grass/Refinement/Console/WriteAllX86.lean	8f1b3266775f	123	theorem	UpdateRun.cursor_advanced
Grass/Refinement/Console/WriteAllX86.lean	8f1b3266775f	157	structure	SourceUpdate
Grass/Refinement/Console/WriteAllX86.lean	8f1b3266775f	180	theorem	SourceUpdate.rip_source_target
Grass/Refinement/Console/WriteAllX86.lean	8f1b3266775f	220	theorem	retry_observed
Grass/Refinement/Console/WriteFileConsoleHistory.lean	de3157cffb76	30	def	extendConsole?
Grass/Refinement/Console/WriteFileConsoleHistory.lean	de3157cffb76	49	theorem	extendConsole?_accepted
Grass/Refinement/Console/WriteFileConsoleHistory.lean	de3157cffb76	59	theorem	extendConsole?_target
Grass/Refinement/Console/WriteFileConsoleHistory.lean	de3157cffb76	71	theorem	extendConsole?_start
Grass/Refinement/Console/WriteFileConsoleHistory.lean	de3157cffb76	77	theorem	extendConsole?_endpoint
Grass/Refinement/Console/WriteFileConsoleHistory.lean	de3157cffb76	85	theorem	extendConsole?_positive
Grass/Refinement/Console/WriteFileConsoleHistory.lean	de3157cffb76	93	theorem	extendConsole?_positive_events
Grass/Refinement/Console/WriteFileConsoleHistory.lean	de3157cffb76	102	theorem	extendConsole?_zero
Grass/Refinement/Console/WriteFileConsoleHistory.lean	de3157cffb76	112	theorem	extendConsole?_failed_return
Grass/Refinement/Console/WriteFileCountAddress.lean	185896a601f9	20	structure	SourceLea
Grass/Refinement/Console/WriteFileCountAddress.lean	185896a601f9	35	def	SourceLea.argument
Grass/Refinement/Console/WriteFileCountAddress.lean	185896a601f9	40	theorem	SourceLea.stack_selected
Grass/Refinement/Console/WriteFileCountAddress.lean	185896a601f9	51	theorem	SourceLea.argument_width
Grass/Refinement/Console/WriteFileCountAddress.lean	185896a601f9	58	theorem	SourceLea.load_stack_same
Grass/Refinement/Console/WriteFileCountAddress.lean	185896a601f9	71	theorem	SourceLea.load_provenance
Grass/Refinement/Console/WriteFileCountAddress.lean	185896a601f9	89	theorem	SourceLea.argument_address
Grass/Refinement/Console/WriteFileCountAddress.lean	185896a601f9	110	theorem	SourceLea.argument_address_toNat
Grass/Refinement/Console/WriteFileCountAddress.lean	185896a601f9	127	theorem	SourceLea.load_address_same
Grass/Refinement/Console/WriteFileCountAddress.lean	185896a601f9	140	theorem	SourceLea.load_range_same
Grass/Refinement/Console/WriteFileCountAddress.lean	185896a601f9	149	theorem	SourceLea.authored_operand
Grass/Refinement/Console/WriteFileCountArgument.lean	36a8e228ba87	19	def	argument
Grass/Refinement/Console/WriteFileCountArgument.lean	36a8e228ba87	27	theorem	argument_width
Grass/Refinement/Console/WriteFileCountArgument.lean	36a8e228ba87	36	theorem	argument_origin
Grass/Refinement/Console/WriteFileCountArgument.lean	36a8e228ba87	48	theorem	argument_stack_selected
Grass/Refinement/Console/WriteFileCountArgument.lean	36a8e228ba87	59	theorem	stack_same
Grass/Refinement/Console/WriteFileCountArgument.lean	36a8e228ba87	68	theorem	address_same
Grass/Refinement/Console/WriteFileCountEntry.lean	8645b0bfc2e3	19	def	prepareCountCall?
Grass/Refinement/Console/WriteFileCountEntry.lean	8645b0bfc2e3	36	theorem	prepareCountCall?_slot
Grass/Refinement/Console/WriteFileCountEntry.lean	8645b0bfc2e3	54	theorem	body_base
Grass/Refinement/Console/WriteFileCountEntry.lean	8645b0bfc2e3	84	theorem	body_frame
Grass/Refinement/Console/WriteFileCountEntry.lean	8645b0bfc2e3	105	theorem	body_argument
Grass/Refinement/Console/WriteFileCountEntry.lean	8645b0bfc2e3	131	theorem	returned_body
Grass/Refinement/Console/WriteFileEventualNonresponse.lean	b44e9baade2c	27	theorem	Aligned.eventually_fixedNonresponse
Grass/Refinement/Console/WriteFileFinalize.lean	7472048c961d	22	abbrev	resume_pack
Grass/Refinement/Console/WriteFileFinalize.lean	7472048c961d	24	abbrev	resume_caller_registered
Grass/Refinement/Console/WriteFileFinalize.lean	7472048c961d	26	abbrev	finalized_fields
Grass/Refinement/Console/WriteFileFinalize.lean	7472048c961d	28	abbrev	finalized_control
Grass/Refinement/Console/WriteFileFinalize.lean	7472048c961d	32	theorem	finalized_logs
Grass/Refinement/Console/WriteFileFinalize.lean	7472048c961d	49	theorem	finalized_protocol
Grass/Refinement/Console/WriteFileFinalize.lean	7472048c961d	65	theorem	returned_control
Grass/Refinement/Console/WriteFileHistory.lean	8234fc4384a4	25	structure	Start
Grass/Refinement/Console/WriteFileHistory.lean	8234fc4384a4	38	def	HandoffRelation
Grass/Refinement/Console/WriteFileHistory.lean	8234fc4384a4	44	def	RootAligned
Grass/Refinement/Console/WriteFileHistory.lean	8234fc4384a4	50	abbrev	Located
Grass/Refinement/Console/WriteFileHistory.lean	8234fc4384a4	54	def	positiveUpper
Grass/Refinement/Console/WriteFileHistory.lean	8234fc4384a4	70	def	advanceUpper
Grass/Refinement/Console/WriteFileHistory.lean	8234fc4384a4	85	def	fold
Grass/Refinement/Console/WriteFileHistory.lean	8234fc4384a4	99	structure	Aligned
Grass/Refinement/Console/WriteFileHistory.lean	8234fc4384a4	111	def	upper
Grass/Refinement/Console/WriteFileHistory.lean	8234fc4384a4	114	def	endpoint
Grass/Refinement/Console/WriteFileHistory.lean	8234fc4384a4	117	theorem	upper_located
Grass/Refinement/Console/WriteFileHistory.lean	8234fc4384a4	121	theorem	endpoint_full
Grass/Refinement/Console/WriteFileHistory.lean	8234fc4384a4	133	def	extend
Grass/Refinement/Console/WriteFileHistory.lean	8234fc4384a4	138	theorem	history_transport
Grass/Refinement/Console/WriteFileHistory.lean	8234fc4384a4	150	def	alignedAt
Grass/Refinement/Console/WriteFileHistory.lean	8234fc4384a4	160	theorem	alignedAt_start
Grass/Refinement/Console/WriteFileHistory.lean	8234fc4384a4	167	theorem	alignedAt_zero_upper
Grass/Refinement/Console/WriteFileHistory.lean	8234fc4384a4	173	theorem	extend_start
Grass/Refinement/Console/WriteFileHistory.lean	8234fc4384a4	179	theorem	extend_zero
Grass/Refinement/Console/WriteFileHistory.lean	8234fc4384a4	188	theorem	alignedAt_fixed_upper
Grass/Refinement/Console/WriteFileHistory.lean	8234fc4384a4	199	def	publicationPath
Grass/Refinement/Console/WriteFileHistory.lean	8234fc4384a4	213	theorem	extend_positive
Grass/Refinement/Console/WriteFileHistory.lean	8234fc4384a4	223	theorem	extend_positive_events
Grass/Refinement/Console/WriteFileHistory.lean	8234fc4384a4	238	theorem	extend_positive_choices
Grass/Refinement/Console/WriteFileHistory.lean	8234fc4384a4	256	theorem	output_exact
Grass/Refinement/Console/WriteFileLoad.lean	383a9fc2ae18	15	theorem	read_value
Grass/Refinement/Console/WriteFileLoad.lean	383a9fc2ae18	48	theorem	load_value
Grass/Refinement/Console/WriteFileLoad.lean	383a9fc2ae18	72	theorem	test_gpr
Grass/Refinement/Console/WriteFileLoad.lean	383a9fc2ae18	79	theorem	cmp_gpr
Grass/Refinement/Console/WriteFileLoad.lean	383a9fc2ae18	88	structure	CountChecks
Grass/Refinement/Console/WriteFileLoad.lean	383a9fc2ae18	104	def	CountChecks.result
Grass/Refinement/Console/WriteFileLoad.lean	383a9fc2ae18	106	theorem	CountChecks.gpr_frame
Grass/Refinement/Console/WriteFileLoad.lean	383a9fc2ae18	111	theorem	CountChecks.memory_frame
Grass/Refinement/Console/WriteFileLoad.lean	383a9fc2ae18	116	theorem	CountChecks.positive_fallthrough
Grass/Refinement/Console/WriteFileLoad.lean	383a9fc2ae18	128	theorem	CountChecks.bounded_fallthrough
Grass/Refinement/Console/WriteFileLoad.lean	383a9fc2ae18	139	theorem	checked_load_value
Grass/Refinement/Console/WriteFileNonresponse.lean	a92147139819	27	structure	Stalled
Grass/Refinement/Console/WriteFileNonresponse.lean	a92147139819	36	def	waiting
Grass/Refinement/Console/WriteFileNonresponse.lean	a92147139819	40	def	complete
Grass/Refinement/Console/WriteFileNonresponse.lean	a92147139819	43	theorem	same_cut
Grass/Refinement/Console/WriteFileNonresponse.lean	a92147139819	47	theorem	pending
Grass/Refinement/Console/WriteFileNonresponse.lean	a92147139819	54	structure	FixedNonresponse
Grass/Refinement/Console/WriteFileNonresponse.lean	a92147139819	62	def	waiting
Grass/Refinement/Console/WriteFileNonresponse.lean	a92147139819	66	def	complete
Grass/Refinement/Console/WriteFileNonresponse.lean	a92147139819	70	def	historyAt
Grass/Refinement/Console/WriteFileNonresponse.lean	a92147139819	74	def	alignedAt
Grass/Refinement/Console/WriteFileNonresponse.lean	a92147139819	78	theorem	upper_at
Grass/Refinement/Console/WriteFileNonresponse.lean	a92147139819	82	theorem	cut_at
Grass/Refinement/Console/WriteFileNonresponse.lean	a92147139819	90	theorem	output_empty
Grass/Refinement/Console/WriteFileNonresponse.lean	a92147139819	93	theorem	pending_at
Grass/Refinement/Console/WriteFileNonresponse.lean	a92147139819	97	theorem	same_cut
Grass/Refinement/Console/WriteFileObserved.lean	72ee83073f66	28	abbrev	observedModel
Grass/Refinement/Console/WriteFileObserved.lean	72ee83073f66	32	def	rootHistory
Grass/Refinement/Console/WriteFileObserved.lean	72ee83073f66	38	def	rootComplete
Grass/Refinement/Console/WriteFileObserved.lean	72ee83073f66	44	def	observedEmbedding
Grass/Refinement/Console/WriteFileObserved.lean	72ee83073f66	48	def	observedHistory
Grass/Refinement/Console/WriteFileObserved.lean	72ee83073f66	51	def	rootObservedHistory
Grass/Refinement/Console/WriteFileObserved.lean	72ee83073f66	54	theorem	observed_located
Grass/Refinement/Console/WriteFileObserved.lean	72ee83073f66	61	def	observed_trace
Grass/Refinement/Console/WriteFileObserved.lean	72ee83073f66	67	theorem	observed_bytes
Grass/Refinement/Console/WriteFileObserved.lean	72ee83073f66	74	theorem	observed_output_exact
Grass/Refinement/Console/WriteFileObserved.lean	72ee83073f66	85	theorem	observed_extend_zero
Grass/Refinement/Console/WriteFileObserved.lean	72ee83073f66	96	def	observedPublicationPath
Grass/Refinement/Console/WriteFileObserved.lean	72ee83073f66	111	theorem	observed_extend_positive
Grass/Refinement/Console/WriteFileObserved.lean	72ee83073f66	135	def	observedWait
Grass/Refinement/Console/WriteFileObserved.lean	72ee83073f66	139	theorem	observed_same_cut
Grass/Refinement/Console/WriteFileObserved.lean	72ee83073f66	143	def	observedComplete
Grass/Refinement/Console/WriteFileObserved.lean	72ee83073f66	146	def	rootObservedComplete
Grass/Refinement/Console/WriteFileObserved.lean	72ee83073f66	155	theorem	observed_at
Grass/Refinement/Console/WriteFileObserved.lean	72ee83073f66	161	def	observedWait
Grass/Refinement/Console/WriteFileObserved.lean	72ee83073f66	165	theorem	observed_same_cut
Grass/Refinement/Console/WriteFileObserved.lean	72ee83073f66	168	def	observedComplete
Grass/Refinement/Console/WriteFileObserved.lean	72ee83073f66	171	def	rootObservedComplete
Grass/Refinement/Console/WriteFileObserved.lean	72ee83073f66	180	def	reportingSelection
Grass/Refinement/Console/WriteFileObserved.lean	72ee83073f66	188	def	reportingEmbedding
Grass/Refinement/Console/WriteFileObserved.lean	72ee83073f66	196	def	reportingHistory
Grass/Refinement/Console/WriteFileObserved.lean	72ee83073f66	201	def	rootReportingHistory
Grass/Refinement/Console/WriteFileObserved.lean	72ee83073f66	206	theorem	reporting_located
Grass/Refinement/Console/WriteFileObserved.lean	72ee83073f66	216	def	reportingPath
Grass/Refinement/Console/WriteFileObserved.lean	72ee83073f66	228	theorem	reporting_append
Grass/Refinement/Console/WriteFileObserved.lean	72ee83073f66	237	theorem	reporting_not_terminal
Grass/Refinement/Console/WriteFileObserved.lean	72ee83073f66	245	theorem	reporting_no_republication
Grass/Refinement/Console/WriteFileObserved.lean	72ee83073f66	254	theorem	reporting_outcome
Grass/Refinement/Console/WriteFileObserved.lean	72ee83073f66	260	theorem	reporting_status
Grass/Refinement/Console/WriteFileObserved.lean	72ee83073f66	268	def	retryObservedHistory
Grass/Refinement/Console/WriteFileObserved.lean	72ee83073f66	272	theorem	retry_observed_exact
Grass/Refinement/Console/WriteFilePolicy.lean	455228eecc0d	30	structure	Returned
Grass/Refinement/Console/WriteFilePolicy.lean	455228eecc0d	39	def	cursor
Grass/Refinement/Console/WriteFilePolicy.lean	455228eecc0d	43	def	count
Grass/Refinement/Console/WriteFilePolicy.lean	455228eecc0d	49	def	response
Grass/Refinement/Console/WriteFilePolicy.lean	455228eecc0d	53	def	decision
Grass/Refinement/Console/WriteFilePolicy.lean	455228eecc0d	57	theorem	success_count
Grass/Refinement/Console/WriteFilePolicy.lean	455228eecc0d	63	theorem	failure_no_count
Grass/Refinement/Console/WriteFilePolicy.lean	455228eecc0d	67	theorem	response_emitted
Grass/Refinement/Console/WriteFilePolicy.lean	455228eecc0d	73	def	decisionCut
Grass/Refinement/Console/WriteFilePolicy.lean	455228eecc0d	77	theorem	decisionCut_exact
Grass/Refinement/Console/WriteFilePolicy.lean	455228eecc0d	85	theorem	failure_decision
Grass/Refinement/Console/WriteFilePolicy.lean	455228eecc0d	89	theorem	zero_success_decision
Grass/Refinement/Console/WriteFilePolicy.lean	455228eecc0d	96	theorem	partial_success_decision
Grass/Refinement/Console/WriteFilePolicy.lean	455228eecc0d	109	theorem	full_success_decision
Grass/Refinement/Console/WriteFilePolicy.lean	455228eecc0d	125	def	cause
Grass/Refinement/Console/WriteFilePolicy.lean	455228eecc0d	130	theorem	finish_allowed
Grass/Refinement/Console/WriteFilePolicy.lean	455228eecc0d	147	def	logicalFinish
Grass/Refinement/Console/WriteFilePolicy.lean	455228eecc0d	155	theorem	finish_events
Grass/Refinement/Console/WriteFilePolicy.lean	455228eecc0d	161	theorem	finish_no_republication
Grass/Refinement/Console/WriteFilePolicy.lean	455228eecc0d	171	def	logicalComplete
Grass/Refinement/Console/WriteFilePolicy.lean	455228eecc0d	179	theorem	retry_ready
Grass/Refinement/Console/WriteFilePolicy.lean	455228eecc0d	191	theorem	retry_proper
Grass/Refinement/Console/WriteFilePolicy.lean	455228eecc0d	212	def	projectedStatus
Grass/Refinement/Console/WriteFileResume.lean	dc938724ef03	21	abbrev	afterReturn
Grass/Refinement/Console/WriteFileResume.lean	dc938724ef03	24	abbrev	resume_memory
Grass/Refinement/Console/WriteFileResume.lean	dc938724ef03	26	theorem	resume_nonvolatile
Grass/Refinement/Console/WriteFileResume.lean	dc938724ef03	42	theorem	resume_cursor
Grass/Refinement/Console/WriteFileResume.lean	dc938724ef03	62	theorem	guard_frame
Grass/Refinement/Console/WriteFileResume.lean	dc938724ef03	68	theorem	guard_cursor
Grass/Refinement/Console/WriteFileResume.lean	dc938724ef03	78	theorem	guard_success
Grass/Refinement/Console/WriteFileResume.lean	dc938724ef03	87	theorem	body_gpr_frame
Grass/Refinement/Console/WriteFileResume.lean	dc938724ef03	99	theorem	historical_frame
Grass/Refinement/Console/WriteFileResume.lean	dc938724ef03	130	theorem	returned_body_bound
Grass/Refinement/Console/WriteFileSourceEntry.lean	d5548481d18c	17	def	prepareCall?
Grass/Refinement/Console/WriteFileStaticEntry.lean	c15a531a927a	29	def	prepare?
Grass/Refinement/Console/WriteFileStaticEntry.lean	c15a531a927a	50	theorem	request_remaining
Grass/Refinement/Console/WriteFileStaticEntry.lean	c15a531a927a	63	abbrev	returned_body
Tests/Assembly/SourceWitness.lean	053868a990cf	13	def	authored
Tests/Assembly/SourceWitness.lean	053868a990cf	15	def	inputs
Tests/Assembly/SourceWitness.lean	053868a990cf	28	theorem	present
Tests/Assembly/SourceWitness.lean	053868a990cf	31	def	witness
Tests/Assembly/SourceWitness.lean	053868a990cf	34	theorem	produced_exact
Tests/Console/Captured.lean	87774e04602b	8	def	base
Tests/Console/Captured.lean	87774e04602b	11	def	once
Tests/Console/Captured.lean	87774e04602b	12	def	twice
Tests/Console/Captured.lean	87774e04602b	20	def	rendering
Tests/Console/Contract.lean	ee7e79655c9b	7	inductive	Result
Tests/Console/Contract.lean	ee7e79655c9b	11	def	policy
Tests/Console/Contract.lean	ee7e79655c9b	13	def	resources
Tests/Console/Contract.lean	ee7e79655c9b	14	def	contract
Tests/Console/Contract.lean	ee7e79655c9b	15	def	spec
Tests/Console/ObservedBehavior.lean	4954846b69e2	8	def	request
Tests/Console/ObservedBehavior.lean	4954846b69e2	9	def	rendering
Tests/Console/ObservedBehavior.lean	4954846b69e2	10	def	failed
Tests/Console/ObservedEmbedding.lean	c5cc97de62dd	5	def	request
Tests/Console/ObservedEmbedding.lean	c5cc97de62dd	6	def	rendering
Tests/Console/ObservedEmbedding.lean	c5cc97de62dd	7	def	cut
Tests/Console/ObservedEmbedding.lean	c5cc97de62dd	8	def	componentHistory
Tests/Console/ObservedEmbedding.lean	c5cc97de62dd	17	theorem	componentTerminal
Tests/Console/ObservedEmbeddingSteps.lean	023ec5fc8938	8	def	request
Tests/Console/ObservedEmbeddingSteps.lean	023ec5fc8938	9	def	rendering
Tests/Console/ObservedEmbeddingSteps.lean	023ec5fc8938	10	def	start
Tests/Console/ObservedEmbeddingSteps.lean	023ec5fc8938	11	def	full
Tests/Console/ObservedEmbeddingSteps.lean	023ec5fc8938	12	theorem	positive
Tests/Console/ObservedEmbeddingSteps.lean	023ec5fc8938	13	def	first
Tests/Console/ObservedEmbeddingSteps.lean	023ec5fc8938	14	def	progressed
Tests/Console/ObservedFrontier.lean	c4d4a6ed2c46	14	def	request
Tests/Console/ObservedFrontier.lean	c4d4a6ed2c46	18	theorem	writeLine_denotation_exact
Tests/Console/ObservedFrontier.lean	c4d4a6ed2c46	25	theorem	writeLine_terminal_or_permitted_wait
Tests/Console/ObservedFrontier.lean	c4d4a6ed2c46	37	theorem	writeLine_withLiveness_terminal_or_permitted_wait
Tests/Console/TargetProjection.lean	f80891054de9	9	def	captured
Tests/Console/TargetProjection.lean	f80891054de9	13	def	selected
Tests/Console/TargetProjection.lean	f80891054de9	16	def	target
Tests/Console/WriteAllGuards.lean	24b85ed6f1dc	11	def	selected
Tests/Console/WriteAllHead.lean	48c3d73441df	13	def	selected
Tests/Console/WriteAllHead.lean	48c3d73441df	21	def	authored
Tests/Console/WriteAllHead.lean	48c3d73441df	23	def	replaceChars
Tests/Console/WriteAllHead.lean	48c3d73441df	31	def	mutated
Tests/Console/WriteFileConsoleHistory.lean	24ce731eca57	17	theorem	handoffCausality
Tests/Console/WriteFileConsoleHistory.lean	24ce731eca57	26	def	handoffHistory
Tests/Console/WriteFileConsoleHistory.lean	24ce731eca57	30	def	captured
Tests/Console/WriteFileConsoleHistory.lean	24ce731eca57	33	def	projection
Tests/Console/WriteFileConsoleHistory.lean	24ce731eca57	36	theorem	projection_payload_exact
Tests/Console/WriteFileConsoleHistory.lean	24ce731eca57	38	def	startCut
Tests/Console/WriteFileConsoleHistory.lean	24ce731eca57	40	def	upper
Tests/Console/WriteFileConsoleHistory.lean	24ce731eca57	43	def	start
Tests/Console/WriteFileConsoleHistory.lean	24ce731eca57	50	def	relation
Tests/Console/WriteFileConsoleHistory.lean	24ce731eca57	58	def	aligned
Tests/Console/WriteFileConsoleHistory.lean	24ce731eca57	62	def	extended?
Tests/Console/WriteFileConsoleHistory.lean	24ce731eca57	65	def	extended
Tests/Console/WriteFileConsoleHistory.lean	24ce731eca57	68	theorem	admitted_zero_step
Tests/Console/WriteFileConsoleHistory.lean	24ce731eca57	71	theorem	admitted_zero_retains_upper
Tests/Console/WriteFileConsoleHistory.lean	24ce731eca57	74	def	wrongRoute?
Tests/Console/WriteFileConsoleHistory.lean	24ce731eca57	77	theorem	wrong_route_general_match_still_true
Tests/Console/WriteFileConsoleHistory.lean	24ce731eca57	83	theorem	wrong_route_refused
Tests/Console/WriteFileCountAddress.lean	4d8e7933d7ab	13	def	sameSlot?
Tests/Console/WriteFileCountEntry.lean	408a5d5688ee	16	def	sourceFor
Tests/Console/WriteFileCountEntry.lean	408a5d5688ee	24	def	selectLoad?
Tests/Console/WriteFileCountEntry.lean	408a5d5688ee	33	def	withoutLea
Tests/Console/WriteFileCountEntry.lean	408a5d5688ee	36	def	source
Tests/Console/WriteFileCountEntry.lean	408a5d5688ee	37	def	selectedLocal
Tests/Console/WriteFileCountEntry.lean	408a5d5688ee	40	def	incoming
Tests/Console/WriteFileCountEntry.lean	408a5d5688ee	45	abbrev	loaded
Tests/Console/WriteFileCountEntry.lean	408a5d5688ee	46	abbrev	inputs
Tests/Console/WriteFileCountEntry.lean	408a5d5688ee	47	def	cpu
Tests/Console/WriteFileCountEntry.lean	408a5d5688ee	48	def	called
Tests/Console/WriteFileCountEntry.lean	408a5d5688ee	49	def	protocol
Tests/Console/WriteFileCountEntry.lean	408a5d5688ee	51	def	before
Tests/Console/WriteFileCountEntry.lean	408a5d5688ee	53	theorem	ready
Tests/Console/WriteFileCountEntry.lean	408a5d5688ee	57	def	binding
Tests/Console/WriteFileCountEntry.lean	408a5d5688ee	58	def	evaluated
Tests/Console/WriteFileCountEntry.lean	408a5d5688ee	63	def	prepared
Tests/Console/WriteFileCountEntry.lean	408a5d5688ee	67	theorem	preexisting_r9_accepts
Tests/Console/WriteFileCountEntry.lean	408a5d5688ee	69	def	handoff
Tests/Console/WriteFileCountEntry.lean	408a5d5688ee	70	theorem	canonical_count_retained
Tests/Console/WriteFileCountEntry.lean	408a5d5688ee	75	def	otherText
Tests/Console/WriteFileCountEntry.lean	408a5d5688ee	78	def	otherSource
Tests/Console/WriteFileCountEntry.lean	408a5d5688ee	79	def	otherLocal
Tests/Console/WriteFileCountEntry.lean	408a5d5688ee	80	theorem	other_local_same_range
Tests/Console/WriteFileCountEntry.lean	408a5d5688ee	83	theorem	other_local_refuses
Tests/Console/WriteFileCountEntry.lean	408a5d5688ee	89	def	shiftedText
Tests/Console/WriteFileCountEntry.lean	408a5d5688ee	92	def	shiftedSource
Tests/Console/WriteFileCountEntry.lean	408a5d5688ee	93	def	shiftedLocal
Tests/Console/WriteFileCountEntry.lean	408a5d5688ee	96	theorem	changed_frame_address_refuses
Tests/Console/WriteFileCountEntry.lean	408a5d5688ee	100	def	canonical
Tests/Console/WriteFileCountEntry.lean	408a5d5688ee	103	theorem	wrong_count_width_refuses
Tests/Console/WriteFileCountEntry.lean	408a5d5688ee	109	theorem	wrong_count_space_refuses
Tests/Console/WriteFileSourceEntry.lean	6be8243bfb85	14	def	protocol
Tests/Console/WriteFileSourceEntry.lean	6be8243bfb85	17	def	before
Tests/Console/WriteFileSourceEntry.lean	6be8243bfb85	20	theorem	ready
Tests/Console/WriteFileSourceEntry.lean	6be8243bfb85	27	def	prepared
Tests/Console/WriteFileSourceEntry.lean	6be8243bfb85	30	theorem	actual_call_handoff
Tests/Console/WriteFileSourceEntry.lean	6be8243bfb85	32	def	handoff
Tests/Console/WriteFileSourceEntry.lean	6be8243bfb85	34	theorem	count_retained
Tests/Console/WriteFileSourceEntry.lean	6be8243bfb85	36	theorem	original_metadata_retained
Tests/Console/WriteFileSourceEntry.lean	6be8243bfb85	41	theorem	wrong_count_refuses
Tests/Console/WriteFileStaticEntry.lean	4eafc8d4048c	19	def	statics
Tests/Console/WriteFileStaticEntry.lean	4eafc8d4048c	20	def	description
Tests/Console/WriteFileStaticEntry.lean	4eafc8d4048c	26	def	plan
Tests/Console/WriteFileStaticEntry.lean	4eafc8d4048c	27	def	image
Tests/Console/WriteFileStaticEntry.lean	4eafc8d4048c	28	def	objectBinding
Tests/Console/WriteFileStaticEntry.lean	4eafc8d4048c	29	def	cut
Tests/Console/WriteFileStaticEntry.lean	4eafc8d4048c	31	theorem	actual_iat
Tests/Console/WriteFileStaticEntry.lean	4eafc8d4048c	33	def	symbols
Tests/Console/WriteFileStaticEntry.lean	4eafc8d4048c	36	def	source
Tests/Console/WriteFileStaticEntry.lean	4eafc8d4048c	38	def	selectedLocal
Tests/Console/WriteFileStaticEntry.lean	4eafc8d4048c	40	def	inputs
Tests/Console/WriteFileStaticEntry.lean	4eafc8d4048c	51	def	loaded
Tests/Console/WriteFileStaticEntry.lean	4eafc8d4048c	52	def	incoming
Tests/Console/WriteFileStaticEntry.lean	4eafc8d4048c	53	def	cpu
Tests/Console/WriteFileStaticEntry.lean	4eafc8d4048c	54	def	called
Tests/Console/WriteFileStaticEntry.lean	4eafc8d4048c	55	def	protocol
Tests/Console/WriteFileStaticEntry.lean	4eafc8d4048c	57	def	before
Tests/Console/WriteFileStaticEntry.lean	4eafc8d4048c	59	theorem	ready
Tests/Console/WriteFileStaticEntry.lean	4eafc8d4048c	63	def	binding
Tests/Console/WriteFileStaticEntry.lean	4eafc8d4048c	64	def	evaluated
Tests/Console/WriteFileStaticEntry.lean	4eafc8d4048c	68	def	prepared
Tests/Console/WriteFileStaticEntry.lean	4eafc8d4048c	72	theorem	actual_call_handoff
Tests/Console/WriteFileStaticEntry.lean	4eafc8d4048c	73	def	result
Tests/Console/WriteFileStaticEntry.lean	4eafc8d4048c	74	theorem	actual_suffix
Tests/Console/WriteFileStaticEntry.lean	4eafc8d4048c	75	theorem	nonzero_object_and_cut
Tests/Console/WriteFileStaticEntry.lean	4eafc8d4048c	76	theorem	current_input
Tests/Console/WriteFileStaticEntry.lean	4eafc8d4048c	80	def	wrongSource
Tests/Console/WriteFileStaticEntry.lean	4eafc8d4048c	82	def	wrongLocal
Tests/Console/WriteFileStaticEntry.lean	4eafc8d4048c	85	theorem	unrelated_static_symbol_refuses
Tests/Frontend/Source.lean	bfc7f7135865	10	def	otherSpec
Tests/Frontend/Source.lean	bfc7f7135865	12	def	otherProjection
Tests/Frontend/Source.lean	bfc7f7135865	15	def	otherPlan
Tests/Frontend/Source.lean	bfc7f7135865	25	def	authored
Tests/Frontend/Source.lean	bfc7f7135865	27	theorem	source_present
Tests/Frontend/Source.lean	bfc7f7135865	30	def	source
Tests/Frontend/Source.lean	bfc7f7135865	32	theorem	source_table_exact
Tests/Frontend/Source.lean	bfc7f7135865	35	theorem	source_authored_exact
Tests/Frontend/Target.lean	dc0e7f7cba1d	7	inductive	Outcome
Tests/Frontend/Target.lean	dc0e7f7cba1d	9	def	resources
Tests/Frontend/Target.lean	dc0e7f7cba1d	10	def	message
Tests/Frontend/Target.lean	dc0e7f7cba1d	11	def	policy
Tests/Frontend/Target.lean	dc0e7f7cba1d	12	def	spec
Tests/Frontend/Target.lean	dc0e7f7cba1d	15	def	targetPolicy
Tests/Frontend/Target.lean	dc0e7f7cba1d	17	def	projection
Tests/Frontend/Target.lean	dc0e7f7cba1d	20	def	plan
Tests/Frontend/Target.lean	dc0e7f7cba1d	22	def	payload
Tests/Frontend/Target.lean	dc0e7f7cba1d	23	def	statics
Tests/Frontend/WriteFilePrefix.lean.in	5e206595b35a	40	abbrev	system
Tests/Frontend/WriteFilePrefix.lean.in	5e206595b35a	50	def	advanceTo
Tests/Frontend/WriteFilePrefix.lean.in	5e206595b35a	91	def	completeExit
Tests/Frontend/WriteFilePrefix.lean.in	5e206595b35a	119	def	finishExit
Tests/Frontend/WriteFilePrefix.lean.in	5e206595b35a	192	abbrev	Result
Tests/Frontend/WriteFilePrefix.lean.in	5e206595b35a	203	def	inspected
Tests/Frontend/WriteFilePrefix.lean.in	5e206595b35a	368	def	report
Tests/Frontend/WriteFilePrefix.lean.in	5e206595b35a	375	def	run
Tests/ISA/X86/LedgerAudit.lean	d31e0588e17c	213	def	auditedModules
Tests/ISA/X86/LedgerAudit.lean	d31e0588e17c	382	def	owedBaseline
Tests/ISA/X86/LedgerAudit.lean	d31e0588e17c	449	def	notBehaviourBaseline
Tests/ISA/X86/LedgerAudit.lean	d31e0588e17c	461	def	structuralClasses
Tests/ISA/X86/LedgerAudit.lean	d31e0588e17c	492	def	notModelling
Tests/ISA/X86/LedgerAudit.lean	d31e0588e17c	506	def	modulesOnDisk
Tests/ISA/X86/LedgerAudit.lean	d31e0588e17c	518	def	generatedSuffixes
Tests/ISA/X86/LedgerAudit.lean	d31e0588e17c	535	def	userFacing
Tests/ISA/X86/LedgerAudit.lean	d31e0588e17c	563	def	isGenerated
Tests/ISA/X86/LedgerAudit.lean	d31e0588e17c	590	def	notBehaviour
Tests/ISA/X86/LedgerAudit.lean	d31e0588e17c	1071	def	owed
Tests/ISA/X86/LedgerAudit.lean	d31e0588e17c	1445	def	modeledDeclarations
Tests/ISA/X86/LedgerAudit.lean	d31e0588e17c	1491	def	subjectAnchor
Tests/ISA/X86/LedgerAudit.lean	d31e0588e17c	1501	def	anchorFault
Tests/ISA/X86/LedgerAudit.lean	d31e0588e17c	1510	def	accountedBy
Tests/ISA/X86/LedgerAudit.lean	d31e0588e17c	1521	def	basisUnconfirmed
Tests/Platform/Win32HelloCall.lean	9e4712246338	33	def	runInitializations
Tests/Platform/Win32HelloCall.lean	9e4712246338	48	def	callerReady?
Tests/Platform/Win32HelloCall.lean	9e4712246338	68	structure	ActualPreCall
Tests/Platform/Win32HelloCall.lean	9e4712246338	76	structure	ActualSetup
Tests/Platform/Win32HelloCall.lean	9e4712246338	84	def	actualSetup?
Tests/Platform/Win32HelloCall.lean	9e4712246338	98	structure	ActualHandoff
Tests/Platform/Win32HelloCall.lean	9e4712246338	111	theorem	transportedContinuation
Tests/Platform/Win32HelloCall.lean	9e4712246338	115	theorem	transportedProvenance
Tests/Platform/Win32HelloCall.lean	9e4712246338	119	theorem	transportedRange
Tests/Platform/Win32HelloCall.lean	9e4712246338	125	def	handoffFrom?
Tests/Platform/Win32HelloCall.lean	9e4712246338	192	def	actualHandoffFor?
Tests/Platform/Win32HelloCall.lean	9e4712246338	216	structure	ActualResult
Tests/Platform/Win32HelloCall.lean	9e4712246338	220	def	actualHandoff?
Tests/Platform/Win32HelloCall.lean	9e4712246338	228	theorem	ActualHandoff.runtime_exact
Tests/Platform/Win32HelloCall.lean	9e4712246338	235	theorem	ActualHandoff.resume_inputs
Tests/Platform/Win32HelloCall.lean	9e4712246338	245	def	actualPrefix?
Tests/Platform/Win32HelloCall.lean	9e4712246338	264	def	check
docs/ENDPOINT_INDEX.md	dcf42cba2e80	26	theorem	is
docs/RAW_PHASE_PRESERVATION.md	9c3385acdc4a	56	theorem	derives
Grass/Platform/Win32/CheckedCallEntry.lean	4611103c9d6c	18	def	prepare?
Grass/Platform/Win32/CheckedCallEntry.lean	4611103c9d6c	69	def	ofFactory
Grass/Platform/Win32/RawPendingService.lean	717cb823af0b	14	theorem	pending_to_pending_service
Grass/Platform/Win32/RawPendingService.lean	717cb823af0b	63	theorem	pending_internal_or_publication
Grass/Platform/Win32/RawPendingService.lean	717cb823af0b	104	theorem	pending_segment
Tests/Frontend/WriteFilePrefix.lean.in	db5a3d530e29	41	abbrev	system
Tests/Frontend/WriteFilePrefix.lean.in	db5a3d530e29	51	def	advanceTo
Tests/Frontend/WriteFilePrefix.lean.in	db5a3d530e29	92	def	completeExit
Tests/Frontend/WriteFilePrefix.lean.in	db5a3d530e29	120	def	finishExit
Tests/Frontend/WriteFilePrefix.lean.in	db5a3d530e29	164	abbrev	Result
Tests/Frontend/WriteFilePrefix.lean.in	db5a3d530e29	175	def	inspected
Tests/Frontend/WriteFilePrefix.lean.in	db5a3d530e29	311	def	report
Tests/Frontend/WriteFilePrefix.lean.in	db5a3d530e29	318	def	run
Tests/ISA/X86/LedgerAudit.lean	394152154b1d	213	def	auditedModules
Tests/ISA/X86/LedgerAudit.lean	394152154b1d	382	def	owedBaseline
Tests/ISA/X86/LedgerAudit.lean	394152154b1d	449	def	notBehaviourBaseline
Tests/ISA/X86/LedgerAudit.lean	394152154b1d	461	def	structuralClasses
Tests/ISA/X86/LedgerAudit.lean	394152154b1d	492	def	notModelling
Tests/ISA/X86/LedgerAudit.lean	394152154b1d	506	def	modulesOnDisk
Tests/ISA/X86/LedgerAudit.lean	394152154b1d	518	def	generatedSuffixes
Tests/ISA/X86/LedgerAudit.lean	394152154b1d	535	def	userFacing
Tests/ISA/X86/LedgerAudit.lean	394152154b1d	563	def	isGenerated
Tests/ISA/X86/LedgerAudit.lean	394152154b1d	590	def	notBehaviour
Tests/ISA/X86/LedgerAudit.lean	394152154b1d	1073	def	owed
Tests/ISA/X86/LedgerAudit.lean	394152154b1d	1447	def	modeledDeclarations
Tests/ISA/X86/LedgerAudit.lean	394152154b1d	1493	def	subjectAnchor
Tests/ISA/X86/LedgerAudit.lean	394152154b1d	1503	def	anchorFault
Tests/ISA/X86/LedgerAudit.lean	394152154b1d	1512	def	accountedBy
Tests/ISA/X86/LedgerAudit.lean	394152154b1d	1523	def	basisUnconfirmed
Tests/Platform/Win32WriteFileCausalSchedule.lean	c8e89a192ba2	15	def	rank?
Tests/Platform/Win32WriteFileCausalSchedule.lean	c8e89a192ba2	18	def	before?
Tests/Platform/Win32WriteFileCausalSchedule.lean	c8e89a192ba2	25	def	activeGraph
Tests/Platform/Win32WriteFileCausalSchedule.lean	c8e89a192ba2	30	def	graph
Tests/Platform/Win32WriteFileCausalSchedule.lean	c8e89a192ba2	35	def	extendGraph
Tests/Platform/Win32WriteFileCausalSchedule.lean	c8e89a192ba2	38	theorem	extendGraph_extends
Tests/Platform/Win32WriteFileCausalSchedule.lean	c8e89a192ba2	42	def	model
Tests/Platform/Win32WriteFileCausalSchedule.lean	c8e89a192ba2	47	theorem	before_irrefl
Tests/Platform/Win32WriteFileCausalSchedule.lean	c8e89a192ba2	51	theorem	before_trans
Tests/Platform/Win32WriteFileCausalSchedule.lean	c8e89a192ba2	57	theorem	activeGraph_mem_iff
Tests/Platform/Win32WriteFileCausalSchedule.lean	c8e89a192ba2	67	theorem	ordered_path_implies_before
Tests/Platform/Win32WriteFileCausalSchedule.lean	c8e89a192ba2	76	theorem	relation_path_implies_before
Tests/Platform/Win32WriteFileCausalSchedule.lean	c8e89a192ba2	83	theorem	valid
Tests/Platform/Win32WriteFileCausalSchedule.lean	c8e89a192ba2	98	theorem	realizes
Tests/Platform/Win32WriteFileCausalSchedule.lean	c8e89a192ba2	120	theorem	wellFormed
Tests/Platform/Win32WriteFileCausalSchedule.lean	c8e89a192ba2	134	theorem	extendGraph_realizes
Tests/Platform/Win32WriteFileCausalSchedule.lean	c8e89a192ba2	178	theorem	extendGraph_wellFormed
Tests/Platform/Win32WriteFileCausalSchedule.lean	c8e89a192ba2	205	def	calls
Tests/Platform/Win32WriteFileCausalSchedule.lean	c8e89a192ba2	206	def	first
Tests/Platform/Win32WriteFileCausalSchedule.lean	c8e89a192ba2	207	def	second
Tests/Platform/Win32WriteFileCausalSchedule.lean	c8e89a192ba2	208	def	sample
Tests/Platform/Win32WriteFileCausalSchedule.lean	c8e89a192ba2	209	def	entryOnly
Tests/Platform/Win32WriteFileProviderModel.lean	44f3a31c6a69	15	def	selectedAction
Tests/Platform/Win32WriteFileProviderModel.lean	44f3a31c6a69	24	def	realization
Tests/Platform/Win32WriteFileProviderModel.lean	44f3a31c6a69	38	def	result
Tests/Platform/Win32WriteFileProviderModel.lean	44f3a31c6a69	43	def	interpretation
Tests/Platform/Win32WriteFileProviderModel.lean	44f3a31c6a69	50	theorem	result_raw_bool
Tests/Platform/Win32WriteFileProviderModel.lean	44f3a31c6a69	53	theorem	publication_exact
Tests/Platform/Win32WriteFileProviderOperation.lean	8ac2b8103dee	19	def	countBytes
Tests/Platform/Win32WriteFileProviderOperation.lean	8ac2b8103dee	23	def	bufferRead
Tests/Platform/Win32WriteFileProviderOperation.lean	8ac2b8103dee	38	def	countWrite
Tests/Platform/Win32WriteFileProviderOperation.lean	8ac2b8103dee	53	inductive	Operation
Tests/Platform/Win32WriteFileProviderOperation.lean	8ac2b8103dee	67	def	operation
Tests/Platform/Win32WriteFileProviderOperation.lean	8ac2b8103dee	75	def	policy
Tests/Platform/Win32WriteFileProviderOperation.lean	8ac2b8103dee	83	def	action
Tests/Platform/Win32WriteFileProviderOperation.lean	8ac2b8103dee	108	def	attemptedAction
Tests/Platform/Win32WriteFileProviderOperation.lean	8ac2b8103dee	110	def	attempted
Tests/Platform/Win32WriteFileProviderOperation.lean	8ac2b8103dee	113	def	check
docs/RAW_PHASE_PRESERVATION.md	c722338feae2	56	theorem	derives
Tests/ISA/X86/LedgerAudit.lean	033244dd9abc	214	def	auditedModules
Tests/ISA/X86/LedgerAudit.lean	033244dd9abc	384	def	owedBaseline
Tests/ISA/X86/LedgerAudit.lean	033244dd9abc	451	def	notBehaviourBaseline
Tests/ISA/X86/LedgerAudit.lean	033244dd9abc	463	def	structuralClasses
Tests/ISA/X86/LedgerAudit.lean	033244dd9abc	494	def	notModelling
Tests/ISA/X86/LedgerAudit.lean	033244dd9abc	508	def	modulesOnDisk
Tests/ISA/X86/LedgerAudit.lean	033244dd9abc	520	def	generatedSuffixes
Tests/ISA/X86/LedgerAudit.lean	033244dd9abc	537	def	userFacing
Tests/ISA/X86/LedgerAudit.lean	033244dd9abc	565	def	isGenerated
Tests/ISA/X86/LedgerAudit.lean	033244dd9abc	592	def	notBehaviour
Tests/ISA/X86/LedgerAudit.lean	033244dd9abc	1075	def	owed
Tests/ISA/X86/LedgerAudit.lean	033244dd9abc	1449	def	modeledDeclarations
Tests/ISA/X86/LedgerAudit.lean	033244dd9abc	1495	def	subjectAnchor
Tests/ISA/X86/LedgerAudit.lean	033244dd9abc	1505	def	anchorFault
Tests/ISA/X86/LedgerAudit.lean	033244dd9abc	1514	def	accountedBy
Tests/ISA/X86/LedgerAudit.lean	033244dd9abc	1525	def	basisUnconfirmed
Grass/Assembly/FrameMemoryExecution.lean	546bf44716a2	20	inductive	StoreInstruction
Grass/Assembly/FrameMemoryExecution.lean	546bf44716a2	28	def	isa
Grass/Assembly/FrameMemoryExecution.lean	546bf44716a2	35	def	output
Grass/Assembly/FrameMemoryExecution.lean	546bf44716a2	40	def	payload
Grass/Assembly/FrameMemoryExecution.lean	546bf44716a2	45	def	encoding
Grass/Assembly/FrameMemoryExecution.lean	546bf44716a2	50	theorem	output_encoding
Grass/Assembly/FrameMemoryExecution.lean	546bf44716a2	57	def	encoded
Grass/Assembly/FrameMemoryExecution.lean	546bf44716a2	70	theorem	isa_payload
Grass/Assembly/FrameMemoryExecution.lean	546bf44716a2	74	def	range
Grass/Assembly/FrameMemoryExecution.lean	546bf44716a2	79	def	rspRootOffset
Grass/Assembly/FrameMemoryExecution.lean	546bf44716a2	84	def	displacement
Grass/Assembly/FrameMemoryExecution.lean	546bf44716a2	89	theorem	payload_width
Grass/Assembly/FrameMemoryExecution.lean	546bf44716a2	95	theorem	range_start
Grass/Assembly/FrameMemoryExecution.lean	546bf44716a2	100	theorem	isa_width
Grass/Assembly/FrameMemoryExecution.lean	546bf44716a2	104	theorem	isa_displacement
Grass/Assembly/FrameMemoryExecution.lean	546bf44716a2	109	theorem	signed_displacement
Grass/Assembly/FrameMemoryExecution.lean	546bf44716a2	124	structure	StoreNormal
Grass/Assembly/FrameMemoryExecution.lean	546bf44716a2	145	theorem	selected_encoding
Grass/Assembly/FrameMemoryExecution.lean	546bf44716a2	152	theorem	address_exact
Grass/Assembly/FrameMemoryExecution.lean	546bf44716a2	164	def	execution
Grass/Assembly/FrameMemoryExecution.lean	546bf44716a2	185	theorem	written_exact
Grass/Assembly/FrameMemoryExecution.lean	546bf44716a2	194	theorem	memory_written
Grass/Assembly/FrameMemoryExecution.lean	546bf44716a2	209	theorem	stored_cell
Grass/Assembly/FrameMemoryExecution.lean	546bf44716a2	222	def	result
Grass/Assembly/FrameMemoryExecution.lean	546bf44716a2	227	theorem	gpr_frame
Grass/Assembly/FrameMemoryExecution.lean	546bf44716a2	234	structure	LoadNormal
Grass/Assembly/FrameMemoryExecution.lean	546bf44716a2	250	def	isa
Grass/Assembly/FrameMemoryExecution.lean	546bf44716a2	256	def	encoded
Grass/Assembly/FrameMemoryExecution.lean	546bf44716a2	262	theorem	selected_encoding
Grass/Assembly/FrameMemoryExecution.lean	546bf44716a2	269	def	read
Grass/Assembly/FrameMemoryExecution.lean	546bf44716a2	281	theorem	address_exact
Grass/Assembly/FrameMemoryExecution.lean	546bf44716a2	294	def	execution
Grass/Assembly/FrameMemoryExecution.lean	546bf44716a2	313	def	result
Grass/Assembly/FrameMemoryExecution.lean	546bf44716a2	318	theorem	loaded_value
Grass/Assembly/FrameMemoryExecution.lean	546bf44716a2	324	theorem	clears_high
Grass/Assembly/FrameMemoryExecution.lean	546bf44716a2	330	theorem	memory_frame
Grass/Platform/Win32/CallResumeHistory.lean	45c8e63ba427	22	theorem	resumeInputsAfterService
Grass/Platform/Win32/WriteFileCountWrite.lean	4ae1288dca6e	12	theorem	DwordAt.writeResolved
Grass/Platform/Win32/WriteFilePreparedPreservation.lean	3b8ce1ac907d	14	def	Prepared.afterCountWrite
Grass/Platform/Win32/WriteFileReturn.lean	f2c8b9e29eaf	14	def	History.providerEvents
Grass/Platform/Win32/WriteFileReturn.lean	f2c8b9e29eaf	24	theorem	CausalEvidence.suffix
Grass/Platform/Win32/WriteFileReturn.lean	f2c8b9e29eaf	34	theorem	History.events_eq
Grass/Platform/Win32/WriteFileReturn.lean	f2c8b9e29eaf	51	abbrev	ReturnInterpretation
Grass/Platform/Win32/WriteFileReturn.lean	f2c8b9e29eaf	55	structure	ReturnCausality
Grass/Platform/Win32/WriteFileReturn.lean	f2c8b9e29eaf	69	structure	MatchedReturn
Grass/Platform/Win32/WriteFileReturn.lean	f2c8b9e29eaf	82	theorem	MatchedReturn.effects
Grass/Platform/Win32/WriteFileReturn.lean	f2c8b9e29eaf	92	theorem	MatchedReturn.conforms_after
Grass/Platform/Win32/WriteFileReturn.lean	f2c8b9e29eaf	104	theorem	MatchedReturn.consumed
Grass/Platform/Win32/WriteFileReturn.lean	f2c8b9e29eaf	119	abbrev	CallerInterpretation
Grass/Platform/Win32/WriteFileReturn.lean	f2c8b9e29eaf	125	structure	CallerContinuation
Grass/Platform/Win32/WriteFileServiceContinuation.lean	764b75386bcf	22	def	castPrefixPlan
Grass/Platform/Win32/WriteFileServiceContinuation.lean	764b75386bcf	28	theorem	castPrefixPlan_accepted
Grass/Platform/Win32/WriteFileServiceContinuation.lean	764b75386bcf	35	theorem	CommittedStep.reindex
Grass/Platform/Win32/WriteFileServiceContinuation.lean	764b75386bcf	66	theorem	stream_continuity
Grass/Platform/Win32/WriteFileServiceContinuation.lean	764b75386bcf	92	theorem	stream_loanPlan
Grass/Platform/Win32/WriteFileServiceContinuation.lean	764b75386bcf	109	theorem	stream_loanPlan_from
Grass/Platform/Win32/WriteFileServiceContinuation.lean	764b75386bcf	121	def	extractInfiniteContinuationFrom
Grass/Platform/Win32/WriteFileServiceContinuation.lean	764b75386bcf	173	theorem	extractInfiniteContinuationFrom_point_state
Grass/Platform/Win32/WriteFileServiceContinuation.lean	764b75386bcf	189	theorem	extractInfiniteContinuationFrom_point_accepted
Grass/Platform/Win32/WriteFileServiceContinuation.lean	764b75386bcf	209	theorem	extractInfiniteContinuationFrom_action
Grass/Platform/Win32/WriteFileServiceContinuation.lean	764b75386bcf	222	theorem	extractInfiniteContinuationFrom_output
Grass/Platform/Win32/WriteFileServiceContinuation.lean	764b75386bcf	240	def	extractInfiniteContinuation
Grass/Platform/Win32/WriteFileServiceContinuation.lean	764b75386bcf	267	theorem	extractInfiniteContinuation_point_state
Grass/Platform/Win32/WriteFileServiceContinuation.lean	764b75386bcf	277	theorem	extractInfiniteContinuation_point_accepted
Grass/Platform/Win32/WriteFileServiceContinuation.lean	764b75386bcf	288	theorem	extractInfiniteContinuation_action
Grass/Platform/Win32/WriteFileServiceContinuation.lean	764b75386bcf	297	theorem	extractInfiniteContinuation_output
Tests/ISA/X86/LedgerAudit.lean	6bbb1dcc1106	202	def	auditedModules
Tests/ISA/X86/LedgerAudit.lean	6bbb1dcc1106	361	def	owedBaseline
Tests/ISA/X86/LedgerAudit.lean	6bbb1dcc1106	427	def	notBehaviourBaseline
Tests/ISA/X86/LedgerAudit.lean	6bbb1dcc1106	439	def	structuralClasses
Tests/ISA/X86/LedgerAudit.lean	6bbb1dcc1106	470	def	notModelling
Tests/ISA/X86/LedgerAudit.lean	6bbb1dcc1106	482	def	modulesOnDisk
Tests/ISA/X86/LedgerAudit.lean	6bbb1dcc1106	494	def	generatedSuffixes
Tests/ISA/X86/LedgerAudit.lean	6bbb1dcc1106	511	def	userFacing
Tests/ISA/X86/LedgerAudit.lean	6bbb1dcc1106	539	def	isGenerated
Tests/ISA/X86/LedgerAudit.lean	6bbb1dcc1106	566	def	notBehaviour
Tests/ISA/X86/LedgerAudit.lean	6bbb1dcc1106	1036	def	owed
Tests/ISA/X86/LedgerAudit.lean	6bbb1dcc1106	1410	def	modeledDeclarations
Tests/ISA/X86/LedgerAudit.lean	6bbb1dcc1106	1456	def	subjectAnchor
Tests/ISA/X86/LedgerAudit.lean	6bbb1dcc1106	1466	def	anchorFault
Tests/ISA/X86/LedgerAudit.lean	6bbb1dcc1106	1475	def	accountedBy
Tests/ISA/X86/LedgerAudit.lean	6bbb1dcc1106	1486	def	basisUnconfirmed
Tests/Platform/Win32WriteFileCallSchedule.lean	1489354f54d1	12	theorem	idxOf?_of_mem
Tests/Platform/Win32WriteFileCallSchedule.lean	1489354f54d1	18	theorem	before_append
Tests/Platform/Win32WriteFileCallSchedule.lean	1489354f54d1	30	theorem	precedes_of_before
Tests/Platform/Win32WriteFileCallSchedule.lean	1489354f54d1	43	def	schedule
Tests/Platform/Win32WriteFileCallSchedule.lean	1489354f54d1	48	theorem	prior_entry
Tests/Platform/Win32WriteFileCallSchedule.lean	1489354f54d1	58	theorem	entry_added
Tests/Platform/Win32WriteFileCallSchedule.lean	1489354f54d1	73	theorem	entry_return
Tests/Platform/Win32WriteFileCallSchedule.lean	1489354f54d1	80	theorem	added_return
Tests/Platform/Win32WriteFileCallSchedule.lean	1489354f54d1	91	theorem	serviceCausality
Tests/Platform/Win32WriteFileCausalSchedule.lean	3ca6a9b9fc29	15	def	rank?
Tests/Platform/Win32WriteFileCausalSchedule.lean	3ca6a9b9fc29	18	def	before?
Tests/Platform/Win32WriteFileCausalSchedule.lean	3ca6a9b9fc29	25	def	activeGraph
Tests/Platform/Win32WriteFileCausalSchedule.lean	3ca6a9b9fc29	30	def	graph
Tests/Platform/Win32WriteFileCausalSchedule.lean	3ca6a9b9fc29	35	def	extendGraph
Tests/Platform/Win32WriteFileCausalSchedule.lean	3ca6a9b9fc29	38	theorem	extendGraph_extends
Tests/Platform/Win32WriteFileCausalSchedule.lean	3ca6a9b9fc29	42	def	model
Tests/Platform/Win32WriteFileCausalSchedule.lean	3ca6a9b9fc29	48	theorem	represented_mono
Tests/Platform/Win32WriteFileCausalSchedule.lean	3ca6a9b9fc29	65	theorem	model_extends
Tests/Platform/Win32WriteFileCausalSchedule.lean	3ca6a9b9fc29	72	theorem	before_irrefl
Tests/Platform/Win32WriteFileCausalSchedule.lean	3ca6a9b9fc29	76	theorem	before_trans
Tests/Platform/Win32WriteFileCausalSchedule.lean	3ca6a9b9fc29	82	theorem	activeGraph_mem_iff
Tests/Platform/Win32WriteFileCausalSchedule.lean	3ca6a9b9fc29	92	theorem	ordered_path_implies_before
Tests/Platform/Win32WriteFileCausalSchedule.lean	3ca6a9b9fc29	101	theorem	relation_path_implies_before
Tests/Platform/Win32WriteFileCausalSchedule.lean	3ca6a9b9fc29	108	theorem	valid
Tests/Platform/Win32WriteFileCausalSchedule.lean	3ca6a9b9fc29	123	theorem	realizes
Tests/Platform/Win32WriteFileCausalSchedule.lean	3ca6a9b9fc29	145	theorem	wellFormed
Tests/Platform/Win32WriteFileCausalSchedule.lean	3ca6a9b9fc29	159	theorem	extendGraph_realizes
Tests/Platform/Win32WriteFileCausalSchedule.lean	3ca6a9b9fc29	203	theorem	extendGraph_wellFormed
Tests/Platform/Win32WriteFileCausalSchedule.lean	3ca6a9b9fc29	230	def	calls
Tests/Platform/Win32WriteFileCausalSchedule.lean	3ca6a9b9fc29	231	def	first
Tests/Platform/Win32WriteFileCausalSchedule.lean	3ca6a9b9fc29	232	def	second
Tests/Platform/Win32WriteFileCausalSchedule.lean	3ca6a9b9fc29	233	def	sample
Tests/Platform/Win32WriteFileCausalSchedule.lean	3ca6a9b9fc29	234	def	entryOnly
Tests/Platform/Win32WriteFileFullReceipt.lean	522bb6c018dd	24	def	callerEvent
Tests/Platform/Win32WriteFileFullReceipt.lean	522bb6c018dd	25	def	bufferEvent
Tests/Platform/Win32WriteFileFullReceipt.lean	522bb6c018dd	26	def	countEvent
Tests/Platform/Win32WriteFileFullReceipt.lean	522bb6c018dd	27	def	added
Tests/Platform/Win32WriteFileFullReceipt.lean	522bb6c018dd	29	def	fixedSchedule
Tests/Platform/Win32WriteFileFullReceipt.lean	522bb6c018dd	32	def	causal
Tests/Platform/Win32WriteFileFullReceipt.lean	522bb6c018dd	33	def	realized
Tests/Platform/Win32WriteFileFullReceipt.lean	522bb6c018dd	36	def	pre
Tests/Platform/Win32WriteFileFullReceipt.lean	522bb6c018dd	43	def	post
Tests/Platform/Win32WriteFileFullReceipt.lean	522bb6c018dd	50	theorem	afterZero_events
Tests/Platform/Win32WriteFileFullReceipt.lean	522bb6c018dd	51	theorem	zeroed_events
Tests/Platform/Win32WriteFileFullReceipt.lean	522bb6c018dd	52	theorem	zeroed_boundaries
Tests/Platform/Win32WriteFileFullReceipt.lean	522bb6c018dd	53	theorem	reached_events
Tests/Platform/Win32WriteFileFullReceipt.lean	522bb6c018dd	54	theorem	afterZero_boundaries
Tests/Platform/Win32WriteFileFullReceipt.lean	522bb6c018dd	56	theorem	reached_boundaries
Tests/Platform/Win32WriteFileFullReceipt.lean	522bb6c018dd	58	theorem	event_fields
Tests/Platform/Win32WriteFileFullReceipt.lean	522bb6c018dd	76	theorem	committed
Tests/Platform/Win32WriteFileFullReceipt.lean	522bb6c018dd	148	theorem	handoffCausality
Tests/Platform/Win32WriteFileFullReceipt.lean	522bb6c018dd	168	def	start
Tests/Platform/Win32WriteFileFullReceipt.lean	522bb6c018dd	172	def	history
Tests/Platform/Win32WriteFileFullReceipt.lean	522bb6c018dd	175	def	returnAttempt
Tests/Platform/Win32WriteFileFullReceipt.lean	522bb6c018dd	176	def	returnedRecord
Tests/Platform/Win32WriteFileFullReceipt.lean	522bb6c018dd	177	def	settled
Tests/Platform/Win32WriteFileFullReceipt.lean	522bb6c018dd	178	def	result
Tests/Platform/Win32WriteFileFullReceipt.lean	522bb6c018dd	179	def	interpretation
Tests/Platform/Win32WriteFileFullReceipt.lean	522bb6c018dd	182	theorem	settled_events
Tests/Platform/Win32WriteFileFullReceipt.lean	522bb6c018dd	183	theorem	settled_boundaries
Tests/Platform/Win32WriteFileFullReceipt.lean	522bb6c018dd	185	theorem	settled_boundaries_exact
Tests/Platform/Win32WriteFileFullReceipt.lean	522bb6c018dd	191	theorem	matched
Tests/Platform/Win32WriteFileFullReceipt.lean	522bb6c018dd	228	theorem	completed_publication
Tests/Platform/Win32WriteFileFullReceipt.lean	522bb6c018dd	234	theorem	nonempty_prior_is_retained
Tests/Platform/Win32WriteFileProviderCompletion.lean	c1beb99a1282	23	theorem	run_facts
Tests/Platform/Win32WriteFileProviderCompletion.lean	c1beb99a1282	154	def	fixtureAction
Tests/Platform/Win32WriteFileProviderCompletion.lean	c1beb99a1282	157	def	fixtureEntered
Tests/Platform/Win32WriteFileProviderCompletion.lean	c1beb99a1282	160	def	fixtureFirstResolved
Tests/Platform/Win32WriteFileProviderCompletion.lean	c1beb99a1282	164	def	fixtureFirstComplete
Tests/Platform/Win32WriteFileProviderCompletion.lean	c1beb99a1282	168	def	fixtureMiddle
Tests/Platform/Win32WriteFileProviderCompletion.lean	c1beb99a1282	172	def	fixtureSecondResolved
Tests/Platform/Win32WriteFileProviderCompletion.lean	c1beb99a1282	176	def	fixtureSecondComplete
Tests/Platform/Win32WriteFileProviderCompletion.lean	c1beb99a1282	180	theorem	fixtureSecondAnswered
Tests/Platform/Win32WriteFileProviderCompletion.lean	c1beb99a1282	186	theorem	fixture_full_write_facts
Tests/Platform/Win32WriteFileProviderOperation.lean	fdc220f3d952	24	def	countBytes
Tests/Platform/Win32WriteFileProviderOperation.lean	fdc220f3d952	28	def	bufferRead
Tests/Platform/Win32WriteFileProviderOperation.lean	fdc220f3d952	43	def	countWrite
Tests/Platform/Win32WriteFileProviderOperation.lean	fdc220f3d952	58	inductive	Operation
Tests/Platform/Win32WriteFileProviderOperation.lean	fdc220f3d952	72	def	operation
Tests/Platform/Win32WriteFileProviderOperation.lean	fdc220f3d952	80	def	policy
Tests/Platform/Win32WriteFileProviderOperation.lean	fdc220f3d952	88	def	action
Tests/Platform/Win32WriteFileProviderOperation.lean	fdc220f3d952	112	def	attemptedAction
Tests/Platform/Win32WriteFileProviderOperation.lean	fdc220f3d952	114	def	attempted
Tests/Platform/Win32WriteFileProviderOperation.lean	fdc220f3d952	117	theorem	fullWrite_exists
Tests/Platform/Win32WriteFileProviderOperation.lean	fdc220f3d952	120	def	reached
Tests/Platform/Win32WriteFileProviderOperation.lean	fdc220f3d952	122	def	preparedAtZero
Tests/Platform/Win32WriteFileProviderOperation.lean	fdc220f3d952	125	def	preparedAtEntry
Tests/Platform/Win32WriteFileProviderOperation.lean	fdc220f3d952	129	def	preparedAfterWrite
Tests/Platform/Win32WriteFileProviderOperation.lean	fdc220f3d952	132	theorem	fullWrite_memory
Tests/Platform/Win32WriteFileProviderOperation.lean	fdc220f3d952	136	theorem	fullWrite_clean
Tests/Platform/Win32WriteFileProviderOperation.lean	fdc220f3d952	138	theorem	fullWrite_count
Tests/Platform/Win32WriteFileProviderOperation.lean	fdc220f3d952	149	theorem	fullWrite_conforms
Tests/Platform/Win32WriteFileProviderOperation.lean	fdc220f3d952	154	def	check
docs/ENDPOINT_INDEX.md	e402a351e23e	26	theorem	is
docs/PLATFORM_ABI.md	f37fbe897a50	96	structure	ConcreteResponsiveStrategy
docs/PLATFORM_ABI.md	f37fbe897a50	102	structure	ResponsivenessBridge
docs/PLATFORM_ABI.md	f37fbe897a50	188	structure	TerminalProtocolLaws
docs/README.md	3ebb335bf01d	79	theorem	and
Grass/Console/Behavior.lean	2f268c825cb6	19	inductive	TerminalCause
Grass/Console/Behavior.lean	2f268c825cb6	27	inductive	Reply
Grass/Console/Behavior.lean	2f268c825cb6	32	def	FinishAllowed
Grass/Console/Behavior.lean	2f268c825cb6	39	def	ReplyAllowed
Grass/Console/Behavior.lean	2f268c825cb6	44	inductive	State
Grass/Console/Behavior.lean	2f268c825cb6	49	inductive	Event
Grass/Console/Behavior.lean	2f268c825cb6	56	inductive	Choice
Grass/Console/Behavior.lean	2f268c825cb6	60	def	system
Grass/Console/Behavior.lean	2f268c825cb6	81	theorem	step_iff
Grass/Console/Behavior.lean	2f268c825cb6	91	def	initial
Grass/Console/Behavior.lean	2f268c825cb6	96	def	advanceHistory
Grass/Console/Behavior.lean	2f268c825cb6	107	def	pendingAt
Grass/Console/Behavior.lean	2f268c825cb6	115	theorem	pendingAt_state
Grass/Console/Behavior.lean	2f268c825cb6	126	def	emittedBytes
Grass/Console/Behavior.lean	2f268c825cb6	131	theorem	emittedBytes_append
Grass/Console/Behavior.lean	2f268c825cb6	139	def	protocol
Grass/Console/Behavior.lean	2f268c825cb6	146	def	boundary
Grass/Console/Behavior.lean	2f268c825cb6	245	def	permanentWaitAt
Grass/Console/Behavior.lean	2f268c825cb6	251	theorem	every_cut_reachable
Grass/Console/Behavior.lean	2f268c825cb6	256	def	wait_at_cut
Grass/Console/Behavior.lean	2f268c825cb6	262	def	rank
Grass/Console/Behavior.lean	2f268c825cb6	266	theorem	step_rank_decreases
Grass/Console/Behavior.lean	2f268c825cb6	284	theorem	finish_possible
Grass/Console/ContractCorrect.lean	eec828819175	7	theorem	observedResponsiveAdequate
Grass/Console/ContractCorrect.lean	eec828819175	18	theorem	observedTerminatesUnderResponsive
Grass/Console/ContractCorrect.lean	eec828819175	34	theorem	lineDemandsCorrect
Grass/Console/ContractCorrect.lean	eec828819175	48	theorem	writeLineContractCorrect
Grass/Console/ObservedBehavior.lean	fa23269571aa	24	structure	Selection
Grass/Console/ObservedBehavior.lean	fa23269571aa	30	def	Selection.publicOutcome
Grass/Console/ObservedBehavior.lean	fa23269571aa	34	inductive	State
Grass/Console/ObservedBehavior.lean	fa23269571aa	39	inductive	Event
Grass/Console/ObservedBehavior.lean	fa23269571aa	44	inductive	Choice
Grass/Console/ObservedBehavior.lean	fa23269571aa	49	def	system
Grass/Console/ObservedBehavior.lean	fa23269571aa	72	def	initial
Grass/Console/ObservedBehavior.lean	fa23269571aa	78	inductive	Request
Grass/Console/ObservedBehavior.lean	fa23269571aa	82	def	protocol
Grass/Console/ObservedBehavior.lean	fa23269571aa	92	def	boundary
Grass/Console/ObservedBehavior.lean	fa23269571aa	255	def	model
Grass/Console/ObservedBehavior.lean	fa23269571aa	281	theorem	advanceStep
Grass/Console/ObservedBehavior.lean	fa23269571aa	288	theorem	reportStep
Grass/Console/ObservedBehavior.lean	fa23269571aa	294	theorem	observeStep
Grass/Console/ObservedBehavior.lean	fa23269571aa	301	def	writingAt
Grass/Console/ObservedBehavior.lean	fa23269571aa	318	theorem	writingAt_state
Grass/Console/ObservedBehavior.lean	fa23269571aa	328	def	writingWait
Grass/Console/ObservedBehavior.lean	fa23269571aa	334	def	reportingAt
Grass/Console/ObservedBehavior.lean	fa23269571aa	341	theorem	reportingAt_state
Grass/Console/ObservedBehavior.lean	fa23269571aa	345	def	observe
Grass/Console/ObservedBehavior.lean	fa23269571aa	351	theorem	observe_terminal
Grass/Console/ObservedBehavior.lean	fa23269571aa	357	def	reportingWait
Grass/Console/ObservedBehavior.lean	fa23269571aa	363	theorem	no_observation_while_writing
Grass/Console/ObservedBehavior.lean	fa23269571aa	374	def	fullCutFailure
Grass/Console/ObservedBehavior.lean	fa23269571aa	379	theorem	reporting_has_component_terminal
Grass/Console/ObservedBehavior.lean	fa23269571aa	398	def	rank
Grass/Console/ObservedBehavior.lean	fa23269571aa	404	theorem	step_rank_decreases
Grass/Console/ObservedBehavior.lean	fa23269571aa	428	theorem	no_descent
Grass/Console/ObservedBehavior.lean	fa23269571aa	438	theorem	no_infinite_continuation
Grass/Console/ObservedBehavior.lean	fa23269571aa	447	theorem	completionAdequate
Grass/Console/ObservedBehavior.lean	fa23269571aa	472	def	committed
Grass/Console/ObservedBehavior.lean	fa23269571aa	478	def	emittedBytes
Grass/Console/ObservedBehavior.lean	fa23269571aa	485	theorem	emittedBytes_append
Grass/Console/ObservedBehavior.lean	fa23269571aa	492	def	Accounts
Grass/Console/ObservedBehavior.lean	fa23269571aa	496	theorem	path_accounting_aux
Grass/Console/ObservedBehavior.lean	fa23269571aa	543	theorem	history_accounting
Grass/Console/ObservedBehavior.lean	fa23269571aa	556	theorem	reporting_step_exact
Grass/Console/ObservedBehavior.lean	fa23269571aa	571	def	observeAt
Grass/Console/ObservedBehavior.lean	fa23269571aa	579	theorem	observeAt_terminal
Grass/Console/ObservedBehavior.lean	fa23269571aa	585	theorem	observeAt_events
Grass/Console/ObservedBehavior.lean	fa23269571aa	590	theorem	observeAt_choices
Grass/Memory/State.lean	f205a460468f	50	theorem	mem_of_findValue
Grass/Memory/State.lean	f205a460468f	66	theorem	mem_of_mem_eraseKey
Grass/Memory/State.lean	f205a460468f	88	theorem	mem_entries_of_lookup
Grass/Memory/State.lean	f205a460468f	98	theorem	about
Grass/Memory/State.lean	f205a460468f	99	theorem	mem_entries_insert
Grass/Memory/State.lean	f205a460468f	109	theorem	mem_entries_erase
Grass/Memory/State.lean	f205a460468f	116	structure	AllocationRecord
Grass/Memory/State.lean	f205a460468f	196	structure	AllocationRecord.Metadata
Grass/Memory/State.lean	f205a460468f	227	def	AllocationRecord.metadata
Grass/Memory/State.lean	f205a460468f	233	def	AllocationRecord.mapping
Grass/Memory/State.lean	f205a460468f	237	structure	MemoryState
Grass/Memory/State.lean	f205a460468f	257	def	empty
Grass/Memory/State.lean	f205a460468f	315	def	RootExtentAgrees
Grass/Memory/State.lean	f205a460468f	339	def	RootIdentityAgrees
Grass/Memory/State.lean	f205a460468f	349	def	grantEntries
Grass/Memory/State.lean	f205a460468f	353	def	grantAt?
Grass/Memory/State.lean	f205a460468f	357	def	backingCapacity?
Grass/Memory/State.lean	f205a460468f	361	def	backingOf?
Grass/Memory/State.lean	f205a460468f	367	def	SharesBytes
Grass/Memory/State.lean	f205a460468f	373	theorem	sharesBytes_refl
Grass/Memory/State.lean	f205a460468f	376	theorem	sharesBytes_symm
Grass/Memory/State.lean	f205a460468f	382	theorem	sharesBytes_trans
Grass/Memory/State.lean	f205a460468f	393	theorem	sharesBytes_of_backing_eq
Grass/Memory/State.lean	f205a460468f	412	def	CurrentEpoch
Grass/Memory/State.lean	f205a460468f	428	def	Live
Grass/Memory/State.lean	f205a460468f	436	theorem	currentEpoch_of_live
Grass/Memory/State.lean	f205a460468f	453	inductive	ResolveFailure
Grass/Memory/State.lean	f205a460468f	469	structure	ResolvedAccess
Grass/Memory/State.lean	f205a460468f	488	def	span
Grass/Memory/State.lean	f205a460468f	494	def	«prefix»
Grass/Memory/State.lean	f205a460468f	503	def	restrict
Grass/Memory/State.lean	f205a460468f	513	theorem	span_contains_of_contains
Grass/Memory/State.lean	f205a460468f	525	theorem	prefix_span
Grass/Memory/State.lean	f205a460468f	533	def	transport
Grass/Memory/State.lean	f205a460468f	544	def	cellAt?
Grass/Memory/State.lean	f205a460468f	552	def	byteAt?
Grass/Memory/State.lean	f205a460468f	557	def	RangeInitialized
Grass/Memory/State.lean	f205a460468f	572	def	resolveAccess?
Grass/Memory/State.lean	f205a460468f	617	theorem	resolveAccess?_eq_deadProvenance
Grass/Memory/State.lean	f205a460468f	634	theorem	resolveAccess?_eq_staleEpoch
Grass/Memory/State.lean	f205a460468f	652	theorem	resolveAccess?_eq_sourceMismatch
Grass/Memory/State.lean	f205a460468f	671	theorem	resolveAccess?_eq_backingNotAllocated
Grass/Memory/State.lean	f205a460468f	700	theorem	resolveAccess?_eq_mappingOutOfBounds
Grass/Memory/State.lean	f205a460468f	735	theorem	resolveAccess?_eq_ok
Grass/Memory/State.lean	f205a460468f	769	def	DedicatedBackings
Grass/Memory/State.lean	f205a460468f	781	theorem	dedicatedBackings_empty
Grass/Memory/State.lean	f205a460468f	784	theorem	mem_allocation_of_findValue
Grass/Memory/State.lean	f205a460468f	800	theorem	mem_allocation_entries_of_lookup
Grass/Memory/State.lean	f205a460468f	808	theorem	DedicatedBackings.backing_ne_of_live_lookup
Grass/Memory/State.lean	f205a460468f	834	def	installBacking?
Grass/Memory/State.lean	f205a460468f	840	theorem	allocations_installBacking?
Grass/Memory/State.lean	f205a460468f	848	theorem	grantEntries_installBacking?
Grass/Memory/State.lean	f205a460468f	859	theorem	DedicatedBackings.installBacking?
Grass/Memory/State.lean	f205a460468f	893	def	grantSpan?
Grass/Memory/State.lean	f205a460468f	899	theorem	grantSpan?_contains_of_same_provenance
Grass/Memory/State.lean	f205a460468f	928	theorem	grantSpan?_eq_ok_transport
Grass/Memory/State.lean	f205a460468f	947	def	grantsOverSpan
Grass/Memory/State.lean	f205a460468f	957	def	grantsOver
Grass/Memory/State.lean	f205a460468f	966	def	loansOver
Grass/Memory/State.lean	f205a460468f	1000	def	AnyGrantOver
Grass/Memory/State.lean	f205a460468f	1008	def	AnyGrantOverResolved
Grass/Memory/State.lean	f205a460468f	1076	def	LoanConflicts
Grass/Memory/State.lean	f205a460468f	1103	def	OwnedBy
Grass/Memory/State.lean	f205a460468f	1113	def	MayLend
Grass/Memory/State.lean	f205a460468f	1134	theorem	not_mayLend_of_unresolved
Grass/Memory/State.lean	f205a460468f	1196	def	issue?
Grass/Memory/State.lean	f205a460468f	1213	theorem	issue?_eq_none_of_wrong_identity
Grass/Memory/State.lean	f205a460468f	1234	theorem	issue?_eq_none_of_nothing_to_lend
Grass/Memory/State.lean	f205a460468f	1261	theorem	mayLend_of_unheld_of_owned
Grass/Memory/State.lean	f205a460468f	1279	theorem	not_mayLend_of_unheld_of_unowned
Grass/Memory/State.lean	f205a460468f	1321	theorem	issue?_eq_none_of_empty
Grass/Memory/State.lean	f205a460468f	1330	theorem	issue?_eq_none_of_not_live
Grass/Memory/State.lean	f205a460468f	1344	theorem	issue?_eq_none_of_not_nested
Grass/Memory/State.lean	f205a460468f	1367	theorem	issue?_eq_none_of_wrong_extent
Grass/Memory/State.lean	f205a460468f	1385	theorem	issue?_eq_none_of_conflict
Grass/Memory/State.lean	f205a460468f	1423	def	returnGrant?
Grass/Memory/State.lean	f205a460468f	1471	def	lowPart
Grass/Memory/State.lean	f205a460468f	1475	def	highPart
Grass/Memory/State.lean	f205a460468f	1483	theorem	parts_differ_only_in_range
Grass/Memory/State.lean	f205a460468f	1497	theorem	lowPart_contained
Grass/Memory/State.lean	f205a460468f	1505	theorem	highPart_contained
Grass/Memory/State.lean	f205a460468f	1514	def	joined
Grass/Memory/State.lean	f205a460468f	1519	theorem	covered_by_part
Grass/Memory/State.lean	f205a460468f	1538	theorem	joined_grantSpan_covers_source
Grass/Memory/State.lean	f205a460468f	1614	theorem	split_grantSpan_covers_part
Grass/Memory/State.lean	f205a460468f	1671	def	splitMap
Grass/Memory/State.lean	f205a460468f	1683	theorem	sharesBytes_grants
Grass/Memory/State.lean	f205a460468f	1691	theorem	live_grants
Grass/Memory/State.lean	f205a460468f	1695	theorem	currentEpoch_grants
Grass/Memory/State.lean	f205a460468f	1715	def	splitGrant?
Grass/Memory/State.lean	f205a460468f	1730	theorem	splitGrant?_eq_none_of_unknown
Grass/Memory/State.lean	f205a460468f	1737	theorem	splitGrant?_eq_none_of_taken
Grass/Memory/State.lean	f205a460468f	1751	theorem	splitGrant?_eq_none_of_same_identity
Grass/Memory/State.lean	f205a460468f	1760	theorem	splitGrant?_eq_none_of_boundary_low
Grass/Memory/State.lean	f205a460468f	1772	theorem	splitGrant?_eq_none_of_boundary_high
Grass/Memory/State.lean	f205a460468f	1785	theorem	splitGrant?_eq
Grass/Memory/State.lean	f205a460468f	1802	theorem	splitGrant?_yields_the_parts
Grass/Memory/State.lean	f205a460468f	1835	theorem	splitGrant?_other
Grass/Memory/State.lean	f205a460468f	1849	def	joinMap
Grass/Memory/State.lean	f205a460468f	1875	def	joinGrants?
Grass/Memory/State.lean	f205a460468f	1890	theorem	joinGrants?_eq_none_of_unknown_low
Grass/Memory/State.lean	f205a460468f	1896	theorem	joinGrants?_eq_none_of_unknown_high
Grass/Memory/State.lean	f205a460468f	1906	theorem	joinGrants?_eq_none_of_taken
Grass/Memory/State.lean	f205a460468f	1919	theorem	joinGrants?_eq_none_of_mismatch
Grass/Memory/State.lean	f205a460468f	1934	theorem	joinGrants?_eq_none_of_not_adjacent
Grass/Memory/State.lean	f205a460468f	1949	theorem	joinGrants?_eq
Grass/Memory/State.lean	f205a460468f	1984	theorem	joinGrants?_resolves_join
Grass/Memory/State.lean	f205a460468f	2007	theorem	joinGrants?_yields_the_join
Grass/Memory/State.lean	f205a460468f	2085	def	transferGrant?
Grass/Memory/State.lean	f205a460468f	2100	theorem	transferGrant?_eq_none_of_not_holder
Grass/Memory/State.lean	f205a460468f	2111	theorem	transferGrant?_eq_none_of_unknown
Grass/Memory/State.lean	f205a460468f	2119	theorem	transferGrant?_eq_none_of_self
Grass/Memory/State.lean	f205a460468f	2130	theorem	transferGrant?_eq
Grass/Memory/State.lean	f205a460468f	2148	theorem	transferGrant?_yields_the_transfer
Grass/Memory/State.lean	f205a460468f	2166	theorem	transferGrant?_was_by_the_holder
Grass/Memory/State.lean	f205a460468f	2183	theorem	transferGrant?_leaves_no_conflict
Grass/Memory/State.lean	f205a460468f	2195	theorem	transferGrant?_other
Grass/Memory/State.lean	f205a460468f	2260	def	applyAuthorityDelta?
Grass/Memory/State.lean	f205a460468f	2276	def	applyAuthorityEffect?
Grass/Memory/State.lean	f205a460468f	2285	theorem	applyAuthorityEffect?_nil
Grass/Memory/State.lean	f205a460468f	2291	theorem	applyAuthorityEffect?_cons
Grass/Memory/State.lean	f205a460468f	2299	theorem	applyAuthorityDelta?_eq_none_of_forged_lender
Grass/Memory/State.lean	f205a460468f	2307	theorem	applyAuthorityDelta?_eq_none_of_stranger_split
Grass/Memory/State.lean	f205a460468f	2316	theorem	applyAuthorityDelta?_eq_none_of_stranger_join
Grass/Memory/State.lean	f205a460468f	2338	theorem	allocations_issue?
Grass/Memory/State.lean	f205a460468f	2349	theorem	allocations_returnGrant?
Grass/Memory/State.lean	f205a460468f	2360	theorem	allocations_splitGrant?
Grass/Memory/State.lean	f205a460468f	2375	theorem	allocations_joinGrants?
Grass/Memory/State.lean	f205a460468f	2394	theorem	allocations_transferGrant?
Grass/Memory/State.lean	f205a460468f	2410	theorem	allocations_applyAuthorityDelta?
Grass/Memory/State.lean	f205a460468f	2440	theorem	allocations_applyAuthorityEffect?
Grass/Memory/State.lean	f205a460468f	2460	theorem	backings_issue?
Grass/Memory/State.lean	f205a460468f	2470	theorem	backings_returnGrant?
Grass/Memory/State.lean	f205a460468f	2480	theorem	backings_splitGrant?
Grass/Memory/State.lean	f205a460468f	2494	theorem	backings_joinGrants?
Grass/Memory/State.lean	f205a460468f	2511	theorem	backings_transferGrant?
Grass/Memory/State.lean	f205a460468f	2528	theorem	backings_applyAuthorityDelta?
Grass/Memory/State.lean	f205a460468f	2555	theorem	backings_applyAuthorityEffect?
Grass/Memory/State.lean	f205a460468f	2576	theorem	dedicatedBackings_applyAuthorityEffect?
Grass/Memory/State.lean	f205a460468f	2587	theorem	grantAt?_eq_lookup
Grass/Memory/State.lean	f205a460468f	2590	theorem	grantEntries_eq
Grass/Memory/State.lean	f205a460468f	2594	theorem	grantAt?_eq_of_grantEntries_eq
Grass/Memory/State.lean	f205a460468f	2600	theorem	grantAt?_issue?_self
Grass/Memory/State.lean	f205a460468f	2627	theorem	grantAt?_issue?_ne
Grass/Memory/State.lean	f205a460468f	2656	theorem	issue?_eq_none_of_reissued
Grass/Memory/State.lean	f205a460468f	2663	theorem	grantAt?_eq_none_of_issue?
Grass/Memory/State.lean	f205a460468f	2672	theorem	grantAt?_returnGrant?_self
Grass/Memory/State.lean	f205a460468f	2685	theorem	grantAt?_returnGrant?_ne
Grass/Memory/State.lean	f205a460468f	2698	theorem	returnGrant?_eq_none_of_stranger
Grass/Memory/State.lean	f205a460468f	2707	theorem	returnGrant?_isSome_of_lender
Grass/Memory/State.lean	f205a460468f	2717	theorem	returnGrant?_eq_none_of_absent
Grass/Memory/State.lean	f205a460468f	2726	def	AuthorizedAtResolved
Grass/Memory/State.lean	f205a460468f	2750	theorem	AuthorizedAtResolved.transport
Grass/Memory/State.lean	f205a460468f	2776	def	GrantedResolved
Grass/Memory/State.lean	f205a460468f	2792	def	AuthorizedAt
Grass/Memory/State.lean	f205a460468f	2804	theorem	not_authorizedAt_of_other_holder
Grass/Memory/State.lean	f205a460468f	2812	theorem	not_authorizedAt_of_insufficient_rights
Grass/Memory/State.lean	f205a460468f	2820	theorem	not_authorizedAt_of_resolve_error
Grass/Memory/State.lean	f205a460468f	2835	def	Granted
Grass/Memory/State.lean	f205a460468f	2848	theorem	granted_iff_grantedResolved_of_resolveAccess?_eq_ok
Grass/Memory/State.lean	f205a460468f	2858	theorem	grantedResolved_of_grantAt
Grass/Memory/State.lean	f205a460468f	2879	theorem	granted_of_grantAt
Grass/Memory/State.lean	f205a460468f	2896	theorem	splitGrant?_preserves_authority
Grass/Memory/State.lean	f205a460468f	2958	theorem	about
Grass/Memory/State.lean	f205a460468f	2960	theorem	splitGrant?_creates_no_authority
Grass/Memory/State.lean	f205a460468f	3042	theorem	joinGrants?_preserves_low_authority
Grass/Memory/State.lean	f205a460468f	3084	theorem	joinGrants?_preserves_high_authority
Grass/Memory/State.lean	f205a460468f	3143	theorem	joinGrants?_creates_no_authority
Grass/Memory/State.lean	f205a460468f	3216	theorem	transferGrant?_grants_the_recipient
Grass/Memory/State.lean	f205a460468f	3259	theorem	transferGrant?_creates_no_authority
Grass/Memory/State.lean	f205a460468f	3297	def	GrantedOfKind
Grass/Memory/State.lean	f205a460468f	3312	theorem	not_granted_empty
Grass/Memory/State.lean	f205a460468f	3326	def	allocationRefused
Grass/Memory/State.lean	f205a460468f	3345	def	allocate?
Grass/Memory/State.lean	f205a460468f	3352	theorem	dedicatedBackings_allocate?
Grass/Memory/State.lean	f205a460468f	3371	def	allocateAll?
Grass/Memory/State.lean	f205a460468f	3377	theorem	allocate?_lookup_self
Grass/Memory/State.lean	f205a460468f	3388	theorem	allocate?_lookup_ne
Grass/Memory/State.lean	f205a460468f	3400	theorem	allocate?_isSome_of_fresh
Grass/Memory/State.lean	f205a460468f	3419	theorem	allocate?_eq_none_of_orphan_grant
Grass/Memory/State.lean	f205a460468f	3435	theorem	allocate?_eq_none_of_outstanding
Grass/Memory/State.lean	f205a460468f	3458	theorem	allocate?_isSome_of_same_record
Grass/Memory/State.lean	f205a460468f	3472	theorem	allocate?_isSome_of_nothing_outstanding
Grass/Memory/State.lean	f205a460468f	3510	theorem	orphanGrantAllocationDoorRegression
Grass/Memory/State.lean	f205a460468f	3592	def	tearDown?
Grass/Memory/State.lean	f205a460468f	3600	theorem	DedicatedBackings.tearDown?
Grass/Memory/State.lean	f205a460468f	3622	theorem	tearDown?_nil
Grass/Memory/State.lean	f205a460468f	3625	theorem	tearDown?_eq_none_of_absent
Grass/Memory/State.lean	f205a460468f	3632	theorem	tearDown?_eq_none_of_outstanding
Grass/Memory/State.lean	f205a460468f	3649	theorem	tearDown?_lookup_of_not_mem
Grass/Memory/State.lean	f205a460468f	3683	theorem	tearDown?_kills_every_name
Grass/Memory/State.lean	f205a460468f	3716	theorem	not_live_of_tearDown?
Grass/Memory/State.lean	f205a460468f	3745	theorem	not_granted_of_tearDown?
Grass/Memory/State.lean	f205a460468f	3766	structure	AccessMetadata
Grass/Memory/State.lean	f205a460468f	3774	def	MetadataAt
Grass/Memory/State.lean	f205a460468f	3780	def	cellAtBacking?
Grass/Memory/State.lean	f205a460468f	3789	def	cellAt?
Grass/Memory/State.lean	f205a460468f	3799	def	byteAt?
Grass/Memory/State.lean	f205a460468f	3803	def	InitializedAt
Grass/Memory/State.lean	f205a460468f	3812	def	RangeInitialized
Grass/Memory/State.lean	f205a460468f	3830	def	AgreesOn
Grass/Memory/State.lean	f205a460468f	3833	theorem	AgreesOn.refl
Grass/Memory/State.lean	f205a460468f	3834	theorem	AgreesOn.symm
Grass/Memory/State.lean	f205a460468f	3836	theorem	AgreesOn.trans
Grass/Memory/State.lean	f205a460468f	3841	theorem	cellAt?_of_maps_eq
Grass/Memory/State.lean	f205a460468f	3850	theorem	cellAt?_applyAuthorityEffect?
Grass/Memory/State.lean	f205a460468f	3858	def	writeResolved
Grass/Memory/State.lean	f205a460468f	3868	def	ResolvedAccess.afterWrite
Grass/Memory/State.lean	f205a460468f	3915	theorem	ResolvedAccess.afterWrite_span
Grass/Memory/State.lean	f205a460468f	3925	theorem	ResolvedAccess.afterWrite_allocation
Grass/Memory/State.lean	f205a460468f	3935	theorem	ResolvedAccess.afterWrite_self_backing
Grass/Memory/State.lean	f205a460468f	3944	theorem	allocations_writeResolved
Grass/Memory/State.lean	f205a460468f	3950	theorem	backings_writeResolved
Grass/Memory/State.lean	f205a460468f	3958	theorem	grantEntries_writeResolved
Grass/Memory/State.lean	f205a460468f	3965	theorem	ResolvedAccess.cellAt?_eq_state
Grass/Memory/State.lean	f205a460468f	3980	theorem	ResolvedAccess.byteAt?_eq_state
Grass/Memory/State.lean	f205a460468f	3990	theorem	ResolvedAccess.rangeInitialized_iff_state
Grass/Memory/State.lean	f205a460468f	4012	theorem	backingCapacity?_writeResolved
Grass/Memory/State.lean	f205a460468f	4029	theorem	metadataAt_writeResolved
Grass/Memory/State.lean	f205a460468f	4040	theorem	DedicatedBackings.writeResolved
Grass/Memory/State.lean	f205a460468f	4052	theorem	rangeInitialized_afterWrite_iff_of_span_disjoint
Grass/Memory/State.lean	f205a460468f	4078	theorem	cellAtBacking?_writeResolved_of_span_disjoint
Grass/Memory/State.lean	f205a460468f	4110	theorem	cellAt?_writeResolved_of_untouched
Grass/Memory/State.lean	f205a460468f	4163	theorem	cellAt?_writeResolved_of_covers
Grass/Memory/State.lean	f205a460468f	4200	theorem	byteAt?_writeResolved_of_covers
Grass/Memory/State.lean	f205a460468f	4213	theorem	initializedAt_writeResolved_of_covers
Grass/Memory/State.lean	f205a460468f	4228	theorem	ResolvedAccess.backing_eq_of_span_backing_eq
Grass/Memory/State.lean	f205a460468f	4242	theorem	ResolvedAccess.afterWrite_backing_of_span_eq
Grass/Memory/State.lean	f205a460468f	4254	theorem	ResolvedAccess.afterWrite_backing_of_span_ne
Grass/Memory/State.lean	f205a460468f	4268	theorem	writeResolved_comm
Grass/Memory/State.lean	f205a460468f	4369	def	addressAt?
Grass/Memory/State.lean	f205a460468f	4388	def	AddressAgrees
Grass/Memory/State.lean	f205a460468f	4406	def	PlacedWithoutWrap
Grass/Memory/State.lean	f205a460468f	4420	theorem	addressAt?_ne_of_disjoint
Grass/Memory/State.lean	f205a460468f	4440	theorem	not_live_of_stale_epoch
Grass/Memory/State.lean	f205a460468f	4449	theorem	not_live_of_dead
Grass/Memory/State.lean	f205a460468f	4485	def	AllocatorLaws
Grass/Memory/State.lean	f205a460468f	4524	theorem	allocatorLaws
Grass/Memory/State.lean	f205a460468f	4560	def	LoanMapLaws
Grass/Memory/State.lean	f205a460468f	4623	theorem	loanMapLaws
Grass/Memory/State.lean	f205a460468f	4652	structure	RaisedFault
Grass/Memory/State.lean	f205a460468f	4670	structure	MachineState
Grass/Memory/State.lean	f205a460468f	4721	def	initial
Grass/Memory/State.lean	f205a460468f	4750	def	FaultsRecognized
Grass/Memory/State.lean	f205a460468f	4758	theorem	faultsRecognized_initial
Grass/Memory/State.lean	f205a460468f	4766	theorem	FaultsRecognized.mono
Grass/Memory/State.lean	f205a460468f	4773	theorem	not_faultsRecognized_of_mem
Grass/Memory/State.lean	f205a460468f	4781	def	KindAgrees
Grass/Memory/State.lean	f205a460468f	4790	def	noteContext
Grass/Memory/State.lean	f205a460468f	4796	theorem	noteContext_memory
Grass/Memory/State.lean	f205a460468f	4800	theorem	kindAgrees_noteContext
Grass/Memory/State.lean	f205a460468f	4804	theorem	not_kindAgrees_noteContext_of_ne
Grass/Memory/State.lean	f205a460468f	4813	def	outstanding
Grass/Memory/State.lean	f205a460468f	4822	theorem	events_wellFormed
Grass/Platform/Win32/LoaderEntry.lean	c4ada6626282	26	structure	RegionIdentity
Grass/Platform/Win32/LoaderEntry.lean	c4ada6626282	33	structure	StackInput
Grass/Platform/Win32/LoaderEntry.lean	c4ada6626282	41	structure	EntryInputs
Grass/Platform/Win32/LoaderEntry.lean	c4ada6626282	52	def	preferredBase
Grass/Platform/Win32/LoaderEntry.lean	c4ada6626282	56	def	assignedRegions
Grass/Platform/Win32/LoaderEntry.lean	c4ada6626282	65	def	installRegions?
Grass/Platform/Win32/LoaderEntry.lean	c4ada6626282	72	theorem	installRegions?_allocation_preserved
Grass/Platform/Win32/LoaderEntry.lean	c4ada6626282	91	theorem	installRegions?_backing_preserved
Grass/Platform/Win32/LoaderEntry.lean	c4ada6626282	110	def	RegionsPresent
Grass/Platform/Win32/LoaderEntry.lean	c4ada6626282	122	def	CpuPlacementValid
Grass/Platform/Win32/LoaderEntry.lean	c4ada6626282	133	def	CpuPlacementsDisjoint
Grass/Platform/Win32/LoaderEntry.lean	c4ada6626282	148	def	PlacementValid
Grass/Platform/Win32/LoaderEntry.lean	c4ada6626282	159	def	StackPlacementValid
Grass/Platform/Win32/LoaderEntry.lean	c4ada6626282	173	def	StackValid
Grass/Platform/Win32/LoaderEntry.lean	c4ada6626282	192	def	EnvironmentValid
Grass/Platform/Win32/LoaderEntry.lean	c4ada6626282	204	def	EntryMapped
Grass/Platform/Win32/LoaderEntry.lean	c4ada6626282	220	def	HistoryFresh
Grass/Platform/Win32/LoaderEntry.lean	c4ada6626282	233	structure	LoadedImage
Grass/Platform/Win32/LoaderEntry.lean	c4ada6626282	249	def	initialize?
Grass/Platform/Win32/LoaderEntry.lean	c4ada6626282	270	def	LoadedImage.initialState
Grass/Platform/Win32/LoaderEntry.lean	c4ada6626282	279	theorem	LoadedImage.environment_frame
Grass/Platform/Win32/LoaderEntry.lean	c4ada6626282	285	theorem	LoadedImage.cellAt?
Grass/Platform/Win32/LoaderEntry.lean	c4ada6626282	294	theorem	LoadedImage.entryRip_exact
Grass/Platform/Win32/LoaderEntry.lean	c4ada6626282	305	theorem	LoadedImage.regionPlacement_exact
Grass/Platform/Win32/LoaderEntry.lean	c4ada6626282	325	theorem	ImageInput.read_exact
Grass/Platform/Win32/RawAgencyProfile.lean	32a52ac2c4b6	17	def	helloExternalChoice
Grass/Platform/Win32/RawAgencyProfile.lean	32a52ac2c4b6	24	theorem	RawStep.pending_external
Grass/Platform/Win32/RawAgencyProfile.lean	32a52ac2c4b6	59	theorem	cpu_not_external
Grass/Platform/Win32/WriteFileReturn.lean	ecd185e28e0e	14	def	History.providerEvents
Grass/Platform/Win32/WriteFileReturn.lean	ecd185e28e0e	24	theorem	CausalEvidence.suffix
Grass/Platform/Win32/WriteFileReturn.lean	ecd185e28e0e	34	theorem	History.events_eq
Grass/Platform/Win32/WriteFileReturn.lean	ecd185e28e0e	51	abbrev	ReturnInterpretation
Grass/Platform/Win32/WriteFileReturn.lean	ecd185e28e0e	55	structure	ReturnCausality
Grass/Platform/Win32/WriteFileReturn.lean	ecd185e28e0e	69	structure	MatchedReturn
Grass/Platform/Win32/WriteFileReturn.lean	ecd185e28e0e	84	theorem	MatchedReturn.on_history
Grass/Platform/Win32/WriteFileReturn.lean	ecd185e28e0e	104	theorem	MatchedReturn.effects
Grass/Platform/Win32/WriteFileReturn.lean	ecd185e28e0e	114	theorem	MatchedReturn.conforms_after
Grass/Platform/Win32/WriteFileReturn.lean	ecd185e28e0e	126	theorem	MatchedReturn.consumed
Grass/Platform/Win32/WriteFileReturn.lean	ecd185e28e0e	141	abbrev	CallerInterpretation
Grass/Platform/Win32/WriteFileReturn.lean	ecd185e28e0e	147	structure	CallerContinuation
Grass/Refinement/Console/WriteWaiting.lean	0f9bebeb03e4	23	def	protocol
Grass/Refinement/Console/WriteWaiting.lean	0f9bebeb03e4	30	def	boundary
Grass/Refinement/Console/WriteWaiting.lean	0f9bebeb03e4	114	def	waitOfHeld
Grass/Refinement/Console/WriteWaiting.lean	0f9bebeb03e4	121	theorem	wait_occurrence_exact
Grass/Refinement/Console/WriteWaiting.lean	0f9bebeb03e4	134	theorem	wait_prefix
Grass/Refinement/Console/WriteWaiting.lean	0f9bebeb03e4	142	theorem	wait_no_internal_step
Grass/Refinement/Console/WriteWaiting.lean	0f9bebeb03e4	153	def	initialHistory
Grass/Refinement/Console/WriteWaiting.lean	0f9bebeb03e4	157	def	stdoutOccurrence
Grass/Refinement/Console/WriteWaiting.lean	0f9bebeb03e4	164	theorem	stdout_held
Grass/Refinement/Console/WriteWaiting.lean	0f9bebeb03e4	168	def	readyHistory
Grass/Refinement/Console/WriteWaiting.lean	0f9bebeb03e4	174	def	writeOccurrence
Grass/Refinement/Console/WriteWaiting.lean	0f9bebeb03e4	181	theorem	write_held
Grass/Refinement/Console/WriteWaiting.lean	0f9bebeb03e4	190	def	waitingAtWrite
Tests/Frontend/WriteFilePrefix.lean.in	96a1c48864f1	38	abbrev	system
Tests/Frontend/WriteFilePrefix.lean.in	96a1c48864f1	48	def	advanceTo
Tests/Frontend/WriteFilePrefix.lean.in	96a1c48864f1	91	abbrev	Result
Tests/Frontend/WriteFilePrefix.lean.in	96a1c48864f1	102	def	inspected
Tests/Frontend/WriteFilePrefix.lean.in	96a1c48864f1	254	def	report
Tests/Frontend/WriteFilePrefix.lean.in	96a1c48864f1	258	def	run
Tests/ISA/X86/LedgerAudit.lean	6b12693ec1cc	213	def	auditedModules
Tests/ISA/X86/LedgerAudit.lean	6b12693ec1cc	382	def	owedBaseline
Tests/ISA/X86/LedgerAudit.lean	6b12693ec1cc	449	def	notBehaviourBaseline
Tests/ISA/X86/LedgerAudit.lean	6b12693ec1cc	461	def	structuralClasses
Tests/ISA/X86/LedgerAudit.lean	6b12693ec1cc	492	def	notModelling
Tests/ISA/X86/LedgerAudit.lean	6b12693ec1cc	506	def	modulesOnDisk
Tests/ISA/X86/LedgerAudit.lean	6b12693ec1cc	518	def	generatedSuffixes
Tests/ISA/X86/LedgerAudit.lean	6b12693ec1cc	535	def	userFacing
Tests/ISA/X86/LedgerAudit.lean	6b12693ec1cc	563	def	isGenerated
Tests/ISA/X86/LedgerAudit.lean	6b12693ec1cc	590	def	notBehaviour
Tests/ISA/X86/LedgerAudit.lean	6b12693ec1cc	1070	def	owed
Tests/ISA/X86/LedgerAudit.lean	6b12693ec1cc	1446	def	modeledDeclarations
Tests/ISA/X86/LedgerAudit.lean	6b12693ec1cc	1492	def	subjectAnchor
Tests/ISA/X86/LedgerAudit.lean	6b12693ec1cc	1502	def	anchorFault
Tests/ISA/X86/LedgerAudit.lean	6b12693ec1cc	1511	def	accountedBy
Tests/ISA/X86/LedgerAudit.lean	6b12693ec1cc	1522	def	basisUnconfirmed
Tests/Memory/Spike1Block.lean	8138f3739f18	60	def	backings
Tests/Memory/Spike1Block.lean	8138f3739f18	61	def	stackBacking
Tests/Memory/Spike1Block.lean	8138f3739f18	62	def	imageBacking
Tests/Memory/Spike1Block.lean	8138f3739f18	64	def	stackBackingRecord
Tests/Memory/Spike1Block.lean	8138f3739f18	65	def	imageBackingRecord
Tests/Memory/Spike1Block.lean	8138f3739f18	72	def	stackRecord
Tests/Memory/Spike1Block.lean	8138f3739f18	80	def	imageRecord
Tests/Memory/Spike1Block.lean	8138f3739f18	87	def	state₀?
Tests/Memory/Spike1Block.lean	8138f3739f18	92	def	state₀
Tests/Memory/Spike1Block.lean	8138f3739f18	95	theorem	the_allocations_succeed
Tests/Memory/Spike1Block.lean	8138f3739f18	105	def	transferredWrite
Tests/Memory/Spike1Block.lean	8138f3739f18	110	def	fifthArgumentWrite
Tests/Memory/Spike1Block.lean	8138f3739f18	115	def	importRead
Tests/Memory/Spike1Block.lean	8138f3739f18	119	def	returnAddressWrite
Tests/Memory/Spike1Block.lean	8138f3739f18	124	def	transferredRead
Tests/Memory/Spike1Block.lean	8138f3739f18	129	def	zeros
Tests/Memory/Spike1Block.lean	8138f3739f18	133	def	returnAddress
Tests/Memory/Spike1Block.lean	8138f3739f18	155	def	agentWrite
Tests/Memory/Spike1Block.lean	8138f3739f18	161	def	transferredCount
Tests/Memory/Spike1Block.lean	8138f3739f18	164	def	betweenStoreAndReload
Tests/Memory/Spike1Block.lean	8138f3739f18	175	def	stateAfterFifthArgument
Tests/Memory/Spike1Block.lean	8138f3739f18	179	def	stackRecordAfterFifthArgument
Tests/Memory/Spike1Block.lean	8138f3739f18	182	theorem	stack_record_after_fifth_argument_present
Tests/Memory/Spike1Block.lean	8138f3739f18	186	def	stateAtCall
Tests/Memory/Spike1Block.lean	8138f3739f18	191	theorem	stateAtCall_eq
Tests/Memory/Spike1Block.lean	8138f3739f18	203	def	stateAtReload
Tests/Memory/Spike1Block.lean	8138f3739f18	210	theorem	the_fifth_argument_write_is_not_refused
Tests/Memory/Spike1Block.lean	8138f3739f18	213	theorem	the_store_is_not_refused
Tests/Memory/Spike1Block.lean	8138f3739f18	220	theorem	nothing_between_touches_the_slot
Tests/Memory/Spike1Block.lean	8138f3739f18	226	theorem	the_slot_is_inside_the_store
Tests/Memory/Spike1Block.lean	8138f3739f18	240	theorem	the_slot_survives_the_call
Tests/Memory/Spike1Block.lean	8138f3739f18	268	theorem	the_reload_observes_the_agents_count
Tests/Memory/Spike1Block.lean	8138f3739f18	278	theorem	the_agents_count_is_not_the_stored_zero
Tests/Memory/Spike1Block.lean	8138f3739f18	285	theorem	the_agent_write_is_not_refused
Tests/Memory/Spike1Block.lean	8138f3739f18	294	theorem	the_reload_is_not_refused
Tests/Memory/Spike1Block.lean	8138f3739f18	303	theorem	the_initialization_came_from_the_agent
Tests/Memory/Spike1Block.lean	8138f3739f18	314	theorem	the_reload_before_the_store_is_refused
Tests/Memory/Spike1Policy.lean	6130404da83a	56	def	vocabulary
Tests/Memory/Spike1Policy.lean	6130404da83a	79	def	profile
Tests/Memory/Spike1Policy.lean	6130404da83a	94	def	storedBytes
Tests/Memory/Spike1Policy.lean	6130404da83a	100	def	indeterminateByte
Tests/Memory/Spike1Policy.lean	6130404da83a	105	def	policy
Tests/Memory/Spike1Policy.lean	6130404da83a	120	inductive	Op
Tests/Memory/Spike1Policy.lean	6130404da83a	190	def	machine₀
Tests/Memory/Spike1Policy.lean	6130404da83a	193	def	stepThread
Tests/Memory/Spike1Policy.lean	6130404da83a	209	theorem	the_ud2_faults
Tests/Memory/Spike1Policy.lean	6130404da83a	221	theorem	the_ud2_without_a_plan_does_not_fault
Tests/Memory/Spike1Policy.lean	6130404da83a	246	theorem	the_spike_lend_runs
Tests/Memory/Spike1Policy.lean	6130404da83a	271	theorem	the_loan_is_issued_to_a_context_not_yet_seen
Tests/Memory/Spike1Policy.lean	6130404da83a	287	theorem	the_reload_is_refused_by_the_loan_rule
Tests/Memory/Spike1Policy.lean	6130404da83a	301	theorem	without_the_lend_the_reload_commits
Tests/Memory/Spike1Policy.lean	6130404da83a	323	theorem	the_conforming_return_unblocks_the_reload
Tests/Memory/Spike1Policy.lean	6130404da83a	339	theorem	the_store_steps
Tests/Memory/Spike1Policy.lean	6130404da83a	347	theorem	the_fifth_argument_store_steps
Tests/Memory/Spike1Policy.lean	6130404da83a	355	theorem	the_push_steps
Tests/Memory/Spike1Policy.lean	6130404da83a	365	theorem	the_call_steps
Tests/Memory/Spike1Policy.lean	6130404da83a	375	theorem	the_effectless_operations_step
Tests/Memory/Spike1Policy.lean	6130404da83a	384	theorem	the_reload_before_the_store_is_refused
Tests/Memory/Spike1Policy.lean	6130404da83a	393	theorem	the_reload_after_the_store_steps
Tests/Memory/Spike1Policy.lean	6130404da83a	407	def	agentOperation
Tests/Memory/Spike1Policy.lean	6130404da83a	433	theorem	the_agent_write_is_refused
Tests/Memory/Spike1Policy.lean	6130404da83a	450	theorem	the_agent_step_runs
Tests/Platform/Win32WriteFile.lean	fa1b38eef902	10	def	plan
Tests/Platform/Win32WriteFile.lean	fa1b38eef902	12	def	bytes
Tests/Platform/Win32WriteFile.lean	fa1b38eef902	14	def	fixtureBackings
Tests/Platform/Win32WriteFile.lean	fa1b38eef902	15	def	fixtureBacking
Tests/Platform/Win32WriteFile.lean	fa1b38eef902	16	def	fixtureBackingRecord
Tests/Platform/Win32WriteFile.lean	fa1b38eef902	19	def	allocation
Tests/Platform/Win32WriteFile.lean	fa1b38eef902	23	def	installed?
Tests/Platform/Win32WriteFile.lean	fa1b38eef902	26	def	installed
Tests/Platform/Win32WriteFile.lean	fa1b38eef902	28	def	memory?
Tests/Platform/Win32WriteFile.lean	fa1b38eef902	30	def	memory
Tests/Platform/Win32WriteFile.lean	fa1b38eef902	32	theorem	installed_setup_succeeds
Tests/Platform/Win32WriteFile.lean	fa1b38eef902	33	theorem	memory_setup_succeeds
Tests/Platform/Win32WriteFile.lean	fa1b38eef902	35	theorem	installed_from_door
Tests/Platform/Win32WriteFile.lean	fa1b38eef902	39	theorem	memory_from_door
Tests/Platform/Win32WriteFile.lean	fa1b38eef902	41	def	request
Tests/Platform/Win32WriteFile.lean	fa1b38eef902	46	theorem	lookup_exact
Tests/Platform/Win32WriteFile.lean	fa1b38eef902	56	def	resolved
Tests/Platform/Win32WriteFile.lean	fa1b38eef902	78	def	prepared
Tests/Platform/Win32WriteFile.lean	fa1b38eef902	101	def	initial
Tests/Platform/Win32WriteFile.lean	fa1b38eef902	104	def	handed
Tests/Platform/Win32WriteFile.lean	fa1b38eef902	106	theorem	handoff_exists
Tests/Platform/Win32WriteFile.lean	fa1b38eef902	108	def	call
Tests/Platform/Win32WriteFile.lean	fa1b38eef902	109	def	pending
Tests/Platform/Win32WriteFile.lean	fa1b38eef902	110	def	record
Tests/Platform/Win32WriteFile.lean	fa1b38eef902	113	def	initialPrefix
Tests/Platform/Win32WriteFile.lean	fa1b38eef902	121	def	noEffects
Tests/Platform/Win32WriteFile.lean	fa1b38eef902	126	theorem	noEffects_valid
Tests/Platform/Win32WriteFile.lean	fa1b38eef902	131	theorem	handoffCausality
Tests/Platform/Win32WriteFile.lean	fa1b38eef902	138	def	startHistory
Tests/Platform/Win32WriteFile.lean	fa1b38eef902	141	theorem	initial_output_empty
Tests/Platform/Win32WriteFile.lean	fa1b38eef902	143	def	quietAction
Tests/Platform/Win32WriteFile.lean	fa1b38eef902	150	def	quietResult
Tests/Platform/Win32WriteFile.lean	fa1b38eef902	152	def	quietState
Tests/Platform/Win32WriteFile.lean	fa1b38eef902	153	def	quietPrefix
Tests/Platform/Win32WriteFile.lean	fa1b38eef902	162	theorem	quietStep
Tests/Platform/Win32WriteFile.lean	fa1b38eef902	182	def	quietHistory
Tests/Platform/Win32WriteFile.lean	fa1b38eef902	185	theorem	missing_entry_edge_rejected
Tests/Platform/Win32WriteFile.lean	fa1b38eef902	191	theorem	wrong_occurrence_dispatch_rejected
Tests/Platform/Win32WriteFile.lean	fa1b38eef902	196	theorem	quiet_history_output
Tests/Platform/Win32WriteFile.lean	fa1b38eef902	199	theorem	cyclic_initial_graph_rejected
Tests/Platform/Win32WriteFile.lean	fa1b38eef902	204	theorem	missing_loan_rejected
Tests/Platform/Win32WriteFile.lean	fa1b38eef902	211	theorem	invented_accepted_start_rejected
Tests/Platform/Win32WriteFile.lean	fa1b38eef902	215	theorem	wrong_call_rejected
Tests/Platform/Win32WriteFile.lean	fa1b38eef902	221	theorem	initialized_bytes_match
Tests/Platform/Win32WriteFile.lean	fa1b38eef902	223	theorem	uninitialized_input_rejected
Tests/Platform/Win32WriteFile.lean	fa1b38eef902	226	theorem	substituted_bytes_rejected
Tests/Platform/Win32WriteFile.lean	fa1b38eef902	229	theorem	overlapping_slot_rejected
Tests/Platform/Win32WriteFile.lean	fa1b38eef902	233	theorem	first_chunk
Tests/Platform/Win32WriteFile.lean	fa1b38eef902	235	theorem	next_chunk
Tests/Platform/Win32WriteFile.lean	fa1b38eef902	237	theorem	zero_progress
Tests/Platform/Win32WriteFile.lean	fa1b38eef902	239	theorem	duplicated_prefix_rejected
Tests/Platform/Win32WriteFile.lean	fa1b38eef902	243	theorem	excess_publication_rejected
Tests/Platform/Win32WriteFile.lean	fa1b38eef902	247	theorem	backwards_publication_rejected
Tests/Platform/Win32WriteFile.lean	fa1b38eef902	253	theorem	universal_order_rejected
Tests/Platform/Win32WriteFile.lean	fa1b38eef902	260	def	countWrite
Tests/Platform/Win32WriteFile.lean	fa1b38eef902	264	inductive	CountOp
Tests/Platform/Win32WriteFile.lean	fa1b38eef902	274	def	zeroPolicy
Tests/Platform/Win32WriteFile.lean	fa1b38eef902	278	def	zeroedOutcome
Tests/Platform/Win32WriteFile.lean	fa1b38eef902	280	def	zeroedMachine
Tests/Platform/Win32WriteFile.lean	fa1b38eef902	281	def	zeroed
Tests/Platform/Win32WriteFile.lean	fa1b38eef902	283	def	handedAfterZero
Tests/Platform/Win32WriteFile.lean	fa1b38eef902	284	def	afterZero
Tests/Platform/Win32WriteFile.lean	fa1b38eef902	285	def	denied
Tests/Platform/Win32WriteFile.lean	fa1b38eef902	288	theorem	caller_zero_clean
Tests/Platform/Win32WriteFile.lean	fa1b38eef902	289	theorem	provider_step_some_but_denied
Tests/Platform/Win32WriteFile.lean	fa1b38eef902	293	theorem	provider_denial_is_the_ordering_blocker
Tests/Platform/Win32WriteFile.lean	fa1b38eef902	297	theorem	denied_not_a_prefix
docs/ENDPOINT_INDEX.md	0503bbc0cdd8	26	theorem	is
docs/RAW_PHASE_PRESERVATION.md	f4888bdbab14	54	theorem	derives
